province,crop_type,soil_type,season_rainfall_mm,avg_temp_c,soil_moisture_pct,irrigation_mm,fertilizer_kg_ha,pest_pressure_index,farm_size_ha,yield_tons_per_ha
North West,Maize,Clay,647.2,27.3,34.1,246.3,166.0,3.95,9.1,6.39
Limpopo,Soybean,Sandy,672.5,16.7,33.0,63.7,154.3,0.25,1.2,3.04
KwaZulu-Natal,Sunflower,Sandy,506.0,21.9,30.9,108.8,185.7,1.74,44.8,1.87
KwaZulu-Natal,Wheat,Sandy,673.4,17.7,26.9,13.7,192.5,2.38,2.3,4.05
North West,Maize,Loam,398.6,16.5,19.1,12.3,226.4,1.06,108.4,6.17
Free State,Soybean,Sandy Loam,704.6,25.3,36.9,146.5,129.6,3.84,32.7,3.78
KwaZulu-Natal,Sunflower,Sandy,599.0,21.7,36.4,57.6,208.1,1.56,5.6,2.61
Free State,Soybean,Sandy,685.5,22.1,29.9,56.9,147.9,4.17,41.3,2.91
Free State,Maize,Loam,327.6,21.2,16.8,58.1,237.8,1.97,1.0,6.15
Limpopo,Maize,Clay,550.8,21.2,27.9,92.6,95.1,1.18,11.3,5.04
Free State,Wheat,Sandy Loam,672.7,18.3,39.0,114.8,134.5,1.9,18.9,4.01
Mpumalanga,Soybean,Loam,665.1,18.0,40.1,55.9,133.5,3.67,45.1,4.54
North West,Sunflower,Loam,668.5,23.5,33.0,191.0,114.2,2.76,28.2,2.26
Free State,Maize,Loam,672.0,17.7,43.2,0.0,193.6,3.99,32.4,7.71
KwaZulu-Natal,Soybean,Sandy Loam,688.1,21.2,43.0,0.0,219.2,4.08,129.9,3.06
North West,Maize,Sandy Loam,437.3,18.0,30.2,154.0,226.2,3.85,7.0,5.8
Limpopo,Sunflower,Loam,528.9,25.1,22.1,188.0,258.0,1.28,1.1,3.44
North West,Soybean,Loam,531.4,24.6,32.9,203.6,152.9,1.69,29.8,3.49
Mpumalanga,Soybean,Clay,708.6,22.2,44.0,43.3,232.3,3.74,61.1,3.97
Mpumalanga,Sunflower,Sandy,372.5,23.7,16.9,125.5,170.1,2.68,100.2,2.15
Mpumalanga,Wheat,Loam,603.2,15.4,30.3,216.8,238.0,1.22,3.6,5.09
Mpumalanga,Soybean,Loam,707.2,19.8,30.2,58.3,153.3,5.13,31.3,3.64
Limpopo,Maize,Sandy,868.3,25.6,44.9,221.4,88.8,1.51,16.9,7.92
North West,Maize,Loam,250.8,17.4,20.3,109.7,272.6,1.13,4.4,5.97
Mpumalanga,Maize,Sandy Loam,647.1,22.4,41.7,70.8,66.2,5.36,58.9,6.35
North West,Maize,Sandy,468.2,17.6,23.4,218.4,186.6,1.27,17.1,5.92
Mpumalanga,Maize,Loam,684.9,23.1,40.5,53.7,228.8,3.04,10.4,7.35
Limpopo,Soybean,Sandy,721.7,25.0,32.7,93.9,142.4,7.04,79.6,2.89
KwaZulu-Natal,Soybean,Sandy,598.6,21.5,35.6,54.5,185.8,4.02,39.2,2.43
Free State,Sunflower,Sandy,598.7,27.9,35.1,124.4,233.3,2.77,4.0,2.0
Limpopo,Maize,Loam,723.2,20.3,46.2,0.0,140.1,4.51,15.8,6.95
Mpumalanga,Soybean,Sandy Loam,647.1,23.9,41.0,76.8,230.4,0.68,40.5,3.94
Limpopo,Soybean,Sandy,583.6,22.0,28.0,122.0,185.9,3.38,21.9,3.72
Free State,Sunflower,Sandy Loam,418.7,21.2,20.4,23.3,120.8,5.41,15.1,0.93
Free State,Maize,Sandy,809.2,16.8,42.1,254.8,141.2,0.81,37.6,7.4
Mpumalanga,Soybean,Clay,594.3,18.2,32.0,142.1,200.5,4.36,50.0,3.16
Free State,Maize,Clay,597.9,22.7,35.6,68.5,275.8,4.92,5.8,5.93
Free State,Maize,Sandy Loam,319.9,26.5,13.7,244.1,199.9,2.3,52.3,6.14
Free State,Maize,Sandy Loam,158.7,19.7,14.7,136.2,215.6,1.8,32.4,5.4
Free State,Wheat,Sandy,477.0,26.7,27.7,118.8,238.9,3.06,10.0,3.31
KwaZulu-Natal,Sunflower,Sandy Loam,622.8,14.8,28.5,248.9,320.5,1.68,18.1,4.52
Mpumalanga,Maize,Loam,642.4,20.1,28.5,124.1,103.2,1.25,10.0,7.37
KwaZulu-Natal,Maize,Loam,627.2,26.2,31.1,61.1,231.1,3.35,11.5,6.64
Mpumalanga,Maize,Loam,636.5,23.1,40.3,109.8,364.7,1.53,1.0,8.09
Free State,Maize,Clay,561.3,18.9,24.6,0.0,137.8,0.78,20.4,5.53
Free State,Soybean,Clay,321.5,18.0,21.7,119.1,193.6,0.69,47.6,2.05
Free State,Sunflower,Clay,174.6,24.4,9.1,139.0,203.4,2.28,20.3,1.2
Mpumalanga,Sunflower,Sandy,450.6,24.0,15.6,0.0,134.2,3.85,4.2,1.59
North West,Maize,Clay,290.6,26.3,6.1,8.0,304.0,1.28,2.8,4.65
Limpopo,Wheat,Sandy Loam,575.5,22.3,39.3,110.4,209.3,2.84,42.1,4.14
KwaZulu-Natal,Wheat,Loam,508.9,24.1,31.9,261.8,282.6,1.38,21.5,6.04
Free State,Maize,Clay,674.4,14.3,40.6,1.7,194.1,3.42,56.1,6.72
North West,Maize,Loam,674.2,25.5,38.7,172.7,150.2,1.36,11.9,8.06
Limpopo,Soybean,Sandy Loam,743.0,20.4,37.8,197.1,154.4,3.27,10.6,5.07
KwaZulu-Natal,Wheat,Loam,373.3,19.6,17.3,181.0,79.2,2.79,22.5,3.34
North West,Soybean,Sandy Loam,622.2,22.8,36.3,270.6,132.6,4.0,15.0,3.95
Limpopo,Maize,Loam,930.8,23.8,50.1,205.7,144.7,2.22,63.1,8.77
Mpumalanga,Sunflower,Loam,676.1,21.9,37.3,104.7,153.4,1.98,6.2,2.89
Mpumalanga,Maize,Sandy,509.7,18.1,28.1,121.1,334.4,2.33,1.0,5.93
KwaZulu-Natal,Wheat,Sandy,511.8,27.3,33.4,219.7,20.9,0.26,11.7,3.08
Mpumalanga,Sunflower,Loam,762.2,22.4,46.7,0.0,164.6,1.31,21.1,3.26
KwaZulu-Natal,Maize,Sandy Loam,497.4,21.2,22.4,138.8,228.8,3.68,56.7,6.59
Mpumalanga,Sunflower,Sandy,598.9,17.6,31.7,78.2,235.4,2.67,24.5,1.92
Free State,Wheat,Sandy,581.7,21.7,33.7,117.0,147.3,4.19,7.8,3.76
Mpumalanga,Maize,Sandy,456.6,20.5,25.4,0.0,102.7,2.27,1.0,4.47
Limpopo,Sunflower,Sandy,686.7,18.8,30.8,340.9,222.7,1.26,10.9,3.53
KwaZulu-Natal,Maize,Clay,572.1,21.2,30.6,179.8,229.5,3.89,16.5,6.3
Mpumalanga,Soybean,Clay,641.1,16.7,31.7,0.0,179.7,3.71,14.3,3.77
KwaZulu-Natal,Sunflower,Loam,644.9,25.4,27.3,61.8,217.3,3.08,51.6,2.96
Limpopo,Maize,Clay,675.7,26.8,42.0,131.6,261.3,2.77,3.2,7.88
Free State,Sunflower,Sandy Loam,520.6,18.6,32.4,114.6,219.4,0.91,20.6,3.37
Limpopo,Wheat,Clay,393.6,26.5,22.1,153.0,164.3,0.24,23.9,2.95
Mpumalanga,Sunflower,Clay,562.3,25.7,37.7,303.9,149.0,3.29,6.8,2.24
KwaZulu-Natal,Maize,Loam,667.9,20.4,44.5,156.8,220.0,2.11,78.3,7.76
Limpopo,Maize,Sandy,525.1,19.1,25.3,213.4,318.6,5.26,5.2,5.64
KwaZulu-Natal,Soybean,Loam,627.3,26.2,,170.5,185.8,3.62,1.0,3.92
North West,Wheat,Sandy,458.1,20.6,26.7,172.7,197.2,7.05,32.1,2.37
Mpumalanga,Wheat,Loam,686.1,22.1,41.5,208.3,291.9,1.75,4.3,5.83
Free State,Maize,Clay,597.7,19.8,31.8,116.7,191.7,2.86,20.3,6.21
Limpopo,Maize,Sandy Loam,578.7,22.2,35.3,171.6,98.4,4.99,82.4,6.1
North West,Soybean,Clay,576.3,23.4,29.4,91.0,168.8,1.74,51.3,2.79
Limpopo,Soybean,Sandy Loam,715.6,28.0,38.2,84.1,142.3,3.99,2.7,3.19
Free State,Sunflower,Clay,647.3,25.5,41.9,102.2,247.3,0.49,8.0,2.86
KwaZulu-Natal,Sunflower,Sandy,724.5,18.7,42.7,152.2,133.2,1.63,5.7,2.27
Limpopo,Maize,Sandy Loam,635.5,23.6,41.3,135.7,218.6,4.37,28.9,6.98
North West,Maize,Loam,463.9,20.4,31.1,3.7,100.4,3.15,91.9,6.2
Free State,Maize,Sandy Loam,741.2,18.6,40.4,27.3,177.1,3.57,9.9,6.88
Limpopo,Wheat,Sandy,555.6,20.4,33.5,41.7,244.5,2.65,22.6,4.04
Free State,Wheat,Sandy Loam,778.6,23.4,39.6,207.1,220.9,1.81,25.8,6.17
KwaZulu-Natal,Wheat,Loam,579.7,28.1,43.5,86.1,244.5,3.75,14.2,4.56
KwaZulu-Natal,Sunflower,Sandy Loam,250.4,24.1,12.4,0.0,118.6,2.33,10.6,0.64
Limpopo,Wheat,Sandy Loam,850.3,27.3,49.4,210.7,278.4,1.56,6.7,5.84
Mpumalanga,Soybean,Loam,758.2,21.9,,90.4,250.4,7.0,4.5,4.49
Mpumalanga,Sunflower,Sandy,537.0,22.1,21.2,243.7,174.4,1.75,10.0,3.39
Free State,Maize,Sandy,461.5,24.3,21.0,161.7,96.5,2.49,41.0,5.12
North West,Sunflower,Sandy,585.8,20.9,32.7,81.8,152.9,1.8,22.0,1.97
Mpumalanga,Soybean,Clay,792.4,25.2,48.2,0.0,200.8,5.32,9.2,3.4
Mpumalanga,Maize,Sandy,646.6,19.5,39.3,22.5,209.0,2.07,44.4,5.99
KwaZulu-Natal,Soybean,Sandy,626.1,25.9,37.3,28.6,251.2,5.88,186.0,3.29
Free State,Maize,Sandy,512.1,19.9,34.1,175.5,160.4,1.66,9.5,5.32
Free State,Maize,Clay,692.2,26.7,27.7,205.7,275.2,4.25,1.0,6.75
Mpumalanga,Wheat,Loam,596.8,33.0,24.4,133.7,182.0,0.19,31.4,4.43
KwaZulu-Natal,Sunflower,Sandy Loam,563.0,24.7,31.2,115.0,196.9,1.48,8.4,3.22
KwaZulu-Natal,Soybean,Sandy Loam,457.4,22.9,26.5,114.7,151.2,1.6,40.2,2.87
Free State,Wheat,Sandy,415.7,26.9,19.8,125.1,175.5,2.82,53.9,2.61
Mpumalanga,Soybean,Loam,450.6,24.6,26.2,240.8,164.8,1.83,27.8,3.91
Mpumalanga,Maize,Clay,652.2,17.8,38.7,153.1,198.6,2.12,23.4,6.25
Limpopo,Maize,Sandy,590.2,23.1,34.3,58.2,179.9,1.57,118.5,5.8
Limpopo,Wheat,Sandy Loam,794.3,20.0,40.1,22.1,119.1,2.98,6.7,4.88
Mpumalanga,Sunflower,Loam,566.3,21.1,23.4,13.6,87.7,2.17,2.3,2.29
Free State,Sunflower,Sandy Loam,606.7,16.6,21.4,80.1,70.7,1.01,7.4,2.61
Limpopo,Soybean,Sandy Loam,600.3,24.5,28.8,13.5,237.4,0.34,22.9,4.2
KwaZulu-Natal,Sunflower,Loam,554.7,15.0,17.7,122.3,253.1,4.62,32.0,2.78
Free State,Sunflower,Sandy,482.5,24.5,22.7,330.3,187.2,5.43,44.2,2.52
Free State,Maize,Sandy,532.7,21.8,21.1,122.9,116.9,3.53,8.1,5.01
KwaZulu-Natal,Sunflower,Clay,515.4,17.3,27.7,1.6,196.7,2.16,4.7,1.87
North West,Maize,Sandy Loam,465.9,17.5,21.8,63.9,217.6,4.01,39.3,6.49
KwaZulu-Natal,Sunflower,Clay,391.1,26.2,25.7,181.0,161.0,2.36,7.5,1.93
Limpopo,Maize,Sandy,608.8,21.9,33.8,42.2,214.8,4.14,4.1,5.9
KwaZulu-Natal,Maize,Sandy,420.6,18.9,24.4,136.6,43.4,5.16,46.0,4.68
Mpumalanga,Soybean,Clay,459.1,16.7,24.4,198.1,163.5,2.05,34.3,3.45
KwaZulu-Natal,Soybean,Sandy,636.3,17.3,40.7,67.4,121.7,0.84,27.0,2.91
North West,Maize,Clay,681.9,19.6,36.1,110.6,222.6,1.86,3.3,6.6
Limpopo,Maize,Sandy Loam,539.9,24.6,25.2,148.7,215.6,3.25,14.1,7.36
North West,Wheat,Sandy Loam,384.5,21.2,,185.3,163.4,4.09,62.8,3.71
Limpopo,Wheat,Sandy Loam,428.0,23.3,29.0,56.0,275.9,4.55,28.9,3.18
North West,Maize,Loam,544.0,30.1,20.2,126.3,244.5,4.2,35.8,6.6
Free State,Soybean,Sandy,366.4,20.8,21.2,104.2,216.6,0.54,23.9,2.15
Free State,Soybean,Sandy Loam,773.0,16.9,39.9,54.4,113.6,2.9,22.5,3.51
Limpopo,Wheat,Loam,285.9,20.6,8.4,0.0,155.3,1.65,6.4,2.96
Mpumalanga,Wheat,Loam,566.6,20.9,36.4,6.3,183.9,3.71,5.9,4.08
Limpopo,Soybean,Loam,746.0,19.5,40.3,110.3,68.0,4.24,38.5,4.61
KwaZulu-Natal,Sunflower,Loam,595.6,17.2,40.9,254.4,223.1,3.72,15.5,3.6
North West,Maize,Sandy,374.5,12.0,29.3,252.9,178.3,1.49,34.8,4.62
Free State,Soybean,Sandy,403.5,18.9,20.9,52.8,201.3,0.69,16.7,2.34
KwaZulu-Natal,Soybean,Loam,186.4,25.1,8.8,125.4,224.2,3.1,32.8,2.04
Mpumalanga,Maize,Loam,616.9,19.5,28.3,144.6,146.6,2.57,28.8,7.97
Free State,Maize,Sandy Loam,505.7,22.5,36.6,113.4,202.8,1.07,13.3,6.87
Limpopo,Sunflower,Loam,691.7,19.6,33.7,0.0,161.9,1.36,1.0,3.08
Limpopo,Sunflower,Loam,475.4,19.6,29.1,149.4,185.2,4.81,12.4,2.21
KwaZulu-Natal,Wheat,Clay,705.8,23.8,35.7,0.0,258.6,1.45,12.6,4.9
Mpumalanga,Wheat,Sandy Loam,697.4,24.3,35.9,98.8,230.0,3.26,56.1,4.63
North West,Soybean,Clay,700.5,19.8,35.5,35.4,200.4,1.95,1.0,3.55
North West,Wheat,Loam,579.2,20.8,30.1,133.5,200.3,4.46,15.4,3.78
Limpopo,Soybean,Loam,570.1,22.4,31.9,72.1,82.6,5.46,14.3,3.18
Free State,Maize,Sandy Loam,610.6,21.9,34.9,25.7,125.8,4.38,8.2,6.35
KwaZulu-Natal,Soybean,Loam,259.6,22.4,7.6,177.9,241.7,2.86,20.5,2.76
KwaZulu-Natal,Wheat,Sandy Loam,353.0,20.0,17.7,224.6,122.9,1.81,84.7,3.41
Free State,Sunflower,Loam,579.4,23.1,29.0,172.8,233.3,1.56,6.9,4.07
Free State,Soybean,Sandy Loam,670.0,16.3,31.2,196.0,116.8,3.97,21.9,3.62
Mpumalanga,Maize,Clay,366.1,24.8,12.4,134.5,176.2,5.25,15.6,4.78
Free State,Sunflower,Loam,497.7,20.8,30.3,166.4,175.3,4.36,88.3,2.41
North West,Wheat,Sandy Loam,771.9,24.1,42.6,111.6,317.5,2.49,8.1,5.54
Free State,Maize,Sandy,894.5,20.2,41.5,318.8,29.0,1.25,15.5,7.59
Limpopo,Maize,Sandy Loam,268.7,22.4,18.0,137.1,170.4,1.28,17.0,4.41
KwaZulu-Natal,Wheat,Clay,663.7,21.7,30.6,166.3,157.8,2.14,31.7,3.96
North West,Wheat,Sandy,571.7,19.8,32.9,53.4,137.5,0.25,1.8,3.14
Mpumalanga,Sunflower,Clay,471.1,27.3,,138.6,259.8,3.87,33.8,2.24
Limpopo,Wheat,Clay,378.4,22.4,19.6,109.7,178.0,0.95,26.4,3.54
North West,Maize,Loam,505.6,25.8,23.6,141.0,184.9,4.79,35.6,5.91
KwaZulu-Natal,Soybean,Sandy Loam,745.7,16.2,46.3,32.7,242.0,2.45,25.9,4.23
North West,Sunflower,Clay,741.0,20.3,41.5,128.6,128.1,2.7,4.6,3.57
Mpumalanga,Maize,Loam,550.8,20.3,32.1,32.1,173.9,1.97,57.6,7.44
Limpopo,Maize,Loam,478.8,14.0,26.0,51.0,187.5,2.42,4.6,6.69
Limpopo,Sunflower,Clay,279.8,20.1,12.2,106.5,132.7,1.63,21.7,1.73
Limpopo,Sunflower,Sandy,519.2,30.2,32.8,276.9,197.5,4.37,19.6,1.99
KwaZulu-Natal,Sunflower,Sandy Loam,799.7,27.5,33.1,65.7,144.3,2.81,74.5,2.93
Mpumalanga,Soybean,Sandy Loam,718.9,21.8,45.5,47.5,73.6,1.33,21.5,2.92
KwaZulu-Natal,Maize,Loam,220.1,16.0,20.5,111.5,271.1,0.51,7.4,6.12
Mpumalanga,Soybean,Loam,420.6,25.9,19.1,152.6,236.9,1.91,5.9,3.4
KwaZulu-Natal,Maize,Sandy Loam,678.5,23.8,39.1,72.5,222.9,2.34,23.8,7.3
North West,Wheat,Clay,417.7,21.3,23.3,109.2,147.1,1.91,17.4,3.43
North West,Wheat,Loam,690.6,25.4,39.8,92.9,254.1,0.78,1.0,5.85
Free State,Maize,Loam,592.0,22.2,39.1,15.3,196.6,2.37,31.3,6.93
North West,Maize,Sandy Loam,628.6,15.9,42.1,164.5,138.3,4.35,38.2,6.66
Mpumalanga,Soybean,Loam,500.8,22.5,23.0,67.4,229.5,1.47,38.9,3.54
KwaZulu-Natal,Maize,Clay,516.1,24.6,38.1,245.5,176.1,0.54,35.8,6.85
Free State,Soybean,Clay,886.2,20.6,48.2,114.2,34.5,2.77,49.0,4.35
Limpopo,Wheat,Sandy,599.0,23.1,27.0,203.1,217.3,1.59,3.7,4.76
North West,Wheat,Clay,711.3,17.2,35.0,135.4,272.9,2.49,18.1,4.83
North West,Sunflower,Sandy,387.6,24.8,21.6,172.7,190.6,1.55,12.7,2.27
Free State,Soybean,Clay,657.3,24.5,36.0,173.8,206.3,2.34,10.7,3.76
North West,Soybean,Sandy Loam,698.3,17.3,41.5,0.0,220.2,1.18,16.1,3.56
Mpumalanga,Soybean,Loam,869.0,23.5,57.3,66.3,230.4,2.49,9.5,5.34
KwaZulu-Natal,Sunflower,Sandy,624.7,26.0,29.0,55.1,274.8,0.92,30.8,2.27
Mpumalanga,Wheat,Sandy,549.3,24.7,26.4,64.1,78.7,3.95,35.8,2.89
Mpumalanga,Wheat,Sandy,893.3,16.6,54.3,144.1,176.5,3.24,26.9,4.91
Free State,Soybean,Sandy Loam,310.3,23.6,10.1,135.2,301.5,1.18,71.9,2.92
KwaZulu-Natal,Sunflower,Sandy,707.5,20.9,43.8,100.7,136.3,0.53,38.4,3.15
North West,Soybean,Sandy Loam,644.3,17.6,29.7,157.6,138.3,3.71,27.1,3.71
Mpumalanga,Soybean,Sandy,548.9,24.2,39.9,61.5,20.0,2.68,24.3,1.91
Limpopo,Soybean,Sandy,254.5,25.1,17.5,121.1,107.3,1.03,75.1,1.48
Limpopo,Soybean,Clay,260.0,27.9,11.8,102.6,235.6,1.09,43.3,2.48
North West,Sunflower,Loam,611.4,17.4,28.2,90.7,147.0,6.14,45.2,2.45
Limpopo,Soybean,Loam,452.1,26.2,31.2,71.6,183.8,2.33,19.0,3.44
Limpopo,Maize,Sandy Loam,448.6,22.1,19.0,174.3,114.8,1.02,9.8,6.47
Free State,Soybean,Clay,457.5,20.7,22.6,140.3,97.4,5.97,1.0,1.52
Mpumalanga,Sunflower,Loam,635.3,22.4,38.6,197.6,84.7,1.98,67.5,4.11
Mpumalanga,Soybean,Clay,501.9,28.3,29.9,173.3,193.8,3.36,10.2,3.1
North West,Maize,Clay,596.8,20.4,41.9,0.0,137.4,5.96,1.0,5.37
KwaZulu-Natal,Soybean,Clay,541.0,23.6,24.5,135.5,226.4,4.14,49.6,3.01
Limpopo,Soybean,Sandy Loam,613.1,20.9,38.5,0.9,214.8,4.56,68.4,3.33
Mpumalanga,Soybean,Clay,494.6,22.5,29.0,37.7,73.4,0.48,1.8,2.27
KwaZulu-Natal,Maize,Loam,513.1,19.9,29.0,79.8,149.4,2.57,38.5,6.8
Free State,Maize,Sandy Loam,524.8,22.1,27.5,46.1,134.5,2.67,12.7,5.7
Free State,Sunflower,Sandy Loam,450.6,24.8,20.5,154.9,306.7,0.79,14.1,3.05
KwaZulu-Natal,Sunflower,Loam,830.6,26.2,37.4,194.1,240.8,4.93,2.8,4.05
KwaZulu-Natal,Soybean,Loam,601.1,16.9,33.5,79.9,265.8,3.3,6.2,4.39
Free State,Wheat,Loam,768.9,19.1,43.7,143.8,250.3,2.16,30.2,5.2
Limpopo,Soybean,Clay,594.1,21.2,29.0,46.7,133.0,0.7,27.9,3.15
Mpumalanga,Wheat,Sandy Loam,665.2,20.8,24.2,193.3,172.0,1.35,36.8,4.44
KwaZulu-Natal,Maize,Clay,499.1,19.2,28.7,177.7,97.1,1.23,30.6,5.15
North West,Sunflower,Sandy,244.7,20.6,20.8,120.0,263.8,0.68,15.8,2.29
Mpumalanga,Maize,Sandy,399.0,27.2,25.8,163.7,185.1,4.45,14.6,3.87
Limpopo,Sunflower,Loam,603.0,23.7,35.6,99.6,212.8,1.89,70.8,3.53
KwaZulu-Natal,Sunflower,Loam,229.0,27.1,10.9,184.2,186.4,0.27,15.4,2.84
North West,Sunflower,Sandy Loam,454.2,22.4,23.4,154.0,284.7,1.45,23.4,2.55
North West,Soybean,Sandy Loam,465.3,21.9,28.1,149.3,193.3,0.68,9.9,4.27
Limpopo,Soybean,Clay,757.7,22.9,39.6,56.8,125.0,3.67,56.5,3.65
Limpopo,Maize,Sandy,332.7,25.6,13.6,256.8,199.2,1.7,32.9,5.21
Limpopo,Maize,Loam,673.1,21.8,42.2,69.9,253.4,0.84,15.7,8.06
Mpumalanga,Sunflower,Sandy Loam,445.3,21.0,26.8,123.5,236.4,3.03,40.7,1.87
KwaZulu-Natal,Sunflower,Loam,643.0,24.5,30.6,236.6,269.4,1.76,11.9,4.04
Free State,Soybean,Clay,595.8,24.1,28.8,126.6,220.1,1.91,40.6,3.31
Limpopo,Sunflower,Sandy Loam,558.6,19.2,24.3,224.6,270.4,1.12,14.2,3.72
Limpopo,Wheat,Loam,611.8,21.7,28.4,194.7,107.0,2.14,13.8,4.69
Free State,Wheat,Loam,685.3,21.4,40.2,115.1,115.1,7.05,34.5,4.24
North West,Maize,Loam,320.3,25.1,20.5,162.3,102.8,2.78,34.4,5.48
Limpopo,Sunflower,Loam,473.9,23.2,26.3,98.9,86.1,3.52,57.8,1.9
Limpopo,Soybean,Loam,646.7,26.1,37.1,145.3,131.3,2.53,11.2,4.2
North West,Soybean,Sandy,764.7,24.2,43.6,207.3,259.7,4.08,21.7,4.97
KwaZulu-Natal,Maize,Sandy Loam,476.2,25.7,18.5,8.1,191.9,3.2,17.0,5.73
Free State,Wheat,Clay,718.7,25.3,36.6,132.3,158.7,2.48,34.4,4.33
North West,Wheat,Loam,741.7,17.4,39.6,18.6,314.2,5.44,76.7,5.18
Free State,Wheat,Loam,695.4,22.5,29.2,209.0,225.9,1.34,53.6,5.24
Limpopo,Sunflower,Clay,643.4,18.5,36.3,135.5,269.5,2.16,23.1,3.42
Limpopo,Wheat,Loam,573.6,20.2,30.3,60.3,168.2,3.47,4.6,3.62
KwaZulu-Natal,Wheat,Sandy Loam,480.6,18.4,24.3,73.6,134.3,5.51,41.4,3.03
Mpumalanga,Sunflower,Clay,411.0,25.0,22.0,22.6,270.0,0.98,4.8,2.27
Mpumalanga,Maize,Clay,705.4,21.6,47.2,94.3,141.9,4.05,9.4,6.87
Free State,Soybean,Sandy,570.5,13.1,34.9,276.5,299.2,2.73,3.3,3.75
Limpopo,Maize,Sandy,803.5,22.2,44.3,258.2,260.7,1.38,33.8,7.49
North West,Maize,Loam,489.8,21.9,31.0,104.3,250.4,2.68,38.5,6.88
KwaZulu-Natal,Sunflower,Sandy,660.8,20.1,30.5,174.5,209.0,3.12,1.0,2.95
North West,Soybean,Sandy,606.3,19.3,26.2,140.0,127.4,1.45,23.5,3.48
Mpumalanga,Wheat,Loam,699.8,28.6,37.3,168.6,187.2,1.1,1.2,4.7
Free State,Soybean,Loam,648.0,20.5,,185.0,198.9,1.02,37.1,4.74
KwaZulu-Natal,Soybean,Loam,622.8,27.0,35.6,84.3,143.1,4.55,12.2,3.55
Free State,Maize,Clay,744.4,16.1,34.4,39.7,140.6,2.77,5.3,6.95
Limpopo,Sunflower,Sandy Loam,326.2,18.9,22.2,237.8,237.3,1.63,10.5,2.52
North West,Wheat,Sandy Loam,376.8,20.3,15.5,195.3,141.5,3.13,1.0,2.98
KwaZulu-Natal,Sunflower,Sandy Loam,678.1,24.0,40.2,30.6,221.9,0.97,60.0,3.53
Free State,Wheat,Sandy,384.1,22.5,26.0,143.3,184.6,1.5,28.7,3.32
Free State,Wheat,Sandy,755.8,20.6,36.7,135.1,172.1,1.69,20.6,4.72
Mpumalanga,Maize,Sandy,442.7,18.4,24.9,65.6,174.2,1.57,21.0,4.91
North West,Wheat,Loam,526.7,15.3,26.7,271.0,128.4,4.5,11.1,4.52
KwaZulu-Natal,Maize,Sandy Loam,615.0,26.0,28.2,69.1,148.9,2.9,6.3,7.01
Limpopo,Sunflower,Sandy,480.5,15.5,27.2,155.9,156.7,1.6,4.4,2.28
Free State,Maize,Loam,558.0,20.5,30.8,0.0,213.0,2.62,70.4,6.87
Limpopo,Maize,Clay,506.2,20.4,22.3,0.0,162.7,2.82,5.0,5.41
North West,Maize,Loam,500.1,16.7,36.1,121.5,199.3,2.09,34.9,7.66
Limpopo,Sunflower,Sandy Loam,602.6,25.3,34.1,90.2,171.9,0.05,8.0,2.95
KwaZulu-Natal,Sunflower,Clay,580.4,23.9,26.3,215.5,229.8,1.75,14.5,3.05
KwaZulu-Natal,Maize,Clay,404.7,21.4,13.2,70.0,98.1,1.47,37.4,4.92
Free State,Wheat,Loam,391.7,25.3,26.8,74.7,246.6,1.66,74.0,3.68
Mpumalanga,Soybean,Sandy,415.8,19.9,23.1,78.4,173.6,1.85,38.7,2.28
North West,Soybean,Sandy,544.4,21.6,30.0,62.7,181.0,4.08,5.4,2.54
KwaZulu-Natal,Maize,Clay,424.8,19.5,22.6,48.3,137.3,3.84,34.9,4.77
Limpopo,Maize,Clay,451.4,28.8,17.3,141.7,170.6,2.04,33.1,4.88
Mpumalanga,Maize,Loam,289.5,21.7,11.1,168.7,155.0,0.58,8.8,5.78
North West,Sunflower,Clay,335.8,23.8,16.4,214.6,238.4,3.63,7.9,2.54
Limpopo,Sunflower,Clay,824.4,16.1,52.7,208.5,56.1,5.33,8.2,2.94
North West,Sunflower,Sandy,914.4,18.7,46.0,186.4,139.4,3.14,22.5,3.93
North West,Wheat,Loam,687.6,18.5,37.4,90.3,159.4,1.8,7.2,4.52
Free State,Soybean,Loam,641.4,21.0,33.9,162.7,53.1,1.87,1.0,3.5
North West,Soybean,Sandy Loam,836.7,30.0,43.5,220.6,172.4,1.92,11.3,5.08
Mpumalanga,Soybean,Loam,575.1,18.3,26.4,202.9,163.2,4.68,28.2,3.93
KwaZulu-Natal,Sunflower,Sandy Loam,572.2,21.2,30.1,163.5,188.6,2.94,58.3,2.92
Free State,Maize,Loam,513.8,22.8,26.9,50.2,218.8,2.9,31.1,6.35
Limpopo,Sunflower,Sandy Loam,436.3,24.1,24.3,52.7,346.0,6.15,2.5,2.13
KwaZulu-Natal,Sunflower,Clay,506.8,21.8,27.2,198.2,199.7,3.89,49.1,3.09
Free State,Sunflower,Sandy Loam,667.9,22.8,41.9,204.9,118.5,2.72,24.1,2.85
Limpopo,Maize,Loam,289.3,19.4,22.0,334.7,136.7,1.65,26.4,5.98
KwaZulu-Natal,Wheat,Loam,543.3,28.9,25.4,33.6,178.8,3.24,32.8,4.25
Limpopo,Soybean,Sandy,348.7,25.5,21.3,106.4,224.9,4.48,44.8,2.2
Mpumalanga,Sunflower,Sandy Loam,578.0,22.8,31.1,147.1,121.3,2.4,26.8,2.21
Free State,Sunflower,Loam,296.9,27.5,26.2,57.7,112.9,2.14,16.2,2.05
KwaZulu-Natal,Soybean,Sandy,821.1,21.0,47.3,61.7,122.1,4.12,10.6,3.67
KwaZulu-Natal,Sunflower,Clay,758.6,18.2,46.7,133.4,197.3,6.03,15.9,2.3
KwaZulu-Natal,Wheat,Sandy Loam,551.8,21.2,25.3,71.1,221.1,2.66,15.8,3.59
Mpumalanga,Sunflower,Loam,578.0,23.7,31.1,72.8,262.7,2.03,1.4,2.89
KwaZulu-Natal,Sunflower,Clay,792.8,21.1,36.4,68.8,164.1,1.29,1.0,3.4
KwaZulu-Natal,Soybean,Clay,890.9,25.1,42.2,16.9,214.4,1.76,6.4,4.89
Mpumalanga,Sunflower,Clay,367.6,21.3,17.3,76.9,149.0,5.63,45.7,2.03
North West,Sunflower,Sandy Loam,708.3,31.6,37.0,0.0,149.1,5.51,69.1,2.33
Free State,Maize,Sandy Loam,557.8,18.3,24.0,198.2,137.0,0.44,13.4,7.53
North West,Soybean,Sandy,629.4,22.2,29.2,19.1,178.5,3.29,14.4,2.68
Free State,Sunflower,Clay,480.7,25.2,26.4,113.8,186.7,4.08,5.4,2.61
North West,Sunflower,Sandy Loam,806.8,15.9,46.4,56.4,206.1,5.5,141.6,3.38
North West,Soybean,Clay,399.8,21.0,16.0,0.0,262.1,0.97,16.0,3.38
KwaZulu-Natal,Maize,Sandy Loam,651.8,19.2,34.8,146.5,177.1,3.74,33.2,7.66
Limpopo,Maize,Sandy,490.3,19.9,19.4,0.0,288.6,4.41,1.0,4.96
Mpumalanga,Soybean,Clay,533.0,17.5,25.3,0.0,194.0,4.01,49.5,2.71
KwaZulu-Natal,Wheat,Sandy,702.9,16.8,44.4,37.5,206.5,1.4,12.1,3.96
Free State,Maize,Sandy,316.6,28.5,18.3,0.9,136.5,1.64,26.2,3.34
Free State,Maize,Sandy,395.6,18.8,11.9,199.2,219.7,4.0,33.3,4.85
Limpopo,Sunflower,Sandy,600.4,21.2,29.2,284.0,130.6,1.77,13.2,3.12
Limpopo,Sunflower,Sandy,700.7,19.5,43.5,112.4,225.6,2.01,5.8,3.29
KwaZulu-Natal,Wheat,Clay,834.7,18.7,49.3,0.0,129.9,1.41,34.8,4.56
KwaZulu-Natal,Sunflower,Loam,323.8,18.0,14.0,96.6,178.6,1.54,48.9,2.29
KwaZulu-Natal,Wheat,Loam,615.5,21.2,32.8,28.8,156.3,3.67,1.0,4.15
KwaZulu-Natal,Wheat,Sandy Loam,728.9,17.6,42.7,108.6,223.9,2.43,28.3,4.75
North West,Sunflower,Clay,339.6,25.5,18.3,160.4,176.3,2.58,9.2,2.55
Free State,Sunflower,Sandy Loam,606.8,23.3,34.7,157.8,144.4,2.85,3.0,2.66
Mpumalanga,Wheat,Loam,472.9,21.3,23.9,180.7,234.6,1.01,60.6,4.85
Limpopo,Maize,Loam,334.6,17.4,7.6,201.0,196.9,3.04,7.2,6.17
Free State,Maize,Loam,563.3,25.8,26.4,154.5,34.4,3.33,9.3,6.79
Free State,Maize,Sandy,515.7,24.2,26.1,158.3,95.5,2.95,3.2,5.05
North West,Maize,Loam,569.1,21.2,34.9,142.6,121.5,1.98,24.5,6.82
Mpumalanga,Wheat,Sandy,680.5,25.9,37.9,176.3,191.9,4.45,9.7,4.02
Mpumalanga,Maize,Sandy Loam,593.3,20.0,29.8,78.0,94.7,4.58,5.2,5.81
Free State,Sunflower,Sandy Loam,275.3,17.7,14.6,108.0,55.5,2.55,3.3,1.13
KwaZulu-Natal,Maize,Sandy Loam,806.5,21.4,38.5,1.5,169.0,2.15,40.6,8.05
North West,Maize,Clay,708.3,22.0,32.3,45.3,308.2,2.74,27.2,7.49
Limpopo,Wheat,Loam,455.0,24.3,20.7,183.8,139.2,2.87,17.7,4.72
Limpopo,Wheat,Clay,373.6,23.7,22.8,103.8,250.9,2.67,22.7,3.79
North West,Maize,Loam,484.8,16.7,27.5,177.7,184.3,1.48,5.4,7.12
KwaZulu-Natal,Wheat,Loam,500.8,24.8,33.1,131.4,113.4,2.0,8.8,4.02
Free State,Soybean,Sandy,502.2,25.8,24.5,57.7,223.2,1.09,14.7,3.15
Limpopo,Soybean,Loam,341.5,22.6,11.2,60.9,114.2,3.39,1.3,2.81
KwaZulu-Natal,Sunflower,Sandy Loam,661.6,19.1,40.0,143.8,171.4,4.5,21.0,2.75
Free State,Soybean,Sandy,718.3,18.7,41.4,0.0,210.4,4.15,12.3,3.3
Limpopo,Sunflower,Sandy Loam,491.7,30.2,30.1,138.4,111.5,1.18,18.9,1.81
Mpumalanga,Sunflower,Loam,417.4,12.9,27.5,38.9,183.6,3.73,1.0,1.96
Free State,Sunflower,Clay,389.6,16.5,18.1,272.6,205.0,3.89,18.1,2.14
Limpopo,Soybean,Sandy Loam,497.6,19.3,33.3,72.2,202.7,3.85,47.0,2.96
Mpumalanga,Maize,Clay,358.1,20.8,17.4,61.8,195.3,4.5,66.0,4.29
Mpumalanga,Soybean,Loam,712.4,16.1,37.0,63.6,191.6,4.45,11.9,4.27
Limpopo,Sunflower,Loam,563.0,23.3,28.0,39.3,142.4,1.7,8.2,2.74
Limpopo,Soybean,Sandy Loam,450.7,28.7,16.1,82.3,133.5,5.82,1.0,2.08
North West,Wheat,Sandy Loam,570.7,20.2,28.9,25.3,169.0,4.42,38.2,3.05
North West,Maize,Sandy Loam,476.8,24.2,19.0,41.2,181.4,1.78,13.7,5.93
Mpumalanga,Soybean,Clay,492.0,25.2,33.4,191.4,103.0,2.5,8.4,3.27
Free State,Soybean,Loam,440.7,29.5,23.5,42.9,277.3,0.93,23.6,2.97
Limpopo,Sunflower,Sandy,562.5,16.7,28.6,139.2,195.8,2.49,12.5,2.74
Mpumalanga,Soybean,Sandy Loam,583.1,18.5,38.9,146.3,149.9,4.49,5.6,3.49
North West,Soybean,Clay,412.9,20.0,30.6,165.1,170.2,0.89,104.4,2.22
Limpopo,Sunflower,Clay,645.0,19.6,25.6,224.9,280.7,1.92,12.3,3.26
KwaZulu-Natal,Maize,Loam,575.1,23.5,30.5,47.1,213.5,0.69,1.6,7.17
KwaZulu-Natal,Wheat,Clay,399.1,16.0,15.2,198.7,219.1,1.55,22.5,3.92
Limpopo,Maize,Clay,794.4,20.7,33.9,83.6,165.4,0.99,4.1,7.14
Free State,Wheat,Loam,645.4,16.3,34.9,143.3,187.2,2.41,48.6,5.33
Free State,Soybean,Loam,750.7,23.3,,0.0,172.2,1.94,16.4,4.43
Free State,Soybean,Clay,502.9,23.5,32.1,125.7,147.3,2.67,31.4,3.3
Mpumalanga,Soybean,Loam,483.7,20.6,18.2,93.5,171.1,5.25,81.4,3.47
Free State,Maize,Sandy,648.0,20.3,47.1,62.7,201.6,1.77,35.9,5.94
Free State,Soybean,Loam,690.5,22.2,38.0,127.2,80.0,3.25,1.3,4.27
Limpopo,Soybean,Sandy,567.7,16.2,27.6,0.0,216.3,1.22,17.9,2.71
Limpopo,Wheat,Sandy,381.1,28.4,13.5,68.1,165.7,4.52,28.5,2.81
KwaZulu-Natal,Soybean,Sandy,736.7,28.5,41.8,0.0,151.1,0.12,48.0,4.26
Free State,Soybean,Clay,543.9,20.9,31.0,68.3,143.9,4.89,30.6,2.84
Mpumalanga,Sunflower,Clay,439.8,12.0,24.3,157.7,215.5,3.58,11.6,2.25
Free State,Sunflower,Sandy,416.8,24.7,22.4,159.5,162.5,4.94,33.3,1.12
Free State,Sunflower,Sandy Loam,366.8,22.3,27.6,126.1,190.0,4.97,1.0,1.76
Mpumalanga,Wheat,Loam,706.1,27.3,41.1,85.6,216.3,0.7,1.9,5.03
Limpopo,Soybean,Loam,382.0,20.7,17.1,65.6,139.2,5.4,12.4,2.12
KwaZulu-Natal,Sunflower,Sandy Loam,659.8,27.4,36.5,128.5,182.0,5.43,30.2,2.55
North West,Soybean,Clay,533.9,21.4,34.8,319.9,245.0,0.31,1.0,4.35
Limpopo,Soybean,Loam,293.7,23.1,6.2,113.4,316.7,3.58,15.6,3.16
KwaZulu-Natal,Wheat,Loam,657.4,24.1,31.0,281.8,162.0,2.74,41.1,5.53
Limpopo,Maize,Loam,467.7,15.4,23.2,0.0,179.5,3.37,27.5,6.33
North West,Maize,Clay,514.5,23.5,26.0,70.7,246.5,3.22,31.0,5.95
Limpopo,Wheat,Sandy,470.1,21.2,32.9,105.5,105.5,4.33,1.0,2.13
North West,Sunflower,Clay,749.6,26.6,36.5,76.7,201.1,1.83,1.4,3.39
Mpumalanga,Wheat,Sandy Loam,445.9,16.6,27.0,203.1,168.0,4.13,10.5,4.12
KwaZulu-Natal,Soybean,Sandy,549.3,23.3,33.0,342.1,203.4,2.47,27.8,3.94
Limpopo,Soybean,Clay,515.1,22.2,37.1,250.0,186.9,2.67,32.5,3.76
North West,Soybean,Sandy,722.5,23.0,40.9,27.4,256.1,0.58,33.8,4.51
Limpopo,Wheat,Clay,382.1,25.4,26.3,170.2,114.2,6.79,23.0,2.58
Mpumalanga,Wheat,Sandy,656.1,25.4,38.0,191.9,218.3,1.21,4.8,4.55
North West,Maize,Loam,498.8,22.0,24.0,54.4,139.6,5.7,17.0,6.41
North West,Sunflower,Sandy,584.4,21.8,26.7,189.5,118.2,0.38,2.7,2.76
Mpumalanga,Maize,Clay,648.7,21.8,40.7,72.9,108.8,0.71,3.5,6.21
KwaZulu-Natal,Maize,Sandy Loam,574.2,26.3,30.1,18.2,170.8,1.27,13.8,5.51
Free State,Maize,Loam,713.6,26.2,42.9,105.4,114.5,2.64,14.1,7.94
North West,Sunflower,Sandy,605.5,24.0,32.7,152.8,174.0,2.74,1.0,2.83
Limpopo,Soybean,Loam,414.4,21.7,23.4,258.5,229.1,1.2,111.6,3.87
Limpopo,Maize,Loam,474.0,19.0,23.4,84.1,162.9,5.26,107.0,6.82
Free State,Wheat,Sandy,610.7,18.8,36.8,55.8,232.5,0.95,11.2,3.73
Mpumalanga,Maize,Loam,520.5,19.9,28.4,227.6,188.6,1.85,13.2,7.84
Mpumalanga,Sunflower,Clay,504.8,22.3,31.8,0.0,99.7,1.06,5.3,1.95
Free State,Sunflower,Sandy,599.4,22.5,42.6,6.6,121.6,2.98,7.8,1.98
Mpumalanga,Soybean,Sandy Loam,430.2,15.1,19.9,240.4,187.8,3.79,1.4,3.23
Mpumalanga,Soybean,Sandy,548.9,22.6,27.0,259.9,346.1,2.91,7.1,4.01
Mpumalanga,Sunflower,Sandy Loam,655.5,29.5,31.1,139.7,161.1,1.66,13.0,2.9
Limpopo,Wheat,Clay,501.5,21.7,32.2,233.1,157.0,3.08,13.3,3.8
North West,Maize,Sandy,373.9,19.2,26.0,66.1,233.9,2.34,52.9,4.39
KwaZulu-Natal,Wheat,Sandy Loam,505.9,22.9,25.1,81.3,206.0,3.36,41.6,3.34
Limpopo,Sunflower,Loam,559.6,18.0,36.0,28.5,252.6,1.35,4.0,2.51
Limpopo,Sunflower,Sandy,908.3,26.1,50.1,200.6,223.4,5.39,1.9,4.19
Mpumalanga,Maize,Loam,441.5,24.3,21.4,210.5,239.0,3.1,35.9,7.01
Mpumalanga,Wheat,Clay,665.3,19.8,36.9,75.7,20.0,3.65,48.0,3.4
Free State,Wheat,Sandy Loam,514.6,20.6,29.5,0.2,147.9,3.47,31.3,2.95
Mpumalanga,Maize,Loam,589.2,25.6,27.0,159.7,168.0,1.23,68.8,7.2
Free State,Sunflower,Sandy,617.8,14.4,35.6,206.7,260.2,1.51,68.2,2.98
Free State,Sunflower,Clay,580.8,24.8,37.9,137.6,335.0,3.09,52.5,3.09
North West,Sunflower,Sandy,370.4,26.2,17.3,0.0,130.0,2.09,16.8,1.05
Free State,Sunflower,Sandy,390.1,30.3,26.1,156.7,213.3,2.09,18.3,1.29
North West,Soybean,Loam,540.6,22.8,33.5,193.9,185.1,1.18,1.0,4.18
KwaZulu-Natal,Sunflower,Sandy,557.6,27.2,28.1,53.2,131.4,0.94,2.7,2.05
North West,Wheat,Loam,241.8,30.2,10.8,161.5,199.3,1.08,5.7,3.7
Mpumalanga,Sunflower,Clay,569.6,21.5,26.9,65.0,151.5,0.85,3.8,2.52
Free State,Sunflower,Clay,471.7,32.8,19.5,138.6,261.6,2.18,3.1,1.92
KwaZulu-Natal,Soybean,Loam,642.1,20.6,34.9,117.7,165.9,0.98,77.6,4.32
Mpumalanga,Sunflower,Sandy Loam,695.7,18.5,37.9,67.4,78.8,2.71,40.6,2.38
Mpumalanga,Maize,Sandy,397.3,24.3,19.2,27.7,235.7,3.42,37.9,4.92
North West,Maize,Clay,270.8,13.5,9.7,0.0,181.4,5.74,32.7,2.79
Free State,Soybean,Sandy,551.4,24.3,29.7,51.4,232.9,2.34,20.0,3.56
Free State,Soybean,Loam,718.4,28.8,38.3,10.8,20.5,1.32,27.8,3.2
Mpumalanga,Wheat,Sandy Loam,848.6,17.6,51.4,87.7,227.2,3.39,31.3,5.43
Limpopo,Maize,Loam,341.6,19.0,23.9,51.6,184.4,5.07,1.0,5.09
Limpopo,Sunflower,Sandy Loam,612.2,23.5,30.8,211.3,45.3,4.82,67.7,2.51
Limpopo,Maize,Loam,795.4,26.0,40.2,103.0,241.1,1.41,28.7,8.65
Free State,Sunflower,Loam,625.3,24.5,38.1,52.2,366.8,2.02,7.1,4.15
KwaZulu-Natal,Sunflower,Sandy Loam,744.0,22.7,49.0,61.6,190.5,3.35,77.5,2.93
North West,Maize,Sandy Loam,628.8,22.3,27.5,178.1,233.8,2.13,61.9,7.0
KwaZulu-Natal,Maize,Sandy,618.4,24.1,38.9,229.0,278.3,2.31,7.7,6.48
Free State,Soybean,Clay,731.2,18.6,49.7,0.0,201.5,1.39,19.9,4.06
Free State,Soybean,Clay,751.3,20.5,32.6,62.5,181.2,1.02,3.4,4.41
Free State,Sunflower,Loam,498.6,19.7,31.9,0.0,230.6,3.13,17.0,2.66
Mpumalanga,Soybean,Sandy,433.4,27.4,32.4,284.4,185.1,0.43,1.0,3.44
KwaZulu-Natal,Wheat,Sandy Loam,898.7,16.0,,130.1,146.6,5.73,6.5,5.29
KwaZulu-Natal,Wheat,Clay,602.7,19.3,38.0,160.1,184.1,2.55,18.2,4.19
Limpopo,Soybean,Clay,396.3,17.0,23.6,113.6,260.0,2.23,4.5,2.8
Free State,Maize,Sandy Loam,528.8,25.4,23.4,98.3,171.7,3.02,46.0,6.31
North West,Soybean,Sandy Loam,510.3,20.8,30.4,154.1,188.3,1.49,32.5,3.35
Mpumalanga,Maize,Sandy Loam,451.1,24.2,,192.3,196.4,2.48,3.1,5.91
Free State,Sunflower,Clay,447.6,24.6,35.8,51.8,199.5,3.51,17.1,1.98
KwaZulu-Natal,Wheat,Loam,424.4,25.0,22.3,0.0,230.1,1.47,20.2,4.0
Limpopo,Maize,Loam,693.2,18.0,44.7,40.1,195.4,0.19,1.0,8.07
North West,Maize,Sandy Loam,483.1,22.0,29.6,140.3,228.2,1.62,31.7,6.2
Free State,Soybean,Loam,423.9,18.9,25.3,169.6,88.7,1.73,21.8,3.91
North West,Soybean,Clay,674.1,12.9,40.5,74.3,303.7,2.33,23.2,4.24
Mpumalanga,Wheat,Sandy,487.3,20.2,35.5,121.1,108.1,2.72,42.6,3.09
KwaZulu-Natal,Soybean,Loam,479.0,20.6,27.1,225.0,276.5,2.79,13.1,3.73
KwaZulu-Natal,Sunflower,Loam,657.0,20.9,40.2,104.3,210.6,2.21,50.1,2.94
North West,Wheat,Clay,469.2,19.1,23.5,60.9,112.0,0.26,56.0,3.05
North West,Wheat,Sandy,725.4,20.7,36.5,178.7,127.9,2.08,18.7,3.8
KwaZulu-Natal,Sunflower,Clay,654.8,31.9,27.7,57.3,278.0,0.82,13.4,2.05
Mpumalanga,Soybean,Loam,401.2,17.7,18.9,192.8,261.8,4.04,15.4,4.17
Limpopo,Soybean,Sandy,634.3,24.7,36.0,140.6,121.2,1.34,8.6,3.24
Free State,Soybean,Loam,735.1,26.0,39.3,119.3,189.4,2.36,30.8,4.26
Mpumalanga,Sunflower,Sandy,522.6,25.8,29.5,119.3,192.6,1.49,8.5,1.76
North West,Maize,Clay,630.5,22.9,30.5,80.2,251.6,2.15,92.3,6.81
Mpumalanga,Soybean,Sandy Loam,504.2,26.9,28.1,76.1,183.1,1.5,22.2,3.16
Limpopo,Maize,Clay,388.1,26.0,23.2,148.4,125.2,3.89,9.5,4.18
Limpopo,Sunflower,Sandy,508.8,19.6,26.6,93.8,182.5,1.75,37.2,1.92
Free State,Sunflower,Sandy Loam,555.9,26.9,27.0,131.8,183.2,2.58,1.5,2.95
Mpumalanga,Soybean,Sandy Loam,500.1,25.7,26.3,17.5,207.8,0.95,22.4,3.62
Mpumalanga,Wheat,Loam,496.7,17.5,21.5,207.4,310.6,0.59,59.9,5.52
KwaZulu-Natal,Sunflower,Loam,444.4,19.8,29.9,53.2,121.1,0.98,10.0,2.1
KwaZulu-Natal,Maize,Sandy Loam,471.0,20.2,30.1,63.2,134.1,2.62,5.8,5.73
Limpopo,Maize,Sandy Loam,868.2,21.2,54.6,160.2,20.0,3.08,28.5,8.21
North West,Soybean,Clay,665.1,24.7,32.0,80.4,100.0,3.79,35.2,3.38
North West,Sunflower,Sandy Loam,347.5,28.2,11.9,84.7,199.2,1.61,9.7,2.27
Limpopo,Sunflower,Sandy Loam,457.4,21.7,30.8,56.1,62.2,3.94,8.6,1.56
Limpopo,Wheat,Clay,597.9,21.3,28.1,144.0,175.8,4.38,9.6,3.33
KwaZulu-Natal,Soybean,Clay,517.4,25.6,29.7,98.3,216.7,3.72,47.4,2.77
North West,Sunflower,Sandy,655.5,23.9,28.8,81.3,189.9,4.82,73.4,2.24
Free State,Wheat,Clay,819.9,25.0,48.1,86.4,164.9,2.07,11.8,5.01
KwaZulu-Natal,Sunflower,Sandy,594.9,19.6,26.8,180.0,201.9,1.05,2.0,3.16
North West,Wheat,Sandy Loam,391.7,20.8,26.1,255.1,106.1,5.19,19.3,3.55
North West,Maize,Sandy Loam,574.8,31.1,28.8,171.2,193.8,2.2,15.8,6.2
Free State,Wheat,Loam,581.5,21.1,30.5,281.4,203.9,2.38,17.2,4.83
KwaZulu-Natal,Wheat,Clay,501.5,22.1,24.4,135.6,218.7,4.34,8.8,3.08
KwaZulu-Natal,Soybean,Sandy,727.9,27.4,38.4,59.7,146.8,1.99,6.8,3.53
Free State,Wheat,Sandy Loam,527.9,15.1,39.1,100.5,201.2,1.76,9.9,3.99
Mpumalanga,Maize,Sandy Loam,590.5,20.7,32.0,57.2,270.1,2.52,34.9,6.68
Mpumalanga,Wheat,Sandy Loam,409.0,23.7,21.8,146.2,283.0,3.3,67.8,3.81
KwaZulu-Natal,Sunflower,Sandy Loam,552.1,25.5,27.7,23.0,166.6,3.01,9.6,2.7
North West,Maize,Sandy,514.5,22.5,33.7,283.9,179.9,0.82,58.8,5.76
KwaZulu-Natal,Soybean,Clay,756.8,19.6,36.7,120.6,176.7,0.39,6.5,4.27
KwaZulu-Natal,Sunflower,Loam,555.8,13.6,40.7,222.7,250.8,1.67,67.4,3.51
Mpumalanga,Sunflower,Loam,626.3,21.7,41.9,91.0,67.4,3.27,1.8,2.59
KwaZulu-Natal,Sunflower,Sandy,624.1,23.0,31.3,89.9,188.4,3.46,2.9,2.32
Free State,Maize,Clay,641.9,22.2,33.3,0.0,143.8,3.38,42.8,5.27
KwaZulu-Natal,Sunflower,Clay,590.1,17.6,29.0,0.0,188.1,0.43,101.9,2.88
Limpopo,Wheat,Sandy Loam,467.8,21.0,25.2,70.9,190.0,3.73,4.0,3.27
Limpopo,Maize,Sandy,833.4,26.5,39.2,161.8,297.0,6.04,46.2,7.01
Free State,Maize,Sandy,580.3,25.8,33.1,180.4,286.9,2.72,8.7,6.72
North West,Soybean,Loam,384.1,20.2,21.1,161.3,231.2,1.91,1.0,3.17
Free State,Wheat,Sandy Loam,846.2,16.5,44.2,134.7,350.0,1.92,21.3,6.28
Limpopo,Sunflower,Sandy,496.6,22.1,24.7,202.6,110.5,1.13,28.1,7.17
Free State,Sunflower,Sandy Loam,771.7,22.8,44.9,53.6,148.1,0.81,12.4,3.43
Limpopo,Maize,Sandy,426.8,17.5,24.7,173.8,199.7,1.19,2.0,4.32
KwaZulu-Natal,Sunflower,Sandy,652.6,22.1,38.4,156.1,300.0,3.7,1.0,3.52
Limpopo,Soybean,Loam,416.7,26.8,26.6,167.6,303.5,0.65,15.8,4.89
KwaZulu-Natal,Soybean,Clay,570.7,16.9,23.0,91.9,292.0,1.45,5.0,3.92
Limpopo,Soybean,Loam,479.5,18.7,32.6,327.8,204.7,2.26,14.1,4.34
KwaZulu-Natal,Maize,Clay,602.9,19.4,34.6,48.3,124.4,0.48,7.4,5.82
Limpopo,Wheat,Sandy,598.2,28.9,28.1,119.5,152.5,2.03,23.6,3.7
North West,Sunflower,Clay,575.0,16.5,31.6,207.3,244.9,5.07,51.3,2.08
Mpumalanga,Maize,Sandy Loam,448.8,22.8,27.1,92.3,154.2,2.27,6.0,5.87
Free State,Soybean,Sandy,926.1,23.8,51.3,35.0,299.5,1.74,66.6,5.41
North West,Wheat,Sandy Loam,610.5,24.8,39.2,44.8,221.9,2.63,32.1,4.56
Mpumalanga,Sunflower,Sandy Loam,478.4,22.0,28.6,186.7,87.3,1.01,5.3,2.51
Mpumalanga,Maize,Loam,452.8,21.8,20.3,138.3,213.1,1.0,7.4,7.1
North West,Wheat,Sandy Loam,844.1,24.1,42.2,146.1,227.7,1.3,1.4,5.97
Free State,Wheat,Sandy Loam,226.9,27.8,,158.9,217.4,0.61,19.1,2.88
Mpumalanga,Maize,Clay,814.3,18.2,45.0,131.1,306.9,1.0,4.8,7.94
Mpumalanga,Maize,Sandy,704.5,23.5,39.4,139.1,213.5,0.42,16.0,6.78
North West,Maize,Sandy,493.9,21.8,27.9,207.5,206.8,3.8,55.1,5.68
KwaZulu-Natal,Soybean,Sandy,529.8,16.3,28.3,96.7,238.1,1.48,10.1,2.61
Limpopo,Wheat,Sandy Loam,486.3,19.0,36.4,105.9,199.0,1.87,5.3,4.11
Free State,Sunflower,Loam,463.8,22.4,25.3,242.6,155.0,1.07,51.2,3.44
Limpopo,Sunflower,Loam,446.2,24.6,15.1,136.2,181.3,2.76,20.3,2.56
Mpumalanga,Sunflower,Clay,807.3,18.1,42.3,162.8,114.4,3.08,29.2,2.61
Free State,Maize,Sandy,415.7,22.2,27.6,171.7,150.6,1.82,14.4,5.05
Limpopo,Sunflower,Clay,305.8,19.2,14.2,132.6,206.0,1.0,65.9,2.04
Free State,Sunflower,Clay,456.2,27.8,28.4,138.2,332.5,4.32,4.5,2.17
Mpumalanga,Maize,Loam,709.4,23.9,43.9,18.8,136.4,3.82,7.1,7.05
Limpopo,Wheat,Loam,682.5,21.0,38.0,57.1,182.2,2.05,26.1,4.73
Free State,Maize,Sandy Loam,238.6,24.5,11.0,246.5,260.6,2.1,8.5,5.32
Limpopo,Maize,Sandy,311.9,26.6,15.2,5.4,312.6,3.31,4.5,3.92
Limpopo,Maize,Loam,419.4,19.5,24.5,74.7,159.3,1.37,1.5,6.25
Limpopo,Sunflower,Sandy Loam,412.3,27.2,23.4,69.9,252.9,1.93,48.2,1.65
North West,Wheat,Clay,371.1,23.2,19.5,23.2,164.2,3.69,21.0,2.35
Mpumalanga,Soybean,Clay,534.8,20.4,22.8,179.6,214.5,1.58,13.1,3.89
Mpumalanga,Sunflower,Sandy Loam,600.5,22.1,24.3,14.7,164.2,2.98,22.9,2.64
KwaZulu-Natal,Maize,Loam,671.1,16.9,29.8,0.0,159.5,1.63,17.0,7.18
Mpumalanga,Sunflower,Sandy,767.3,18.2,49.0,121.3,161.4,4.87,16.9,2.79
Mpumalanga,Maize,Clay,500.8,24.5,24.3,117.7,225.7,1.44,41.0,6.46
Free State,Sunflower,Sandy,681.3,26.8,30.5,0.0,213.2,1.15,1.0,2.18
KwaZulu-Natal,Maize,Loam,380.1,23.3,22.7,87.6,209.7,1.99,3.2,7.18
Mpumalanga,Wheat,Sandy,595.3,20.4,26.3,224.1,157.7,3.09,53.0,4.0
North West,Sunflower,Sandy Loam,769.0,24.3,41.0,110.1,189.2,2.08,40.8,3.87
KwaZulu-Natal,Soybean,Sandy Loam,645.0,27.1,34.0,237.3,161.1,2.62,8.0,3.86
Mpumalanga,Sunflower,Sandy Loam,497.6,18.9,32.3,192.1,118.8,1.76,13.0,2.67
Mpumalanga,Maize,Loam,454.2,29.3,,33.0,132.8,1.27,56.1,6.34
North West,Wheat,Sandy,548.8,27.7,33.0,162.3,161.7,3.0,51.9,3.47
Mpumalanga,Sunflower,Sandy Loam,628.6,21.8,35.7,84.2,140.9,1.11,14.5,2.93
North West,Sunflower,Sandy,454.1,19.8,27.2,32.0,254.1,3.9,12.6,1.71
Mpumalanga,Sunflower,Loam,634.6,20.8,28.5,44.2,190.4,4.24,75.6,3.14
Mpumalanga,Soybean,Sandy,457.5,25.9,24.1,207.9,256.5,2.72,2.2,3.03
Free State,Soybean,Clay,349.4,24.1,21.5,110.1,222.0,0.86,3.4,1.96
Mpumalanga,Sunflower,Sandy,518.3,19.7,19.1,140.8,148.5,1.07,1.0,2.19
Free State,Soybean,Loam,625.6,18.3,32.1,145.7,338.4,5.39,52.1,3.86
Mpumalanga,Wheat,Loam,320.8,23.7,11.8,54.3,166.3,3.99,39.6,3.31
North West,Wheat,Clay,420.9,24.6,15.9,0.0,288.8,2.51,41.0,3.91
Mpumalanga,Soybean,Clay,731.9,25.3,35.1,57.5,96.2,2.1,11.3,3.5
Limpopo,Wheat,Loam,695.5,19.6,40.3,239.4,106.9,1.91,66.8,5.1
Mpumalanga,Wheat,Sandy,412.4,19.0,25.1,66.9,151.0,2.57,20.7,2.27
Mpumalanga,Maize,Loam,394.8,20.4,17.7,22.2,205.0,3.89,13.8,5.19
Limpopo,Sunflower,Loam,595.9,23.9,34.9,57.5,253.4,0.69,22.3,3.68
Free State,Soybean,Clay,511.3,26.4,21.8,234.0,209.5,3.63,1.8,3.58
Mpumalanga,Sunflower,Sandy Loam,931.1,15.5,55.3,0.0,95.2,1.38,17.9,3.45
KwaZulu-Natal,Maize,Sandy Loam,619.0,18.6,33.7,87.8,219.7,0.53,36.1,7.41
KwaZulu-Natal,Wheat,Loam,739.0,22.3,32.4,54.6,157.8,2.37,3.5,4.6
Limpopo,Wheat,Sandy,648.1,21.5,43.7,100.7,187.3,3.55,15.5,3.73
Mpumalanga,Maize,Sandy,656.1,17.8,38.4,114.3,196.1,1.49,10.7,6.18
KwaZulu-Natal,Maize,Sandy,696.6,21.0,36.6,0.0,194.7,4.42,24.1,5.02
Mpumalanga,Sunflower,Loam,363.7,18.0,21.8,3.8,156.7,6.37,47.9,1.36
North West,Soybean,Sandy Loam,294.8,21.1,6.8,201.4,69.5,4.11,47.4,1.83
Limpopo,Soybean,Loam,698.7,13.7,39.9,116.9,191.6,3.18,37.3,4.92
KwaZulu-Natal,Soybean,Sandy,611.6,29.9,32.5,187.4,152.2,1.02,51.3,2.12
Limpopo,Sunflower,Sandy Loam,535.8,22.1,21.3,72.7,173.0,4.32,29.2,2.63
Free State,Soybean,Loam,580.1,19.4,28.9,265.3,200.3,0.47,81.9,4.57
KwaZulu-Natal,Maize,Loam,622.7,20.9,36.1,128.1,142.1,2.27,38.1,7.29
Limpopo,Maize,Sandy Loam,386.6,25.3,21.2,48.2,226.6,1.77,15.8,5.28
Free State,Sunflower,Sandy Loam,581.6,29.5,32.8,164.3,243.6,3.11,86.2,3.08
Limpopo,Soybean,Sandy Loam,527.2,20.2,24.8,14.8,24.5,3.37,2.9,3.04
KwaZulu-Natal,Soybean,Sandy,531.9,25.8,36.2,142.8,265.7,0.28,15.9,3.66
Limpopo,Wheat,Loam,697.5,23.0,43.2,76.9,243.2,2.57,80.2,4.97
Mpumalanga,Soybean,Sandy Loam,521.9,22.5,31.5,160.8,139.2,3.12,62.8,3.23
Free State,Soybean,Sandy Loam,688.0,17.6,34.3,49.9,166.9,5.42,4.3,3.28
Free State,Maize,Clay,502.5,23.3,28.3,233.5,150.8,1.48,26.6,6.02
Free State,Sunflower,Clay,460.6,27.8,25.0,122.7,142.2,0.38,25.6,2.09
Limpopo,Maize,Sandy,698.9,25.1,39.3,115.8,189.4,1.44,46.5,6.51
Mpumalanga,Soybean,Sandy Loam,556.0,16.7,28.2,176.5,222.9,2.83,13.2,4.15
KwaZulu-Natal,Sunflower,Loam,458.9,25.5,18.6,0.0,180.8,6.82,9.1,1.75
Mpumalanga,Soybean,Sandy,658.4,20.7,38.1,5.3,101.7,2.88,4.2,2.71
KwaZulu-Natal,Sunflower,Sandy,700.2,32.4,47.0,160.2,173.3,2.03,3.7,1.49
Mpumalanga,Sunflower,Sandy Loam,548.2,20.9,,47.6,115.5,5.96,18.5,1.38
Free State,Wheat,Loam,199.9,18.1,11.1,0.0,134.7,1.36,41.0,3.0
Limpopo,Sunflower,Loam,362.6,26.0,20.4,125.4,243.1,2.05,26.8,2.21
Mpumalanga,Soybean,Sandy Loam,512.8,14.3,27.7,136.8,127.0,3.26,1.4,3.44
North West,Soybean,Clay,1079.4,24.7,63.9,187.8,178.0,3.76,6.0,6.18
Limpopo,Wheat,Sandy Loam,446.8,19.0,20.9,131.8,130.2,3.46,1.0,4.1
Mpumalanga,Maize,Sandy,597.7,25.2,38.1,78.2,134.8,1.4,1.0,5.5
KwaZulu-Natal,Soybean,Loam,529.0,23.5,18.7,14.3,137.0,3.34,36.1,3.04
Mpumalanga,Wheat,Loam,295.6,19.1,16.7,0.0,237.8,3.83,1.0,2.63
North West,Maize,Clay,680.4,25.5,33.9,100.6,68.0,5.23,7.6,5.54
KwaZulu-Natal,Wheat,Loam,286.9,24.3,,38.0,247.5,2.6,20.5,3.35
Mpumalanga,Wheat,Loam,515.1,20.0,27.8,186.1,175.4,1.03,21.4,4.72
Mpumalanga,Wheat,Sandy Loam,905.7,24.0,53.3,162.0,210.5,3.21,31.5,5.63
KwaZulu-Natal,Wheat,Clay,522.6,23.4,18.1,173.8,151.5,0.65,4.8,3.82
North West,Maize,Clay,670.6,24.7,40.2,101.3,73.3,2.63,25.4,6.47
Mpumalanga,Wheat,Loam,862.8,21.1,47.4,146.4,193.9,1.43,26.5,6.61
Mpumalanga,Sunflower,Loam,552.8,21.8,27.1,79.4,195.2,2.47,56.0,2.25
North West,Soybean,Sandy,410.1,24.7,24.7,0.0,155.2,3.97,10.4,2.12
Limpopo,Soybean,Loam,344.7,26.0,21.4,28.5,141.8,2.7,19.0,2.29
Free State,Soybean,Sandy,356.3,16.6,15.7,77.9,273.5,2.6,7.6,2.62
Mpumalanga,Sunflower,Clay,659.6,24.0,37.7,219.5,170.6,1.66,8.8,2.74
Free State,Soybean,Sandy,558.5,19.9,34.6,155.8,184.9,2.27,3.1,3.9
Free State,Maize,Loam,470.0,17.6,25.4,207.0,232.7,4.64,3.0,7.34
KwaZulu-Natal,Maize,Sandy,407.7,28.1,18.0,175.0,158.1,2.3,15.2,4.53
North West,Soybean,Loam,492.4,26.7,24.0,124.6,184.2,5.37,6.5,2.92
Limpopo,Soybean,Sandy Loam,458.3,25.1,27.1,86.3,233.5,2.84,7.7,2.83
KwaZulu-Natal,Soybean,Sandy Loam,555.4,24.9,34.2,194.5,222.1,2.26,35.2,3.66
Limpopo,Wheat,Sandy,489.5,20.7,27.8,51.2,174.0,3.6,36.9,2.47
Mpumalanga,Sunflower,Loam,562.2,24.0,,229.0,168.0,0.48,6.8,3.45
North West,Sunflower,Clay,483.9,21.7,30.1,143.8,239.5,2.99,30.9,2.59
North West,Wheat,Loam,801.0,26.7,50.9,110.1,203.5,3.2,1.0,5.55
Free State,Maize,Sandy,387.5,23.6,23.6,29.4,213.0,2.14,5.9,4.08
Mpumalanga,Maize,Loam,434.0,26.4,25.7,110.8,218.8,2.49,8.4,6.81
North West,Wheat,Clay,483.5,26.8,37.6,211.8,278.9,2.03,120.0,3.97
Free State,Maize,Sandy Loam,392.3,24.5,21.0,171.9,289.2,0.69,17.4,6.85
North West,Wheat,Sandy,647.9,26.9,27.0,190.7,195.6,0.64,19.0,3.78
North West,Wheat,Clay,430.5,21.4,22.2,189.5,222.5,1.18,15.1,3.61
North West,Sunflower,Sandy Loam,755.2,28.9,47.4,35.5,177.7,2.89,16.8,2.17
Free State,Sunflower,Sandy Loam,515.5,27.5,26.7,150.9,137.4,2.54,7.6,2.64
KwaZulu-Natal,Sunflower,Loam,438.1,26.0,23.7,112.5,209.6,1.61,18.4,2.32
Limpopo,Soybean,Sandy,780.9,22.1,42.8,198.3,187.3,2.52,25.8,4.05
North West,Wheat,Sandy,899.4,21.9,41.3,286.6,209.7,2.66,2.3,5.21
Limpopo,Wheat,Sandy Loam,364.8,21.9,18.6,195.3,275.4,2.03,58.6,4.0
Free State,Soybean,Clay,926.9,17.5,50.4,313.3,135.6,2.05,46.4,4.99
Free State,Sunflower,Clay,323.4,19.3,20.4,22.1,269.9,5.52,35.9,1.71
Limpopo,Wheat,Sandy Loam,609.6,26.7,36.4,77.4,56.8,4.92,4.9,3.14
KwaZulu-Natal,Maize,Loam,640.0,21.4,31.9,178.2,184.4,0.51,2.1,8.02
North West,Sunflower,Clay,779.7,25.4,45.9,0.0,165.8,5.89,7.7,3.16
Limpopo,Wheat,Sandy,285.5,20.3,8.6,190.3,196.2,1.62,12.6,2.95
Free State,Sunflower,Loam,497.1,21.1,23.2,134.8,172.8,1.87,56.7,3.22
Limpopo,Sunflower,Sandy,647.8,23.8,40.2,284.5,103.0,2.28,27.1,3.42
North West,Wheat,Loam,650.7,19.1,34.2,89.6,212.3,2.36,14.9,5.33
KwaZulu-Natal,Soybean,Sandy Loam,582.0,20.2,36.3,69.3,147.5,6.92,32.0,2.74
Limpopo,Maize,Sandy,468.9,14.4,27.3,91.2,222.3,3.47,40.8,4.76
KwaZulu-Natal,Wheat,Clay,570.5,12.1,35.8,53.4,96.2,1.77,1.9,4.01
Limpopo,Soybean,Sandy,555.3,23.3,30.9,192.7,140.6,1.23,6.1,2.78
North West,Wheat,Sandy,641.6,22.5,36.1,198.2,147.3,1.54,14.5,3.94
Free State,Wheat,Clay,446.4,22.6,20.9,6.6,236.7,0.67,67.4,3.95
Limpopo,Maize,Sandy,551.8,18.6,38.5,147.4,224.4,3.85,17.1,5.03
KwaZulu-Natal,Sunflower,Loam,647.1,18.5,30.7,81.5,260.0,1.49,1.0,3.66
Limpopo,Wheat,Loam,473.1,23.7,,124.1,75.9,5.06,11.8,3.96
Mpumalanga,Maize,Loam,556.5,25.1,33.9,0.0,140.2,2.04,12.9,6.67
KwaZulu-Natal,Sunflower,Sandy,619.3,24.7,31.2,108.7,130.6,2.67,20.7,6.75
KwaZulu-Natal,Wheat,Sandy Loam,387.3,20.7,22.7,20.5,141.6,4.02,17.4,2.84
Mpumalanga,Wheat,Sandy Loam,362.2,22.1,18.3,207.5,251.4,5.16,58.1,3.39
North West,Sunflower,Clay,321.1,24.5,16.3,238.1,121.9,0.71,21.7,1.42
Limpopo,Maize,Sandy Loam,563.4,25.3,21.4,283.6,146.8,1.63,85.4,6.37
Mpumalanga,Wheat,Sandy,372.9,22.5,15.3,124.8,173.7,0.93,27.9,2.97
North West,Maize,Loam,682.3,24.6,38.9,96.8,59.1,1.64,6.1,7.11
KwaZulu-Natal,Soybean,Loam,470.1,22.2,22.0,187.3,113.6,2.36,3.5,2.77
North West,Soybean,Loam,503.1,21.1,27.8,262.1,251.2,0.4,15.3,4.97
Mpumalanga,Soybean,Loam,560.2,26.0,23.9,219.7,262.9,1.84,2.1,4.59
Limpopo,Maize,Clay,459.7,24.0,27.8,67.2,106.3,1.28,15.6,5.26
Limpopo,Soybean,Clay,551.9,21.7,36.3,227.4,147.5,2.5,16.7,3.69
North West,Maize,Sandy,610.0,24.5,30.1,168.0,171.6,3.59,33.6,5.41
Mpumalanga,Soybean,Sandy Loam,563.0,24.8,19.9,69.6,278.0,5.74,5.5,3.93
Mpumalanga,Wheat,Sandy Loam,545.5,16.2,33.4,243.1,105.0,3.32,141.0,3.94
Mpumalanga,Maize,Clay,753.4,21.2,39.2,201.2,123.6,2.34,16.4,6.94
Mpumalanga,Soybean,Clay,411.2,20.4,28.4,12.8,184.4,2.24,7.6,2.06
Mpumalanga,Soybean,Sandy,150.0,21.6,12.5,220.2,223.5,3.5,5.0,2.04
Limpopo,Soybean,Loam,667.3,24.3,,157.7,184.2,2.36,66.5,3.57
KwaZulu-Natal,Wheat,Sandy,400.0,29.7,19.3,142.4,79.1,4.64,190.3,1.9
Free State,Soybean,Clay,647.0,15.7,37.8,162.5,172.3,3.58,2.1,3.99
North West,Maize,Sandy Loam,527.4,19.0,23.3,124.4,331.7,3.64,32.1,7.4
Limpopo,Maize,Sandy Loam,629.4,23.4,41.8,75.9,217.8,0.76,34.7,7.31
North West,Wheat,Clay,322.8,16.6,19.1,264.4,123.8,3.39,16.3,3.19
Free State,Sunflower,Loam,546.7,24.3,26.0,0.0,207.3,2.27,34.8,2.81
KwaZulu-Natal,Sunflower,Loam,562.8,21.0,34.6,146.8,226.4,3.03,1.0,2.36
Limpopo,Maize,Loam,437.7,20.1,27.7,143.9,198.0,3.63,2.6,6.71
Limpopo,Maize,Sandy Loam,465.0,30.0,21.0,124.4,162.1,1.81,17.9,5.87
North West,Wheat,Loam,774.3,21.0,43.7,4.5,61.7,1.97,17.5,4.99
KwaZulu-Natal,Maize,Sandy,424.1,20.7,25.1,0.0,315.3,2.27,1.0,5.24
Free State,Wheat,Sandy Loam,433.0,24.6,21.3,202.4,146.5,1.14,6.9,3.33
Free State,Wheat,Sandy Loam,511.2,30.6,25.7,0.0,99.1,1.37,20.3,3.35
KwaZulu-Natal,Maize,Loam,671.1,17.9,37.5,50.3,198.8,5.15,16.7,6.99
Free State,Wheat,Sandy Loam,680.3,28.7,37.4,184.0,151.0,1.46,18.3,4.76
Free State,Soybean,Sandy Loam,352.2,21.7,5.0,366.0,130.9,1.86,15.2,2.55
Limpopo,Sunflower,Loam,192.2,20.0,5.7,0.0,71.3,2.06,5.1,0.63
Limpopo,Sunflower,Loam,503.1,28.8,17.4,201.4,72.3,0.2,2.5,2.76
Free State,Maize,Sandy,333.7,25.3,22.1,69.7,237.2,1.69,4.3,4.13
Free State,Soybean,Clay,748.8,24.9,23.7,155.6,229.0,3.48,30.6,5.0
Mpumalanga,Sunflower,Sandy,555.2,20.7,33.7,70.5,236.9,0.95,40.2,2.45
Limpopo,Soybean,Clay,405.5,15.6,13.2,219.0,182.8,1.03,45.7,2.89
Mpumalanga,Wheat,Sandy,649.1,21.5,34.5,206.5,181.9,1.58,71.3,4.68
North West,Sunflower,Sandy Loam,190.6,19.6,5.0,27.4,151.2,5.86,14.1,0.18
Free State,Wheat,Sandy Loam,359.7,19.2,20.2,145.8,210.7,2.93,10.9,3.71
Free State,Soybean,Sandy Loam,639.1,25.1,33.9,142.5,123.2,1.57,76.7,3.9
KwaZulu-Natal,Soybean,Loam,517.9,19.2,26.4,230.4,186.3,1.12,91.1,4.31
Mpumalanga,Wheat,Sandy Loam,276.0,19.1,10.7,160.9,189.7,1.07,48.9,3.44
Free State,Wheat,Sandy Loam,394.6,21.5,25.5,118.2,232.7,0.16,2.8,3.91
KwaZulu-Natal,Maize,Loam,741.3,26.2,42.8,65.3,221.0,1.42,10.0,7.57
North West,Wheat,Sandy Loam,448.2,16.3,24.5,193.7,256.7,2.41,18.0,4.47
Free State,Sunflower,Sandy Loam,644.8,19.2,33.8,140.0,294.8,5.26,41.4,3.37
Mpumalanga,Wheat,Clay,543.6,29.7,10.5,218.9,184.8,2.11,90.3,3.55
KwaZulu-Natal,Wheat,Sandy Loam,443.3,23.4,,179.3,151.5,2.81,2.1,4.26
KwaZulu-Natal,Sunflower,Loam,242.9,27.9,10.0,45.0,171.7,4.9,8.8,1.64
KwaZulu-Natal,Sunflower,Loam,677.9,14.8,42.3,183.1,145.3,4.65,16.2,2.45
Limpopo,Wheat,Sandy,509.6,21.0,25.8,117.5,107.4,2.58,4.9,3.73
Free State,Sunflower,Loam,393.5,20.2,20.5,113.1,283.1,0.24,36.7,3.1
Mpumalanga,Wheat,Loam,638.1,27.5,35.3,0.0,224.9,1.14,6.1,4.68
North West,Maize,Sandy Loam,438.6,24.2,21.0,135.1,201.3,3.97,37.9,5.47
Free State,Soybean,Loam,375.3,25.1,30.3,150.2,241.6,1.45,21.8,3.49
North West,Maize,Sandy,461.3,26.3,,47.1,201.2,5.36,5.9,4.76
KwaZulu-Natal,Wheat,Clay,219.4,27.3,7.1,121.9,210.4,1.3,79.4,2.6
Limpopo,Maize,Sandy,513.5,31.2,20.1,48.0,269.4,2.1,6.4,4.62
North West,Wheat,Sandy Loam,294.8,22.5,16.5,118.7,169.7,7.17,1.9,2.54
North West,Sunflower,Sandy,564.5,16.7,32.9,181.6,146.6,4.37,5.4,2.4
Limpopo,Wheat,Clay,382.8,21.5,26.2,20.4,225.3,1.59,40.4,2.68
North West,Soybean,Loam,479.2,20.4,30.3,0.0,116.1,3.27,18.6,3.31
Limpopo,Soybean,Sandy,605.6,25.0,35.2,135.3,207.4,2.94,16.6,3.41
Mpumalanga,Wheat,Sandy,298.6,13.4,16.1,134.9,73.8,1.09,22.9,2.34
Mpumalanga,Maize,Loam,352.5,23.8,19.7,260.6,228.7,0.85,1.8,6.47
Free State,Sunflower,Sandy Loam,195.9,20.1,12.1,195.5,149.4,2.08,7.1,1.61
Mpumalanga,Wheat,Sandy Loam,799.1,24.9,44.7,106.2,124.3,4.93,14.6,4.65
Mpumalanga,Sunflower,Sandy,422.3,22.9,28.6,54.5,138.7,2.21,11.4,1.55
Mpumalanga,Maize,Sandy Loam,605.2,23.2,24.9,12.8,220.5,0.85,47.8,7.11
Free State,Maize,Clay,760.2,27.3,41.3,26.4,174.3,6.24,2.1,6.17
Limpopo,Maize,Sandy Loam,608.0,28.7,43.1,180.6,100.5,3.84,10.4,6.25
Limpopo,Maize,Sandy Loam,557.0,18.9,34.3,16.1,230.9,4.51,7.9,6.61
North West,Maize,Sandy Loam,636.3,25.0,39.9,196.9,180.3,4.58,3.5,6.84
North West,Wheat,Sandy,397.6,21.1,20.4,79.5,136.2,4.73,35.4,2.55
KwaZulu-Natal,Sunflower,Sandy,804.6,25.4,39.6,151.1,237.9,1.27,17.7,3.18
Limpopo,Sunflower,Loam,471.1,22.2,15.8,224.5,212.5,4.56,2.6,2.95
Mpumalanga,Wheat,Clay,428.2,22.0,30.6,5.2,139.6,1.05,3.6,3.14
Mpumalanga,Soybean,Sandy,732.2,23.2,46.4,98.0,134.7,1.91,16.0,3.33
Limpopo,Soybean,Clay,674.3,19.6,44.1,0.0,167.4,4.84,42.8,3.56
Free State,Maize,Sandy,313.1,18.1,19.4,281.1,179.0,1.41,26.1,4.67
North West,Soybean,Sandy,358.4,30.6,24.3,41.0,173.5,0.36,6.0,1.44
KwaZulu-Natal,Sunflower,Sandy Loam,728.6,20.8,43.0,65.2,237.7,0.86,1.0,3.49
Free State,Sunflower,Clay,521.1,18.0,26.4,133.1,103.5,1.07,48.9,2.87
Mpumalanga,Soybean,Loam,434.4,22.9,12.7,102.4,61.8,3.72,12.4,3.0
Mpumalanga,Wheat,Clay,675.8,21.0,45.8,171.2,281.1,3.43,6.0,4.9
Limpopo,Sunflower,Clay,669.8,18.8,42.3,146.4,212.2,2.73,22.2,3.06
KwaZulu-Natal,Sunflower,Clay,674.4,25.1,31.2,230.4,199.6,2.11,76.4,3.39
Mpumalanga,Sunflower,Clay,468.5,22.7,31.6,142.0,172.7,2.12,7.8,2.27
North West,Soybean,Sandy Loam,608.7,27.1,34.3,49.8,208.4,4.4,4.6,3.2
Mpumalanga,Maize,Sandy,715.2,22.4,33.9,0.0,195.8,0.98,7.9,6.15
Limpopo,Wheat,Clay,529.2,20.7,33.4,153.1,369.5,2.01,13.1,4.6
Free State,Sunflower,Loam,520.0,17.9,29.0,19.2,36.6,2.91,33.2,1.32
KwaZulu-Natal,Soybean,Sandy Loam,527.6,21.5,30.0,113.8,181.7,2.41,57.0,2.44
Free State,Soybean,Clay,792.9,28.5,51.4,134.8,73.6,4.96,25.1,3.28
Mpumalanga,Wheat,Loam,721.3,25.6,38.6,167.1,164.9,0.63,38.6,5.09
Free State,Soybean,Clay,602.4,22.2,27.1,0.0,163.4,1.19,27.2,2.81
North West,Sunflower,Sandy Loam,671.6,14.3,29.5,153.6,178.7,3.04,5.9,3.32
Mpumalanga,Soybean,Sandy,261.1,23.1,12.9,126.5,183.9,2.73,27.8,1.27
Free State,Wheat,Loam,692.3,20.4,38.6,72.1,241.3,4.02,9.0,5.78
Limpopo,Wheat,Sandy,586.5,23.3,32.2,125.5,194.3,1.2,1.1,3.7
Free State,Soybean,Sandy,650.4,24.5,32.6,0.0,172.8,3.09,8.8,2.54
KwaZulu-Natal,Maize,Sandy,794.1,23.0,43.5,10.7,129.2,3.7,6.6,6.1
KwaZulu-Natal,Soybean,Clay,563.2,19.5,30.2,144.6,115.2,3.64,44.2,3.3
Limpopo,Wheat,Clay,577.9,26.6,27.6,13.5,107.4,2.22,35.6,3.43
North West,Sunflower,Sandy Loam,633.2,20.7,34.1,183.7,145.8,1.12,25.1,2.85
Mpumalanga,Wheat,Clay,474.0,22.5,28.6,115.5,99.8,4.02,44.9,3.22
Free State,Wheat,Sandy,427.9,20.9,27.8,141.0,99.6,1.35,8.8,2.85
Mpumalanga,Sunflower,Sandy Loam,625.5,24.6,36.0,219.7,129.5,4.22,1.8,2.92
KwaZulu-Natal,Maize,Loam,625.0,22.8,23.4,22.9,182.3,1.88,17.8,7.38
North West,Sunflower,Sandy Loam,396.4,21.9,20.5,244.3,251.1,3.3,1.0,2.93
KwaZulu-Natal,Sunflower,Clay,630.1,27.2,41.8,67.3,156.5,4.77,10.7,2.66
Mpumalanga,Soybean,Loam,446.1,22.4,23.4,53.7,115.4,1.17,9.4,3.15
Mpumalanga,Wheat,Loam,381.6,25.4,20.7,109.6,143.6,1.55,7.3,4.28
Mpumalanga,Sunflower,Clay,624.8,15.2,28.3,103.8,170.7,5.11,17.6,2.45
North West,Wheat,Loam,526.6,22.4,33.6,140.9,211.8,2.79,35.9,4.78
Free State,Wheat,Clay,740.7,22.4,39.1,9.1,133.2,2.14,17.7,4.24
Mpumalanga,Soybean,Sandy Loam,496.9,19.6,29.1,263.1,187.0,3.49,7.8,4.1
Free State,Maize,Sandy Loam,288.3,19.6,15.2,1.4,169.0,5.06,1.5,4.64
KwaZulu-Natal,Soybean,Sandy,574.4,26.6,24.4,42.6,152.0,2.74,55.0,2.64
Mpumalanga,Soybean,Clay,764.0,20.1,41.5,65.6,222.6,0.25,12.7,5.19
Limpopo,Maize,Sandy,601.1,24.6,22.6,83.4,213.4,1.06,12.0,5.76
North West,Wheat,Sandy Loam,731.2,20.3,36.2,232.8,275.9,3.73,21.5,5.03
Free State,Maize,Sandy Loam,456.3,26.1,18.8,173.4,141.2,5.8,1.9,4.94
North West,Maize,Sandy Loam,599.4,12.5,36.0,186.7,184.3,2.2,43.1,7.78
Limpopo,Maize,Sandy,635.8,20.7,33.2,44.3,259.4,2.6,8.4,5.41
KwaZulu-Natal,Wheat,Clay,286.0,24.3,5.0,117.2,268.6,3.69,49.7,2.99
KwaZulu-Natal,Soybean,Sandy Loam,690.8,21.8,32.7,141.8,104.8,3.03,12.2,3.7
Free State,Sunflower,Clay,477.9,26.2,31.9,184.5,143.9,2.09,3.8,2.34
Free State,Sunflower,Sandy,536.6,27.6,20.2,169.4,123.6,1.79,16.4,1.59
Free State,Maize,Sandy Loam,552.9,26.6,28.8,279.8,175.9,3.3,75.5,6.41
Limpopo,Soybean,Sandy,630.6,22.5,32.2,169.8,226.3,2.27,1.0,3.81
Free State,Maize,Sandy,332.2,15.8,23.5,170.5,68.2,1.41,2.6,4.14
North West,Wheat,Sandy,468.3,19.1,25.2,124.1,176.4,2.9,10.1,3.23
Limpopo,Soybean,Sandy Loam,708.8,23.0,35.1,13.5,201.2,1.61,9.3,3.93
Mpumalanga,Wheat,Sandy,624.4,20.3,36.2,119.2,81.6,0.79,8.0,3.71
North West,Maize,Sandy,399.8,25.6,12.5,86.0,140.9,2.75,33.4,3.99
Free State,Maize,Clay,457.6,21.1,28.4,147.6,181.6,2.54,78.0,5.93
KwaZulu-Natal,Maize,Sandy Loam,507.6,20.5,25.8,210.6,135.6,2.09,32.6,5.85
Free State,Maize,Sandy Loam,687.1,25.1,40.9,211.5,109.7,1.59,35.6,7.96
KwaZulu-Natal,Wheat,Loam,507.3,18.5,22.2,84.1,152.2,0.74,35.3,4.49
North West,Maize,Sandy Loam,836.3,16.6,46.9,56.3,161.2,1.04,175.1,7.82
Mpumalanga,Sunflower,Loam,579.0,18.9,32.3,194.3,168.1,2.14,35.4,3.04
Mpumalanga,Maize,Sandy Loam,225.8,23.7,16.1,88.4,219.6,2.66,108.4,4.76
KwaZulu-Natal,Maize,Sandy,472.8,21.9,23.5,93.1,143.2,2.78,15.9,4.53
KwaZulu-Natal,Maize,Clay,850.7,19.2,52.0,62.9,79.0,2.33,20.6,6.55
Mpumalanga,Sunflower,Sandy Loam,601.1,29.3,28.6,49.1,167.9,2.47,53.8,2.1
Mpumalanga,Wheat,Sandy Loam,319.2,23.4,23.0,43.8,233.5,1.79,48.6,3.87
Mpumalanga,Sunflower,Sandy,432.7,22.4,18.1,162.6,157.9,1.56,3.5,1.79
Free State,Maize,Sandy,446.1,26.7,22.3,157.7,129.6,1.42,30.5,5.2
Mpumalanga,Soybean,Clay,538.8,21.8,30.4,138.1,232.8,5.41,28.4,3.85
Free State,Soybean,Clay,567.2,21.6,30.4,0.0,229.6,1.93,12.4,3.18
North West,Sunflower,Loam,456.0,27.6,27.3,61.5,233.8,5.4,55.7,2.15
KwaZulu-Natal,Maize,Sandy,574.2,27.4,35.0,108.2,172.6,3.89,47.0,5.32
Free State,Maize,Clay,450.6,19.1,19.5,201.8,253.0,1.72,11.8,6.13
KwaZulu-Natal,Wheat,Clay,539.7,21.5,33.3,71.9,221.2,0.95,23.6,3.91
KwaZulu-Natal,Soybean,Sandy,475.2,19.3,19.3,184.4,250.6,3.71,20.8,3.45
Mpumalanga,Wheat,Sandy,496.1,21.0,35.4,280.1,123.5,3.68,16.2,3.15
North West,Soybean,Sandy Loam,444.4,28.8,24.5,226.9,172.8,4.67,1.8,2.57
Limpopo,Wheat,Sandy,293.3,23.3,14.0,148.0,146.1,3.6,26.9,2.24
Limpopo,Wheat,Sandy Loam,820.1,19.7,42.4,157.8,226.3,1.8,10.6,5.71
KwaZulu-Natal,Wheat,Loam,683.3,20.1,32.6,0.0,153.3,3.75,25.0,4.5
Free State,Wheat,Loam,733.2,19.5,41.1,144.7,129.0,4.89,26.1,4.96
Mpumalanga,Soybean,Sandy,658.6,25.0,44.7,73.0,137.7,2.06,21.9,3.26
Mpumalanga,Maize,Clay,320.1,22.9,9.6,152.6,249.0,4.58,1.0,4.38
Free State,Wheat,Clay,525.7,22.2,41.0,95.2,158.7,3.59,31.3,3.88
Limpopo,Sunflower,Sandy,671.2,21.9,39.1,160.1,180.2,0.8,24.3,3.32
KwaZulu-Natal,Sunflower,Sandy Loam,420.5,29.1,22.5,96.1,300.3,0.84,10.2,2.51
Free State,Soybean,Sandy,489.7,25.4,24.1,81.6,142.1,1.2,35.9,3.1
North West,Wheat,Clay,525.7,21.2,29.1,175.5,181.7,2.9,20.6,4.31
North West,Maize,Sandy Loam,353.2,24.4,17.1,60.6,277.0,1.77,4.6,6.18
Free State,Maize,Clay,399.6,26.3,18.5,252.1,267.2,3.39,13.5,5.8
North West,Soybean,Sandy Loam,433.0,25.5,16.0,118.5,67.0,2.7,2.5,2.85
Limpopo,Soybean,Clay,286.8,25.5,16.8,123.2,224.8,3.85,10.8,2.49
Limpopo,Sunflower,Clay,378.5,21.8,14.0,150.9,206.9,2.63,5.4,2.2
Mpumalanga,Wheat,Sandy Loam,553.6,23.9,28.6,214.6,123.9,0.87,46.7,4.48
KwaZulu-Natal,Soybean,Sandy,466.3,25.2,21.4,26.8,204.4,0.62,3.9,3.19
Free State,Soybean,Sandy Loam,519.9,20.0,22.4,119.3,166.2,1.21,47.3,3.5
Free State,Sunflower,Loam,639.5,22.5,39.5,125.1,161.9,5.33,15.2,2.95
North West,Soybean,Sandy Loam,437.1,23.5,20.9,150.5,296.3,6.26,7.5,3.8
Free State,Sunflower,Loam,894.5,17.2,50.4,17.0,190.6,1.19,7.9,3.25
Free State,Sunflower,Sandy Loam,305.6,22.6,13.7,219.6,122.6,1.95,28.4,2.02
Free State,Sunflower,Loam,738.6,23.4,38.9,116.5,235.2,1.83,9.1,3.49
North West,Sunflower,Sandy,492.0,20.4,26.9,102.4,161.1,3.67,42.4,1.58
Free State,Sunflower,Loam,481.1,16.1,,67.7,144.0,1.45,20.0,3.02
KwaZulu-Natal,Maize,Sandy,670.3,23.5,25.4,203.2,230.6,1.5,12.3,6.65
North West,Soybean,Clay,545.7,20.3,32.7,165.5,101.5,2.24,121.3,3.28
North West,Sunflower,Sandy Loam,858.1,18.6,52.2,21.0,247.2,2.61,7.2,3.49
KwaZulu-Natal,Wheat,Sandy,437.3,22.2,22.3,231.3,106.3,2.73,1.4,3.21
Limpopo,Soybean,Clay,699.1,19.4,37.5,146.8,111.0,0.19,19.3,4.11
North West,Soybean,Loam,663.0,20.4,44.2,195.7,163.8,3.26,8.5,4.73
Mpumalanga,Sunflower,Sandy,787.0,25.0,49.9,154.7,198.6,4.66,37.8,2.88
Free State,Sunflower,Sandy,564.3,15.1,24.5,121.1,176.6,1.43,4.4,2.4
North West,Wheat,Clay,439.0,22.7,25.7,275.9,142.4,0.71,2.3,3.88
North West,Maize,Sandy Loam,902.3,30.7,44.5,96.6,116.9,5.98,37.6,7.06
Free State,Soybean,Loam,502.2,22.1,28.8,218.5,199.6,2.31,32.1,3.65
Free State,Wheat,Sandy,524.1,19.4,23.7,25.8,190.5,0.41,4.8,3.23
Limpopo,Maize,Sandy,666.6,27.9,31.3,0.0,125.9,2.02,12.5,5.2
Free State,Soybean,Clay,423.0,22.7,23.1,184.8,191.3,2.66,14.3,3.16
Limpopo,Sunflower,Sandy,559.3,21.8,33.0,12.5,105.9,4.49,4.6,1.64
Limpopo,Sunflower,Sandy Loam,696.1,21.5,31.1,148.9,138.2,3.15,109.2,2.63
North West,Maize,Sandy,664.8,27.2,35.0,0.0,194.7,2.73,5.0,5.81
KwaZulu-Natal,Sunflower,Sandy Loam,411.2,20.4,17.5,37.4,208.9,2.37,1.5,2.06
Free State,Maize,Sandy,551.2,20.2,31.8,65.3,145.4,0.65,83.0,4.66
Mpumalanga,Soybean,Clay,621.7,17.0,35.1,190.8,188.4,5.15,4.8,3.43
Free State,Sunflower,Clay,618.0,23.5,37.9,170.1,218.2,3.63,32.8,3.59
Limpopo,Maize,Sandy,756.3,24.1,45.1,106.2,309.1,2.22,11.8,7.63
KwaZulu-Natal,Maize,Loam,645.6,19.1,37.7,116.1,104.0,2.47,18.4,7.94
Limpopo,Maize,Loam,634.4,21.6,41.2,64.3,175.4,4.73,42.5,7.0
KwaZulu-Natal,Soybean,Sandy,517.8,14.9,31.9,0.0,84.7,2.92,20.0,1.1
Free State,Wheat,Sandy Loam,421.0,20.4,29.5,136.3,206.9,2.44,80.3,3.89
Limpopo,Soybean,Loam,583.9,25.9,31.1,0.0,109.8,3.07,52.4,3.25
KwaZulu-Natal,Sunflower,Clay,666.5,15.3,34.6,195.6,141.0,1.83,44.1,2.76
KwaZulu-Natal,Wheat,Clay,505.5,25.1,22.3,164.4,300.0,4.31,16.8,4.25
Mpumalanga,Maize,Loam,496.2,21.3,29.1,131.2,144.3,1.21,13.9,7.5
Free State,Soybean,Clay,499.8,24.0,32.4,223.3,196.4,2.59,139.0,3.73
Mpumalanga,Maize,Loam,646.7,20.3,24.0,133.0,215.1,2.47,23.7,7.9
KwaZulu-Natal,Soybean,Sandy Loam,494.7,19.2,27.8,140.9,239.9,5.27,1.7,2.74
Limpopo,Wheat,Sandy Loam,690.7,24.3,40.9,173.5,117.9,5.15,9.3,4.33
Free State,Sunflower,Clay,504.5,24.6,20.0,181.1,154.7,3.53,9.8,2.31
Limpopo,Soybean,Loam,611.5,18.3,32.3,112.5,174.0,1.48,3.1,3.9
North West,Soybean,Clay,556.0,25.1,29.5,181.1,215.5,2.62,33.6,3.14
Limpopo,Soybean,Sandy,716.9,19.4,31.3,167.6,203.5,4.8,7.4,3.94
Mpumalanga,Wheat,Clay,422.3,18.3,13.8,154.1,116.9,4.0,25.6,3.14
Limpopo,Soybean,Clay,606.7,20.7,28.4,0.0,205.5,2.2,7.1,2.97
Limpopo,Maize,Loam,451.9,25.2,16.3,210.6,253.4,6.16,5.0,7.28
North West,Wheat,Sandy Loam,688.0,18.2,31.1,149.3,134.8,1.38,2.6,4.54
North West,Wheat,Loam,361.1,20.6,17.4,107.6,117.0,2.19,37.2,3.11
Limpopo,Wheat,Sandy,667.2,21.2,28.8,109.3,188.5,2.77,79.7,4.03
KwaZulu-Natal,Sunflower,Clay,616.9,19.1,38.1,34.4,180.2,1.33,11.8,2.51
Mpumalanga,Wheat,Sandy,433.9,21.2,20.8,131.5,199.8,3.88,1.0,3.29
Mpumalanga,Wheat,Loam,885.7,14.3,41.7,35.9,227.9,3.58,19.3,5.11
Mpumalanga,Sunflower,Loam,821.7,24.0,50.9,207.2,30.5,1.34,8.8,3.75
North West,Wheat,Loam,688.6,15.4,36.6,0.0,148.8,0.58,43.1,4.68
Mpumalanga,Maize,Clay,468.0,19.3,21.1,134.4,258.2,4.35,6.2,5.94
North West,Wheat,Clay,590.1,20.5,22.6,89.0,152.5,3.2,100.3,3.78
North West,Soybean,Clay,576.9,23.8,27.3,32.6,80.1,1.96,5.8,3.45
Free State,Maize,Sandy Loam,417.3,20.8,25.0,56.5,166.5,2.6,21.7,6.19
KwaZulu-Natal,Sunflower,Loam,531.2,19.6,27.6,63.3,129.3,0.84,21.8,2.56
Free State,Sunflower,Sandy Loam,579.0,25.9,32.4,173.7,164.4,2.43,39.0,3.09
Limpopo,Soybean,Clay,681.0,18.5,32.1,126.8,133.6,1.29,10.8,3.83
Free State,Maize,Sandy Loam,414.4,27.4,26.5,126.0,260.0,1.81,5.2,6.11
KwaZulu-Natal,Wheat,Sandy,892.0,25.5,57.8,173.6,176.8,5.66,1.3,3.97
Mpumalanga,Soybean,Loam,540.7,28.8,27.9,128.5,153.5,1.67,1.4,3.51
Mpumalanga,Soybean,Sandy,741.6,22.2,39.1,155.9,20.0,2.11,1.0,3.0
Limpopo,Maize,Sandy Loam,419.8,23.0,29.0,262.2,225.5,4.17,6.6,6.07
Limpopo,Sunflower,Sandy,621.9,23.3,30.9,138.4,56.4,1.55,11.4,2.66
Free State,Soybean,Sandy,608.7,28.0,39.7,71.5,143.0,3.09,20.8,3.01
Mpumalanga,Sunflower,Sandy,533.6,22.5,28.7,164.9,131.6,1.51,37.2,2.45
Free State,Wheat,Loam,552.2,22.0,22.0,82.1,145.6,0.58,32.7,4.18
Limpopo,Sunflower,Sandy,431.6,24.6,28.0,216.8,164.6,2.31,4.7,2.68
Mpumalanga,Sunflower,Loam,745.0,19.5,49.7,217.2,235.9,3.54,7.2,3.76
Mpumalanga,Soybean,Sandy,447.2,28.3,28.2,130.0,204.6,1.09,14.4,2.71
Limpopo,Wheat,Clay,664.2,23.4,34.1,168.0,174.6,4.1,1.0,4.49
Mpumalanga,Wheat,Sandy,629.3,22.7,40.2,152.7,112.7,2.11,3.3,3.52
KwaZulu-Natal,Maize,Loam,574.8,23.5,33.2,36.8,138.2,2.19,7.6,7.21
Mpumalanga,Maize,Loam,514.4,23.2,36.8,209.5,228.6,2.12,6.1,6.69
Free State,Sunflower,Clay,593.2,18.3,32.8,236.4,157.3,0.47,76.9,2.43
North West,Wheat,Clay,780.8,19.4,46.5,223.6,89.4,2.68,13.8,4.25
North West,Wheat,Loam,484.7,16.8,20.9,0.0,42.5,2.85,1.0,2.75
Limpopo,Sunflower,Sandy,388.6,24.5,10.9,93.8,272.1,2.08,13.8,2.14
North West,Soybean,Loam,591.0,25.8,34.1,200.4,197.4,4.77,1.0,4.35
North West,Soybean,Sandy,502.0,27.6,32.0,0.0,273.4,2.8,31.8,2.88
KwaZulu-Natal,Wheat,Sandy,470.7,28.7,32.5,114.3,303.6,3.29,29.1,3.56
Mpumalanga,Wheat,Clay,302.2,22.9,15.4,158.6,187.2,4.64,16.4,2.77
Free State,Soybean,Loam,556.6,26.3,32.9,143.2,145.9,2.37,36.0,4.24
Mpumalanga,Wheat,Clay,758.0,21.9,33.4,110.9,113.3,1.33,7.7,3.93
Free State,Sunflower,Sandy Loam,502.5,24.3,23.7,36.2,116.6,2.21,13.5,1.93
Limpopo,Soybean,Loam,467.6,19.9,19.9,53.7,103.2,3.45,7.9,2.9
Limpopo,Sunflower,Sandy,614.2,22.6,40.4,209.3,98.2,1.59,36.0,1.92
KwaZulu-Natal,Wheat,Loam,277.5,24.8,17.4,94.7,152.6,2.28,22.4,3.73
Limpopo,Soybean,Clay,647.8,13.8,37.7,56.0,162.5,1.06,65.1,3.38
Mpumalanga,Soybean,Loam,700.5,19.3,36.8,20.4,256.1,2.13,1.0,4.6
North West,Wheat,Sandy,509.2,18.6,22.7,137.5,124.0,2.64,7.3,2.96
North West,Soybean,Loam,496.6,25.8,27.9,28.5,211.3,2.38,27.9,3.87
Free State,Wheat,Clay,803.8,21.1,38.4,58.3,182.1,1.41,18.9,4.53
Free State,Sunflower,Clay,458.5,24.1,17.4,85.0,283.5,0.66,35.0,3.62
Limpopo,Soybean,Loam,601.4,24.1,35.8,174.9,243.9,0.93,53.5,4.97
KwaZulu-Natal,Maize,Sandy,414.6,18.6,21.3,288.2,116.3,3.07,1.0,5.05
North West,Wheat,Loam,641.5,23.7,34.1,266.5,202.7,3.29,24.1,5.07
Limpopo,Maize,Sandy Loam,735.2,12.5,40.9,123.8,296.9,2.09,10.2,7.76
Limpopo,Maize,Sandy,359.9,21.3,14.0,0.0,191.0,5.21,36.0,3.92
Free State,Wheat,Sandy,480.0,19.4,25.8,136.5,176.6,1.47,151.8,2.51
KwaZulu-Natal,Sunflower,Sandy Loam,602.9,19.8,38.9,128.6,130.5,0.38,26.5,3.66
KwaZulu-Natal,Maize,Sandy,732.8,19.2,46.1,245.7,223.0,0.71,2.7,7.3
Mpumalanga,Sunflower,Sandy,683.7,23.7,33.0,84.3,202.5,2.6,1.0,2.63
Mpumalanga,Wheat,Sandy,768.3,19.9,52.8,235.5,168.8,0.56,7.7,5.03
Free State,Sunflower,Loam,636.9,22.3,32.0,20.2,290.2,3.1,4.5,4.28
KwaZulu-Natal,Soybean,Sandy,150.0,13.1,5.0,203.0,132.3,2.67,20.1,1.12
KwaZulu-Natal,Maize,Loam,593.0,19.1,38.1,50.7,252.3,1.55,4.0,8.39
Mpumalanga,Wheat,Sandy Loam,150.0,27.6,9.8,115.1,209.5,2.33,10.7,2.01
Limpopo,Soybean,Loam,462.8,25.7,17.5,47.2,119.8,6.13,21.4,2.78
Limpopo,Maize,Loam,638.0,22.2,25.6,159.0,98.7,2.93,8.6,7.68
Limpopo,Wheat,Clay,445.6,18.1,,0.0,210.1,1.24,34.6,3.29
Mpumalanga,Maize,Clay,433.7,21.5,18.1,123.8,116.8,0.71,18.4,5.0
Mpumalanga,Wheat,Sandy,424.8,18.1,24.0,88.4,111.4,0.26,15.8,3.69
KwaZulu-Natal,Sunflower,Sandy,578.3,21.9,29.4,98.5,207.6,0.93,27.6,3.07
North West,Soybean,Sandy,704.8,20.7,21.6,84.0,190.7,3.74,37.2,3.34
Limpopo,Soybean,Clay,664.9,20.6,40.1,90.1,165.4,5.72,87.3,3.55
KwaZulu-Natal,Sunflower,Sandy,332.2,12.0,15.6,140.9,161.0,2.74,6.3,1.7
Mpumalanga,Wheat,Sandy Loam,382.0,19.0,28.9,58.4,125.7,1.74,24.8,3.21
Limpopo,Soybean,Clay,719.3,25.0,52.8,240.2,20.0,1.92,2.7,3.47
Mpumalanga,Wheat,Clay,648.4,23.6,36.5,101.2,268.5,1.55,53.5,4.5
North West,Wheat,Sandy,516.3,20.4,27.8,213.0,272.0,2.52,74.8,4.44
KwaZulu-Natal,Wheat,Sandy Loam,511.3,18.7,29.6,93.3,224.4,3.22,36.8,4.19
North West,Sunflower,Loam,685.1,21.8,38.9,229.3,98.0,2.08,14.9,3.15
Free State,Maize,Clay,580.0,25.0,25.9,83.6,211.5,4.59,14.0,5.87
Mpumalanga,Sunflower,Sandy,398.4,18.7,19.1,75.3,204.3,1.74,14.4,2.17
North West,Sunflower,Sandy Loam,688.9,26.2,37.0,153.7,151.9,2.32,9.8,3.43
Mpumalanga,Maize,Sandy Loam,900.0,20.9,50.2,122.8,153.2,3.2,3.9,7.85
North West,Soybean,Clay,503.0,24.4,24.2,183.8,218.8,0.33,43.9,3.83
Mpumalanga,Wheat,Clay,910.1,23.0,,144.7,178.8,2.99,43.6,5.43
North West,Maize,Sandy,687.0,23.9,30.4,139.8,116.9,5.74,8.5,5.93
North West,Soybean,Sandy Loam,660.6,22.8,52.9,161.3,136.5,2.57,18.9,4.38
North West,Maize,Sandy Loam,617.7,18.2,34.0,65.3,306.1,2.04,17.0,6.93
North West,Soybean,Sandy,621.2,22.2,40.5,49.0,146.5,5.83,13.8,2.65
Limpopo,Wheat,Sandy,511.8,22.0,22.6,156.1,110.1,1.7,25.2,3.08
Limpopo,Wheat,Clay,524.0,23.2,32.0,136.2,198.8,1.72,29.4,3.85
Limpopo,Soybean,Sandy,389.2,21.0,17.6,108.0,182.1,1.7,9.9,2.47
Mpumalanga,Sunflower,Clay,635.7,19.3,33.1,242.4,271.2,3.17,1.3,3.22
Free State,Wheat,Clay,554.0,24.1,33.2,134.4,168.6,1.6,4.7,2.78
Limpopo,Soybean,Sandy Loam,461.5,18.6,12.7,35.6,91.2,5.34,31.7,1.77
Free State,Sunflower,Sandy,522.0,17.0,21.7,215.7,207.9,2.14,46.9,2.78
North West,Wheat,Clay,239.1,28.7,9.3,89.5,229.7,2.73,17.3,3.09
Free State,Soybean,Sandy,615.0,23.6,25.2,208.7,216.2,2.37,13.9,4.19
North West,Maize,Loam,462.8,19.2,24.1,101.1,65.8,2.23,3.0,6.52
Mpumalanga,Maize,Sandy Loam,515.1,24.4,29.9,182.2,188.9,0.74,5.2,6.69
Free State,Soybean,Sandy,457.4,25.2,27.0,160.8,133.9,1.33,46.0,3.07
North West,Soybean,Sandy,709.2,24.8,34.5,153.5,77.8,0.48,1.2,3.18
North West,Sunflower,Clay,713.0,15.8,30.7,126.7,223.1,1.33,1.0,3.05
Mpumalanga,Wheat,Sandy Loam,338.4,21.8,13.0,263.8,289.7,2.64,57.3,4.15
North West,Wheat,Sandy,485.2,19.8,20.9,128.8,245.4,0.88,12.4,4.1
North West,Maize,Sandy,549.4,22.3,28.1,141.6,142.1,1.68,20.5,5.4
North West,Soybean,Clay,612.9,20.8,35.3,154.0,114.1,0.53,63.7,3.7
Free State,Wheat,Loam,364.8,22.0,11.7,321.9,232.0,1.59,19.1,5.04
Mpumalanga,Wheat,Sandy Loam,313.3,16.8,13.0,157.5,223.6,3.28,83.2,2.99
Limpopo,Soybean,Sandy Loam,585.8,24.8,38.3,151.3,162.4,1.19,20.0,3.59
Free State,Soybean,Sandy Loam,455.9,19.1,26.0,99.9,150.6,1.36,1.0,2.36
KwaZulu-Natal,Sunflower,Clay,748.5,23.3,48.4,0.0,178.1,2.42,16.3,2.22
Free State,Soybean,Loam,865.6,22.2,37.7,149.6,239.5,5.18,19.5,5.47
Free State,Maize,Loam,518.5,26.6,20.9,149.4,212.8,2.77,28.2,7.36
Mpumalanga,Sunflower,Sandy Loam,516.7,14.7,24.5,0.0,196.7,3.32,40.7,2.57
North West,Maize,Sandy Loam,150.0,15.2,5.0,162.7,86.7,1.2,21.7,4.48
Limpopo,Soybean,Sandy,644.2,23.6,36.0,93.4,98.4,0.69,25.9,3.09
North West,Sunflower,Sandy,345.1,24.0,20.7,61.2,79.7,0.68,5.4,0.7
KwaZulu-Natal,Sunflower,Sandy,352.2,23.8,18.1,116.8,151.0,2.06,1.9,1.64
Mpumalanga,Soybean,Clay,655.8,22.8,31.3,114.3,212.1,3.02,13.8,3.74
North West,Maize,Clay,532.6,21.3,31.0,0.0,183.8,4.74,8.6,5.22
North West,Sunflower,Sandy,632.7,19.9,35.0,258.3,254.1,2.65,17.9,3.31
North West,Soybean,Clay,535.5,22.0,19.6,178.2,115.0,2.7,16.6,2.96
North West,Soybean,Sandy,512.3,21.7,18.8,84.7,143.3,0.86,22.4,2.97
KwaZulu-Natal,Wheat,Loam,599.7,18.0,21.0,189.7,226.2,2.05,49.6,5.43
North West,Maize,Clay,619.4,16.9,42.1,296.4,177.9,4.22,10.5,6.6
KwaZulu-Natal,Maize,Sandy Loam,785.2,25.1,43.4,173.0,205.2,2.65,4.9,8.14
North West,Wheat,Sandy,500.9,27.7,19.1,145.4,156.7,2.58,116.8,3.07
Free State,Soybean,Clay,538.3,23.5,30.8,166.3,244.5,1.13,19.6,3.36
North West,Soybean,Loam,412.3,27.0,23.4,178.8,101.7,1.12,13.4,2.97
Free State,Wheat,Sandy,554.2,24.0,30.0,60.6,122.3,3.28,19.4,3.4
Mpumalanga,Maize,Loam,528.1,21.3,30.3,70.1,161.7,2.66,67.6,6.94
Mpumalanga,Wheat,Clay,350.4,21.6,18.2,62.8,159.0,0.94,7.0,3.05
Mpumalanga,Soybean,Clay,395.8,19.7,29.4,0.0,307.3,0.37,1.0,2.72
Free State,Sunflower,Loam,542.0,20.0,24.2,126.1,218.8,7.02,16.6,1.86
Limpopo,Soybean,Loam,516.8,24.5,28.9,71.1,198.5,1.59,5.3,3.95
KwaZulu-Natal,Sunflower,Clay,347.7,25.5,23.8,119.6,232.4,1.93,12.9,2.32
Mpumalanga,Wheat,Sandy,521.4,27.9,30.2,68.2,138.1,3.75,22.9,2.43
Limpopo,Soybean,Loam,369.9,21.8,16.8,229.8,115.8,1.36,16.5,3.36
Mpumalanga,Sunflower,Loam,631.5,17.8,30.3,123.7,120.6,1.48,13.8,2.47
KwaZulu-Natal,Sunflower,Sandy,558.5,21.3,26.4,54.3,157.4,4.39,19.6,1.95
KwaZulu-Natal,Sunflower,Sandy,885.5,13.2,51.5,177.7,161.9,1.8,18.7,3.9
North West,Wheat,Loam,568.5,23.5,32.9,113.8,242.8,2.99,1.0,3.92
KwaZulu-Natal,Soybean,Clay,749.8,21.7,40.4,44.3,230.3,6.19,127.9,3.13
Limpopo,Soybean,Sandy,937.9,24.8,44.1,126.3,141.3,2.28,5.0,4.82
Limpopo,Wheat,Sandy Loam,723.6,18.1,32.5,195.9,326.9,4.09,1.0,4.9
Mpumalanga,Maize,Sandy Loam,739.8,13.1,33.9,228.3,156.9,7.41,55.3,7.6
North West,Maize,Clay,480.6,20.4,24.1,134.6,216.7,1.93,25.0,5.94
Mpumalanga,Wheat,Sandy Loam,367.6,17.7,13.2,135.1,105.6,0.4,1.0,2.94
North West,Sunflower,Sandy,290.6,21.2,26.0,180.3,200.9,1.4,30.0,2.37
KwaZulu-Natal,Soybean,Sandy,564.2,15.2,24.5,20.5,125.4,2.18,27.7,2.72
Free State,Soybean,Clay,422.3,22.8,14.3,332.5,320.2,2.02,7.7,3.62
KwaZulu-Natal,Maize,Sandy Loam,654.7,23.6,35.0,281.4,109.9,2.69,44.3,7.39
North West,Soybean,Sandy,525.1,24.3,35.9,8.9,278.5,0.29,8.4,3.02
Free State,Maize,Clay,340.0,25.5,19.6,103.3,270.1,4.43,9.3,5.06
Limpopo,Sunflower,Loam,790.4,20.7,38.1,98.5,172.6,4.55,2.4,2.85
North West,Soybean,Sandy Loam,608.2,20.5,34.4,124.5,222.3,3.83,39.9,3.81
North West,Maize,Sandy Loam,365.7,21.8,19.9,137.8,171.4,0.79,5.3,5.77
North West,Soybean,Sandy Loam,549.9,20.4,34.3,77.0,248.0,3.13,45.3,3.35
Free State,Wheat,Clay,576.1,23.2,24.9,158.5,280.7,3.65,48.0,4.23
KwaZulu-Natal,Sunflower,Sandy,459.5,18.7,28.4,230.2,262.1,0.78,13.9,2.81
KwaZulu-Natal,Sunflower,Loam,610.5,21.0,27.2,173.9,230.7,4.02,11.0,3.1
Free State,Wheat,Sandy Loam,564.6,21.5,42.3,59.0,146.9,4.1,39.9,3.77
North West,Soybean,Sandy,825.8,17.0,42.7,88.2,167.3,3.34,29.9,3.88
KwaZulu-Natal,Maize,Sandy,930.8,22.4,46.7,183.9,195.7,2.7,13.9,7.72
Free State,Soybean,Sandy,780.1,16.7,39.5,170.4,188.8,1.6,4.2,4.69
Limpopo,Sunflower,Clay,530.2,23.1,28.7,44.7,186.5,2.81,12.7,2.53
North West,Maize,Sandy,603.6,19.2,33.0,114.0,175.0,2.52,13.9,5.57
Mpumalanga,Soybean,Clay,443.8,19.9,24.6,154.8,113.7,1.1,28.9,2.97
Limpopo,Sunflower,Sandy Loam,834.5,24.9,34.4,271.6,293.0,0.29,65.4,5.13
North West,Maize,Clay,544.7,26.0,18.2,117.7,90.1,0.73,25.1,5.71
North West,Soybean,Sandy Loam,376.1,20.9,23.0,157.7,214.3,1.99,37.2,3.32
KwaZulu-Natal,Maize,Sandy,413.7,21.0,26.3,0.0,45.9,0.97,3.9,3.75
Mpumalanga,Sunflower,Sandy Loam,884.6,18.5,45.3,194.9,216.8,3.25,1.0,4.22
KwaZulu-Natal,Sunflower,Sandy Loam,650.5,24.9,42.8,140.4,89.6,4.91,23.2,2.43
Free State,Maize,Clay,395.1,20.4,21.2,176.6,192.4,3.34,39.4,5.4
North West,Maize,Sandy,930.3,19.6,47.6,240.4,257.4,2.77,6.1,8.45
KwaZulu-Natal,Wheat,Sandy,653.5,26.8,34.9,155.0,296.0,3.8,23.7,4.34
KwaZulu-Natal,Wheat,Clay,516.8,21.8,25.5,194.2,147.4,3.58,7.8,3.54
Free State,Soybean,Sandy Loam,458.9,21.2,31.8,243.0,163.6,0.49,6.4,3.88
Limpopo,Wheat,Sandy Loam,585.1,18.1,,24.2,229.8,0.68,80.1,4.34
North West,Wheat,Clay,761.4,18.4,46.3,143.9,222.3,0.76,43.0,5.31
North West,Soybean,Clay,415.6,20.1,30.6,165.2,124.7,5.51,31.0,2.46
Mpumalanga,Sunflower,Sandy Loam,517.4,23.2,27.1,87.6,262.6,5.06,32.8,2.35
Limpopo,Sunflower,Clay,275.5,17.0,23.3,111.2,254.8,6.34,1.1,2.36
Free State,Wheat,Loam,754.6,19.3,40.5,213.6,121.2,2.62,22.2,5.46
North West,Soybean,Loam,309.5,17.5,17.3,97.2,110.0,7.27,34.7,1.78
Free State,Maize,Sandy,394.1,21.2,16.6,282.8,152.3,3.38,3.3,5.18
North West,Soybean,Sandy Loam,518.5,20.2,23.9,68.3,133.8,1.92,35.2,2.83
North West,Soybean,Sandy,286.1,25.0,13.4,140.4,176.9,0.79,8.5,1.29
Free State,Wheat,Clay,381.8,16.9,19.7,86.6,174.7,2.58,14.3,2.77
Limpopo,Maize,Clay,485.6,19.8,27.9,112.3,86.3,6.48,41.6,4.38
Mpumalanga,Soybean,Loam,464.3,27.9,22.1,241.3,145.7,1.39,21.9,3.0
Mpumalanga,Soybean,Loam,835.9,22.4,51.4,90.1,173.6,2.18,25.8,5.11
Limpopo,Soybean,Clay,397.3,19.5,30.8,56.4,191.0,2.13,55.3,2.17
KwaZulu-Natal,Soybean,Sandy,585.7,28.2,29.1,188.7,142.9,2.66,13.3,3.32
Free State,Maize,Sandy,548.3,23.8,31.6,227.0,140.4,1.38,52.1,6.04
Mpumalanga,Sunflower,Sandy Loam,514.6,25.7,36.1,215.8,198.6,2.31,1.0,2.86
Limpopo,Maize,Clay,647.6,22.8,29.6,181.5,193.3,2.34,35.9,7.03
Limpopo,Soybean,Sandy,483.7,26.0,16.7,168.0,287.3,4.16,2.2,3.42
Mpumalanga,Sunflower,Sandy Loam,657.7,14.9,44.9,99.4,115.1,3.4,23.7,2.16
North West,Wheat,Clay,797.9,24.9,42.2,119.6,236.2,2.01,1.1,5.06
Free State,Maize,Sandy,429.3,28.5,26.1,196.0,205.3,3.61,15.9,4.54
North West,Maize,Sandy,427.7,18.1,18.4,250.5,224.5,6.02,8.6,4.78
Limpopo,Maize,Loam,533.0,16.9,24.4,11.2,296.3,2.01,38.5,7.4
Free State,Maize,Sandy Loam,627.3,22.1,32.2,136.1,158.2,3.41,37.6,6.78
Free State,Wheat,Sandy Loam,791.1,27.3,33.8,112.8,101.3,2.48,26.5,4.38
Free State,Wheat,Loam,596.7,26.3,34.7,107.4,224.4,0.69,7.8,5.07
Mpumalanga,Soybean,Loam,724.0,26.8,39.9,134.7,144.8,1.89,25.0,4.59
KwaZulu-Natal,Sunflower,Sandy,491.7,24.2,21.7,151.9,189.5,1.12,19.7,1.95
KwaZulu-Natal,Soybean,Sandy Loam,721.1,17.2,35.9,90.5,204.0,4.26,3.9,4.08
KwaZulu-Natal,Wheat,Sandy Loam,564.8,23.5,28.3,54.0,239.6,1.2,48.7,4.51
Free State,Maize,Sandy,579.9,17.1,26.0,216.7,55.9,4.89,6.7,4.51
Free State,Soybean,Loam,719.1,19.1,32.0,206.6,242.0,6.24,1.6,4.16
Limpopo,Wheat,Loam,764.7,19.5,44.9,76.4,191.6,4.34,8.6,5.06
North West,Sunflower,Sandy,661.5,27.9,38.7,61.7,250.5,2.21,58.4,2.87
North West,Wheat,Sandy,550.9,25.1,39.0,11.9,121.9,3.37,4.0,3.46
Mpumalanga,Maize,Sandy,657.8,22.8,28.9,251.2,180.6,1.18,79.7,6.68
Free State,Soybean,Loam,739.1,20.0,39.5,160.1,245.8,3.38,36.2,4.52
KwaZulu-Natal,Maize,Clay,486.7,24.9,28.1,0.0,230.6,0.98,1.0,5.69
North West,Wheat,Sandy Loam,637.4,16.6,35.1,111.6,142.4,4.92,51.4,3.61
Free State,Maize,Sandy Loam,490.8,20.2,22.7,107.2,269.1,1.93,74.4,6.67
Limpopo,Sunflower,Sandy Loam,444.0,21.0,24.7,99.2,201.2,1.89,13.3,1.45
Limpopo,Soybean,Sandy Loam,365.6,15.9,13.6,36.8,97.6,1.7,22.3,2.04
Mpumalanga,Wheat,Loam,456.5,23.2,27.0,112.9,267.4,3.68,7.5,4.56
North West,Maize,Loam,403.9,24.3,32.6,22.0,88.4,4.83,8.9,5.81
North West,Wheat,Clay,707.3,16.6,35.2,81.6,86.0,1.38,48.7,4.03
Free State,Wheat,Clay,674.9,26.0,40.7,28.1,227.4,3.9,16.4,4.25
North West,Sunflower,Sandy Loam,435.2,22.3,25.1,212.4,171.2,1.62,32.2,3.17
North West,Sunflower,Sandy Loam,442.6,23.8,27.8,0.0,187.9,2.16,17.0,1.89
North West,Maize,Loam,215.6,24.8,8.1,129.8,185.0,3.83,15.4,4.67
Free State,Wheat,Sandy,657.2,23.8,36.7,218.9,145.6,4.31,2.9,3.36
Mpumalanga,Maize,Clay,705.5,26.2,45.8,0.0,266.2,4.82,18.2,18.72
Free State,Sunflower,Sandy,547.0,23.8,28.1,134.5,194.5,0.7,1.0,2.2
Mpumalanga,Soybean,Clay,524.6,18.4,26.3,143.0,108.3,4.91,42.6,2.99
North West,Sunflower,Sandy,494.3,23.3,29.2,131.2,240.9,5.07,30.5,2.02
KwaZulu-Natal,Sunflower,Sandy Loam,531.0,24.0,26.0,76.3,105.6,3.76,21.6,1.76
Limpopo,Soybean,Sandy,356.6,25.7,,62.6,252.2,1.71,3.8,2.65
North West,Sunflower,Sandy Loam,605.9,23.1,28.4,118.0,116.9,5.77,10.7,2.36
North West,Maize,Loam,709.4,18.5,34.0,90.2,20.0,2.4,17.9,7.22
Free State,Soybean,Clay,552.3,23.4,30.9,252.7,245.9,0.39,28.5,4.7
Free State,Sunflower,Sandy Loam,683.8,17.6,29.6,212.2,293.1,2.44,2.2,3.69
Limpopo,Sunflower,Clay,634.3,26.6,43.7,114.2,316.4,4.51,27.3,2.92
Free State,Maize,Loam,848.3,21.6,38.9,125.7,93.1,3.7,17.4,8.49
KwaZulu-Natal,Soybean,Loam,425.5,21.5,19.4,39.4,195.9,0.51,35.9,3.55
Free State,Soybean,Loam,638.3,13.7,37.8,143.8,186.4,3.51,37.6,4.35
Mpumalanga,Wheat,Clay,460.0,22.2,24.6,130.7,185.9,3.93,5.1,3.5
KwaZulu-Natal,Sunflower,Loam,733.2,17.8,42.3,62.3,177.8,4.77,10.9,2.67
Limpopo,Wheat,Loam,720.4,23.3,45.8,189.2,272.1,0.17,13.5,5.67
Free State,Sunflower,Loam,314.8,12.0,8.3,211.7,113.2,3.34,1.1,1.73
Mpumalanga,Soybean,Clay,486.7,21.2,39.8,136.8,150.0,3.02,44.7,2.47
Mpumalanga,Wheat,Clay,475.8,26.5,26.5,249.9,184.1,0.53,30.9,3.83
North West,Soybean,Sandy Loam,520.7,22.1,29.2,59.1,117.0,4.15,45.6,2.51
North West,Maize,Clay,609.9,23.9,40.5,206.1,223.5,2.26,56.8,6.81
Free State,Sunflower,Sandy,559.8,18.7,29.4,53.3,258.9,3.81,1.2,2.04
North West,Sunflower,Clay,565.0,22.2,27.0,138.2,250.5,0.76,41.8,3.28
KwaZulu-Natal,Soybean,Sandy,777.1,25.2,47.9,72.5,102.3,2.04,22.0,4.17
Limpopo,Soybean,Sandy,763.4,19.3,31.4,62.0,150.7,1.65,76.3,3.92
KwaZulu-Natal,Soybean,Sandy Loam,575.4,23.0,33.8,22.8,204.7,2.47,17.7,3.21
Mpumalanga,Sunflower,Sandy,474.0,25.4,14.3,86.8,127.7,1.1,3.7,1.92
North West,Wheat,Sandy,615.8,24.1,35.5,216.4,260.6,2.14,31.3,3.8
Mpumalanga,Soybean,Clay,578.2,22.8,32.6,182.1,169.9,2.65,28.9,2.95
KwaZulu-Natal,Sunflower,Sandy,580.6,33.6,20.8,114.0,224.7,3.86,6.0,1.69
Mpumalanga,Wheat,Loam,620.8,24.0,46.6,0.0,160.4,2.56,27.1,4.04
KwaZulu-Natal,Wheat,Loam,612.7,21.6,23.2,35.5,238.6,2.25,23.5,4.6
Mpumalanga,Sunflower,Sandy Loam,453.3,26.6,23.3,197.4,136.0,3.31,2.9,2.74
Limpopo,Maize,Clay,614.9,22.7,23.7,66.2,57.9,1.5,3.8,5.85
Mpumalanga,Maize,Clay,600.9,24.0,36.1,41.2,138.4,1.79,66.6,5.8
Free State,Wheat,Sandy,989.4,24.6,52.0,136.3,176.8,4.45,41.8,5.63
Limpopo,Soybean,Loam,878.8,23.3,43.7,225.2,201.9,1.67,1.7,5.8
North West,Maize,Sandy Loam,633.0,19.7,37.4,122.9,228.0,3.18,49.4,7.15
Limpopo,Sunflower,Loam,561.0,18.6,25.7,51.6,200.9,0.59,2.4,2.2
KwaZulu-Natal,Maize,Clay,535.4,19.3,31.1,0.0,168.8,1.55,40.3,6.58
North West,Sunflower,Clay,464.6,24.5,23.7,203.4,66.7,2.5,29.9,2.0
Limpopo,Maize,Loam,521.5,28.0,30.6,192.3,252.6,0.9,17.6,7.48
Mpumalanga,Soybean,Clay,548.9,17.6,,79.6,142.6,1.65,4.1,3.17
KwaZulu-Natal,Sunflower,Sandy,364.3,20.2,17.1,252.8,82.1,4.64,25.7,0.84
North West,Sunflower,Clay,494.1,24.1,23.9,0.0,128.4,2.76,2.6,1.84
North West,Wheat,Sandy,760.3,29.4,40.9,155.9,226.2,3.31,11.8,3.85
Mpumalanga,Wheat,Clay,667.7,23.1,35.2,113.7,240.1,3.35,3.7,4.89
Mpumalanga,Maize,Clay,597.0,28.4,37.1,183.7,260.9,2.36,37.4,5.88
Mpumalanga,Sunflower,Loam,604.8,25.0,38.1,118.2,116.8,3.26,17.7,2.38
Free State,Soybean,Loam,645.4,24.1,32.2,231.0,224.3,0.91,8.6,4.23
KwaZulu-Natal,Soybean,Clay,631.1,15.7,33.3,66.6,253.0,2.93,7.8,3.66
KwaZulu-Natal,Soybean,Clay,293.8,23.1,20.4,0.0,179.8,3.48,7.7,1.51
Limpopo,Maize,Sandy Loam,412.3,23.6,31.3,243.7,149.1,1.44,17.3,6.47
KwaZulu-Natal,Maize,Loam,584.7,23.0,30.7,287.3,155.2,4.44,31.6,7.22
Limpopo,Maize,Clay,422.6,25.2,19.7,184.3,245.4,5.78,25.1,5.46
North West,Wheat,Sandy,497.3,15.8,32.3,113.4,44.2,2.09,34.1,2.07
Free State,Sunflower,Clay,527.2,19.7,23.0,192.0,142.9,1.12,6.9,2.99
Free State,Wheat,Loam,673.1,26.2,34.4,305.0,140.0,1.07,52.7,5.35
Free State,Wheat,Sandy,755.1,18.4,45.0,177.8,205.4,0.61,15.9,4.57
Mpumalanga,Sunflower,Clay,363.6,18.1,14.8,0.0,190.4,1.0,32.8,1.81
Mpumalanga,Maize,Sandy,249.0,20.5,13.4,52.7,185.4,6.36,19.1,3.38
Free State,Sunflower,Sandy Loam,596.5,25.7,30.1,271.2,138.7,1.42,13.5,3.3
Free State,Maize,Sandy,762.9,19.8,36.4,93.7,170.4,4.54,23.5,6.15
KwaZulu-Natal,Wheat,Clay,542.2,21.4,33.1,92.6,172.5,0.93,22.3,4.28
KwaZulu-Natal,Maize,Clay,429.0,19.2,21.4,179.6,207.4,4.26,23.2,4.81
KwaZulu-Natal,Sunflower,Loam,568.0,22.4,32.9,149.2,200.3,1.87,2.7,4.09
Limpopo,Soybean,Sandy,846.5,23.8,46.5,335.6,224.7,0.75,20.2,5.25
Free State,Sunflower,Loam,652.2,25.2,29.1,29.6,219.1,4.48,7.1,2.84
North West,Maize,Sandy Loam,571.6,22.1,29.3,117.6,286.9,7.06,12.5,6.96
Limpopo,Wheat,Sandy,437.6,17.5,19.6,129.2,208.1,3.62,23.0,3.09
North West,Maize,Clay,650.0,24.4,36.4,236.7,124.3,1.99,2.8,7.36
Limpopo,Sunflower,Loam,696.1,23.1,35.9,326.2,216.3,2.24,42.0,3.99
Mpumalanga,Sunflower,Clay,425.1,23.2,23.2,64.0,156.6,3.4,11.2,1.01
Free State,Maize,Sandy,557.2,21.3,33.6,161.7,149.3,0.75,5.6,5.7
KwaZulu-Natal,Soybean,Sandy,666.2,29.1,38.0,118.3,234.2,5.38,1.0,3.77
Mpumalanga,Wheat,Sandy Loam,497.2,23.5,28.3,57.6,112.5,0.98,4.0,3.96
Free State,Maize,Sandy Loam,504.4,22.5,,155.2,178.8,2.95,18.8,6.47
Limpopo,Maize,Sandy Loam,619.0,28.8,39.3,96.7,211.6,3.9,80.9,6.66
Free State,Sunflower,Sandy,449.9,23.3,24.9,134.3,205.0,2.63,59.1,2.46
North West,Wheat,Loam,478.5,29.3,20.1,93.6,183.2,1.4,23.1,3.71
Limpopo,Wheat,Loam,614.0,19.7,39.0,45.0,186.6,1.23,57.7,4.4
Free State,Soybean,Loam,390.5,21.4,10.7,151.4,191.4,3.95,35.2,2.62
Free State,Wheat,Sandy,825.1,19.6,42.1,59.4,61.5,0.36,1.2,4.36
North West,Maize,Sandy Loam,597.5,16.0,27.2,0.0,114.6,1.31,46.0,6.64
North West,Soybean,Clay,645.7,22.0,33.8,284.1,152.3,0.61,21.7,4.37
Limpopo,Maize,Sandy,568.7,19.3,30.8,57.4,161.2,1.87,57.1,5.61
Limpopo,Soybean,Loam,528.7,21.4,22.9,105.4,198.4,2.36,16.9,3.33
Free State,Soybean,Loam,650.5,18.7,30.9,111.1,120.6,2.05,47.2,3.64
Free State,Maize,Clay,661.7,18.1,35.2,45.2,121.6,2.23,5.1,5.75
Limpopo,Wheat,Loam,326.3,20.6,14.7,174.9,174.0,3.77,11.0,2.97
Free State,Sunflower,Sandy Loam,755.9,21.5,41.8,22.6,176.0,1.82,5.0,3.19
KwaZulu-Natal,Soybean,Loam,514.6,20.3,30.0,163.5,27.0,4.61,8.6,2.27
Free State,Soybean,Clay,479.0,18.6,26.6,71.4,184.0,1.79,21.3,2.3
Limpopo,Wheat,Loam,191.2,23.2,7.6,181.1,170.9,1.25,4.6,2.73
Limpopo,Maize,Sandy Loam,467.0,17.7,29.6,127.4,143.4,2.27,1.3,5.8
Free State,Maize,Loam,566.5,27.7,31.9,155.0,117.4,2.57,25.9,6.87
Limpopo,Wheat,Sandy,584.9,20.7,34.9,218.4,199.8,1.7,64.5,4.32
Limpopo,Wheat,Clay,546.1,21.3,19.1,157.9,215.5,4.0,25.6,3.8
Free State,Sunflower,Clay,340.1,22.6,19.4,229.9,100.3,1.63,33.5,1.72
Free State,Sunflower,Sandy Loam,618.8,24.7,35.5,227.8,283.1,2.43,12.9,3.81
Limpopo,Sunflower,Sandy,520.4,23.8,29.8,96.6,174.8,1.0,1.0,3.12
Free State,Maize,Loam,503.5,24.2,25.6,159.6,166.0,1.49,27.4,7.31
Free State,Wheat,Sandy,481.0,22.3,26.0,357.3,248.7,2.09,126.7,4.67
Mpumalanga,Soybean,Clay,600.1,20.7,37.0,150.4,213.3,2.58,2.1,3.14
Free State,Wheat,Clay,697.9,25.1,43.9,63.2,145.7,4.31,16.5,3.82
Free State,Wheat,Sandy,844.9,20.8,41.3,68.0,49.8,0.75,10.9,4.36
Free State,Soybean,Sandy,571.5,19.4,23.9,93.2,268.5,1.39,1.2,3.06
Mpumalanga,Wheat,Sandy Loam,472.9,26.0,27.2,132.0,194.8,1.12,23.6,3.21
Limpopo,Wheat,Loam,150.0,21.3,5.0,226.7,188.1,1.53,10.4,3.47
North West,Maize,Sandy,906.8,21.7,,54.3,288.6,1.29,5.5,7.76
Limpopo,Soybean,Sandy,708.6,19.6,43.1,164.5,251.8,2.86,5.7,4.07
North West,Soybean,Sandy,515.6,23.5,22.3,183.5,270.7,2.24,35.2,3.3
North West,Soybean,Clay,534.6,18.2,25.4,117.7,210.8,4.03,3.5,3.04
North West,Soybean,Clay,534.2,21.1,31.8,236.1,279.8,1.55,23.8,4.28
North West,Maize,Loam,587.3,18.1,30.9,14.5,132.7,2.4,6.4,6.68
North West,Wheat,Sandy Loam,447.9,20.9,29.8,99.9,120.9,3.6,2.5,3.7
Free State,Wheat,Clay,428.5,26.2,23.0,183.7,214.7,2.4,14.0,3.81
KwaZulu-Natal,Maize,Loam,302.2,19.3,17.7,135.4,266.8,6.33,24.8,5.82
KwaZulu-Natal,Sunflower,Clay,416.1,23.5,22.1,88.6,158.4,1.87,91.5,2.38
KwaZulu-Natal,Soybean,Loam,535.9,24.8,18.2,157.7,139.9,3.02,4.7,4.06
Mpumalanga,Maize,Clay,558.6,29.6,39.3,48.6,170.3,1.34,39.8,5.46
North West,Wheat,Sandy,434.1,25.9,29.2,53.9,144.3,1.13,2.2,2.97
North West,Maize,Sandy,550.8,27.3,20.3,156.4,121.6,2.51,23.7,4.77
Free State,Sunflower,Sandy,725.9,22.1,43.2,163.1,227.8,2.62,4.2,3.27
Limpopo,Maize,Sandy,541.7,29.3,33.4,186.1,192.2,3.54,3.6,4.93
North West,Maize,Clay,812.2,25.4,45.2,0.0,149.8,3.48,32.9,6.86
Mpumalanga,Maize,Sandy,832.6,23.2,39.9,172.9,128.0,5.92,48.2,6.71
North West,Soybean,Clay,404.3,16.9,22.9,100.0,133.3,4.72,30.7,1.89
Limpopo,Soybean,Sandy Loam,392.8,24.4,13.3,5.2,271.0,0.42,37.6,2.51
Free State,Wheat,Loam,671.3,18.6,32.3,12.5,154.9,1.81,1.6,4.19
Limpopo,Soybean,Clay,652.0,17.9,18.9,139.8,176.1,2.1,21.0,3.46
North West,Maize,Sandy,608.6,20.1,36.6,223.3,189.7,3.27,15.8,6.12
North West,Sunflower,Clay,586.7,27.7,31.2,202.3,99.7,0.65,55.0,2.63
Mpumalanga,Soybean,Loam,574.3,22.2,29.7,166.0,99.2,3.78,4.3,3.07
Free State,Maize,Sandy Loam,270.4,29.9,20.4,60.7,153.6,5.07,15.4,3.89
North West,Maize,Sandy,630.2,25.7,40.8,173.8,198.5,1.85,8.3,6.34
Mpumalanga,Soybean,Clay,549.7,23.9,35.5,87.6,86.4,8.62,128.6,2.78
North West,Wheat,Loam,590.1,23.7,36.1,228.9,231.4,3.43,18.6,4.45
Limpopo,Wheat,Sandy Loam,488.0,22.3,17.6,263.1,181.0,3.12,25.7,4.4
North West,Wheat,Clay,638.9,19.0,38.9,87.0,251.0,1.2,64.9,4.32
Free State,Maize,Sandy Loam,443.1,25.2,19.8,253.9,154.9,7.26,12.6,5.65
Free State,Soybean,Clay,322.2,27.8,24.4,189.9,211.5,1.91,14.5,2.0
Free State,Maize,Sandy Loam,469.7,23.1,26.8,205.5,204.9,1.03,16.4,6.02
Mpumalanga,Soybean,Loam,541.7,26.9,27.6,0.0,247.0,1.9,7.5,3.36
Limpopo,Sunflower,Sandy,511.1,17.6,28.2,30.9,162.6,1.81,1.0,2.37
Free State,Soybean,Sandy,724.4,21.5,32.0,201.3,181.9,2.53,3.0,4.54
KwaZulu-Natal,Maize,Sandy Loam,593.4,22.6,30.1,63.5,218.7,5.76,14.8,6.5
North West,Maize,Sandy,531.5,20.3,26.4,116.6,243.4,2.73,7.2,6.2
Limpopo,Sunflower,Sandy Loam,530.9,21.4,29.0,145.6,252.4,2.83,8.1,2.94
Limpopo,Maize,Loam,239.5,22.1,9.8,126.0,210.8,1.3,6.3,5.51
Limpopo,Sunflower,Sandy,488.7,16.6,25.0,163.7,226.1,3.29,38.4,2.52
Limpopo,Soybean,Sandy Loam,522.0,26.4,30.2,115.7,158.0,1.49,6.7,3.3
Mpumalanga,Soybean,Sandy Loam,757.5,23.7,36.5,173.7,192.0,2.72,13.9,4.77
Mpumalanga,Soybean,Clay,432.5,26.9,21.5,0.0,343.3,0.42,86.6,9.45
Free State,Soybean,Sandy Loam,595.0,24.4,36.8,184.7,269.9,2.23,59.1,4.17
Free State,Maize,Loam,668.4,19.4,44.1,194.6,201.1,0.95,1.0,7.74
KwaZulu-Natal,Sunflower,Sandy Loam,446.4,15.7,16.2,60.0,214.3,3.47,30.0,2.18
North West,Sunflower,Sandy Loam,418.3,20.3,,30.9,275.5,3.48,37.0,2.53
Mpumalanga,Maize,Loam,507.6,20.3,27.0,123.2,139.9,2.6,35.8,6.32
North West,Sunflower,Sandy,545.4,27.3,33.3,271.9,145.5,0.9,20.9,3.08
Mpumalanga,Maize,Clay,580.9,22.0,31.3,97.6,135.1,1.63,1.0,5.76
Free State,Maize,Sandy,551.1,21.4,26.0,144.7,85.6,2.0,25.5,5.22
KwaZulu-Natal,Wheat,Loam,623.5,22.0,38.3,107.5,114.5,2.66,3.8,4.32
Limpopo,Soybean,Loam,370.9,20.9,34.4,0.0,94.1,3.13,25.8,2.66
KwaZulu-Natal,Soybean,Loam,367.6,25.3,21.7,29.6,50.4,2.0,3.3,2.45
Free State,Soybean,Loam,638.8,25.3,36.6,198.2,197.6,1.84,48.9,4.65
Mpumalanga,Soybean,Sandy Loam,688.7,26.0,42.3,65.0,229.2,2.33,2.8,3.68
Limpopo,Soybean,Sandy,537.4,21.6,37.6,187.5,374.6,0.49,16.0,4.04
North West,Soybean,Sandy,664.8,22.4,33.6,256.0,119.8,7.06,9.6,2.67
Limpopo,Sunflower,Sandy,579.1,22.0,32.6,203.2,149.9,3.4,1.7,2.39
Mpumalanga,Soybean,Loam,367.1,27.0,25.8,0.0,242.6,1.09,4.5,2.76
KwaZulu-Natal,Wheat,Loam,428.9,23.0,,89.1,189.2,4.43,23.4,3.87
North West,Soybean,Sandy Loam,295.4,25.6,14.4,102.1,72.2,2.17,19.4,2.74
KwaZulu-Natal,Sunflower,Loam,719.1,19.0,47.6,165.1,180.1,2.57,4.1,3.76
KwaZulu-Natal,Wheat,Loam,708.1,18.7,42.7,122.1,169.7,4.98,20.1,4.99
Free State,Soybean,Clay,640.2,28.5,33.6,168.8,167.2,1.81,2.9,3.85
Free State,Sunflower,Clay,491.4,23.5,27.5,144.1,147.3,2.37,3.5,2.43
Free State,Soybean,Sandy Loam,452.7,21.4,28.8,102.6,220.3,3.16,1.4,2.7
KwaZulu-Natal,Sunflower,Loam,339.3,16.1,21.5,80.3,265.2,3.4,26.0,2.49
Limpopo,Sunflower,Loam,470.7,18.6,26.5,240.6,103.9,1.76,1.0,2.85
Limpopo,Sunflower,Loam,572.0,26.8,25.1,111.1,105.3,3.72,35.8,2.25
North West,Maize,Loam,150.0,29.3,5.0,30.0,213.0,0.94,18.6,4.74
North West,Maize,Loam,674.2,24.3,30.8,131.1,218.1,3.71,31.7,8.24
Free State,Soybean,Loam,469.7,27.9,,129.7,160.1,0.97,29.5,3.54
Free State,Soybean,Sandy,729.6,24.4,39.8,35.3,195.8,1.49,84.2,4.32
North West,Maize,Sandy,734.9,26.6,40.5,129.5,159.9,1.19,2.2,6.88
Free State,Maize,Loam,604.5,24.8,34.8,253.5,236.4,1.43,43.6,7.64
KwaZulu-Natal,Wheat,Loam,586.1,20.6,29.9,153.4,184.0,0.96,25.4,5.15
Free State,Maize,Clay,488.6,20.3,28.0,204.8,164.9,2.22,25.5,5.7
KwaZulu-Natal,Maize,Sandy Loam,950.6,24.1,54.5,31.8,217.4,2.94,46.5,8.34
Free State,Soybean,Sandy,459.0,21.1,30.4,28.3,235.2,2.17,32.0,2.67
Mpumalanga,Maize,Sandy,825.2,19.8,46.4,230.1,207.1,2.25,49.4,7.61
Free State,Soybean,Loam,621.9,24.4,27.6,2.7,223.0,1.31,37.6,3.81
KwaZulu-Natal,Sunflower,Loam,482.3,20.6,26.3,166.2,217.0,0.95,48.4,3.31
Mpumalanga,Soybean,Loam,619.9,22.5,34.4,165.2,179.2,2.16,4.7,4.04
North West,Maize,Sandy Loam,372.3,20.4,18.3,0.0,146.3,1.82,12.1,4.82
Mpumalanga,Maize,Clay,856.9,21.3,45.4,66.9,173.1,2.56,8.3,7.41
Mpumalanga,Maize,Sandy,688.6,23.3,35.9,112.6,185.8,7.31,83.6,5.4
Free State,Sunflower,Sandy,697.6,19.3,30.0,125.6,124.0,1.11,55.4,2.66
KwaZulu-Natal,Sunflower,Sandy Loam,670.9,17.7,39.2,103.9,268.4,1.53,9.4,3.33
Free State,Soybean,Loam,442.0,28.0,28.5,157.2,230.7,3.03,11.2,3.65
Limpopo,Maize,Clay,681.4,24.7,43.9,192.3,224.0,2.92,20.6,6.89
Mpumalanga,Wheat,Sandy Loam,527.9,27.9,30.8,71.0,146.7,2.14,27.0,4.19
Mpumalanga,Soybean,Sandy,333.4,16.0,18.0,29.5,171.2,1.6,28.8,1.39
Mpumalanga,Wheat,Sandy Loam,683.9,23.5,32.1,74.6,162.6,0.73,7.2,4.73
KwaZulu-Natal,Sunflower,Sandy,688.9,22.4,45.9,79.6,179.7,0.86,30.1,2.71
North West,Sunflower,Clay,675.2,21.0,40.0,127.8,149.6,1.56,13.6,2.68
Free State,Soybean,Loam,479.5,25.1,23.2,49.6,143.6,4.08,13.4,2.0
KwaZulu-Natal,Maize,Clay,582.2,20.6,28.6,95.2,226.8,1.38,13.1,6.32
KwaZulu-Natal,Wheat,Sandy Loam,749.1,28.8,41.9,0.0,169.2,0.86,15.9,5.0
Free State,Soybean,Loam,745.2,23.0,42.6,185.6,164.4,2.37,29.8,4.67
Free State,Wheat,Sandy Loam,554.3,22.9,29.4,279.4,163.4,4.27,72.3,4.3
Free State,Soybean,Clay,629.9,18.1,42.5,191.1,230.7,0.35,13.9,4.02
North West,Wheat,Sandy Loam,203.6,22.9,6.9,0.0,326.3,1.95,15.7,2.66
KwaZulu-Natal,Wheat,Clay,732.6,22.7,37.3,66.5,175.8,4.47,6.8,3.54
Limpopo,Sunflower,Sandy,644.2,25.9,28.8,0.0,240.4,5.88,29.8,2.17
Free State,Sunflower,Sandy,636.1,19.8,43.1,254.5,163.8,0.35,13.9,3.62
KwaZulu-Natal,Wheat,Loam,376.1,16.1,16.8,0.0,176.7,1.58,22.2,3.72
KwaZulu-Natal,Maize,Sandy,592.5,16.9,32.5,92.5,226.7,0.26,23.6,6.07
Free State,Wheat,Sandy Loam,396.3,28.0,17.3,202.1,254.6,0.76,34.4,3.52
Limpopo,Soybean,Loam,556.4,21.6,29.4,317.0,181.8,1.53,37.3,4.44
Limpopo,Wheat,Sandy,639.7,24.2,19.3,199.7,171.1,0.66,28.4,4.09
North West,Sunflower,Sandy Loam,666.8,21.8,44.7,13.1,172.1,1.05,6.4,2.99
Free State,Wheat,Loam,343.3,17.1,19.0,61.1,145.0,4.18,77.4,3.46
Mpumalanga,Soybean,Clay,686.9,24.7,36.2,214.0,240.2,4.12,5.9,4.42
Free State,Sunflower,Clay,546.9,22.0,29.3,134.6,105.0,1.16,1.2,2.27
Mpumalanga,Maize,Loam,567.8,23.1,34.9,8.2,149.2,1.62,3.5,6.21
Limpopo,Soybean,Clay,445.7,20.1,22.5,103.3,121.5,1.83,4.8,2.73
Free State,Wheat,Clay,382.1,21.4,23.6,129.0,185.5,3.05,35.1,3.41
Mpumalanga,Wheat,Clay,419.1,23.0,23.1,42.8,218.6,3.31,29.5,3.05
North West,Sunflower,Sandy,792.5,12.6,45.9,42.0,187.3,2.33,17.4,2.96
Limpopo,Wheat,Loam,297.5,23.3,11.2,144.3,95.6,3.09,1.8,3.07
North West,Soybean,Sandy,537.7,25.5,33.8,179.0,153.5,2.37,21.4,3.28
North West,Maize,Clay,553.0,23.4,32.7,99.8,221.3,1.64,35.4,6.67
Free State,Wheat,Loam,380.4,17.5,23.0,126.2,196.2,4.02,27.9,3.28
KwaZulu-Natal,Soybean,Loam,479.6,22.0,23.3,130.0,154.0,6.32,31.1,2.98
KwaZulu-Natal,Soybean,Loam,442.0,22.0,19.4,83.0,180.9,3.75,33.7,3.26
North West,Wheat,Clay,785.3,20.3,52.3,245.3,138.2,3.05,25.5,5.18
Free State,Soybean,Sandy,839.4,24.6,,173.5,242.5,0.82,10.1,4.94
Mpumalanga,Wheat,Sandy,550.8,19.3,30.0,189.1,292.7,2.67,22.7,4.8
Free State,Maize,Sandy,538.3,30.0,34.1,143.4,278.0,3.51,96.1,5.12
North West,Maize,Sandy Loam,482.4,15.0,23.1,136.5,166.9,1.26,29.7,6.72
KwaZulu-Natal,Maize,Clay,485.4,23.6,16.0,123.8,170.8,3.52,179.0,5.58
Free State,Wheat,Loam,710.7,26.6,39.6,117.1,223.0,0.46,5.3,5.02
KwaZulu-Natal,Wheat,Sandy,713.6,25.5,32.2,166.1,233.1,0.23,23.4,3.96
Limpopo,Maize,Clay,498.2,18.3,28.5,119.8,217.7,3.5,1.0,5.52
Free State,Soybean,Sandy Loam,318.9,21.6,16.1,60.2,244.9,3.32,57.9,2.77
KwaZulu-Natal,Maize,Sandy,619.2,20.9,37.4,98.6,322.1,0.96,5.0,6.37
Mpumalanga,Soybean,Clay,517.3,25.0,30.8,85.6,115.5,2.39,11.6,2.58
Mpumalanga,Wheat,Sandy Loam,473.9,24.9,22.5,6.6,234.7,2.54,44.8,3.5
North West,Wheat,Clay,669.8,23.6,40.2,122.6,99.3,2.59,63.2,4.26
Mpumalanga,Sunflower,Sandy,607.5,14.9,32.2,177.1,172.7,5.2,2.9,2.23
Limpopo,Soybean,Clay,588.5,24.6,28.7,79.5,137.5,0.46,60.6,3.57
Free State,Maize,Loam,601.4,28.4,36.8,93.8,151.0,3.19,19.3,7.36
North West,Soybean,Loam,555.7,14.7,28.7,185.0,120.6,2.51,13.5,3.26
Mpumalanga,Wheat,Sandy Loam,427.6,18.6,20.9,253.9,200.1,3.24,40.4,4.29
Free State,Maize,Sandy,485.6,26.2,28.0,156.0,96.7,2.18,1.0,5.03
Mpumalanga,Soybean,Sandy Loam,575.8,19.4,27.0,0.0,133.8,3.87,3.5,2.89
KwaZulu-Natal,Sunflower,Loam,553.0,24.6,25.5,96.1,167.9,2.58,9.2,3.24
Mpumalanga,Soybean,Sandy Loam,434.8,21.1,18.4,83.0,209.8,4.18,6.5,3.33
North West,Soybean,Sandy Loam,518.5,18.6,33.7,54.7,203.4,4.78,62.7,3.58
Free State,Soybean,Loam,336.9,20.5,25.9,308.9,223.6,2.56,41.3,3.79
Limpopo,Soybean,Loam,594.1,27.3,26.6,111.2,287.8,3.67,12.2,3.87
Mpumalanga,Soybean,Loam,322.0,18.7,29.5,36.0,186.8,1.84,6.8,2.82
North West,Sunflower,Loam,561.4,22.8,38.1,38.4,243.8,3.82,3.4,2.01
Limpopo,Maize,Sandy,591.5,24.5,36.7,155.6,276.2,4.09,9.4,6.26
Mpumalanga,Soybean,Sandy Loam,508.3,18.9,26.6,138.9,159.9,1.48,27.1,3.65
Free State,Maize,Loam,467.6,16.0,25.4,0.0,135.5,2.4,7.2,6.3
Limpopo,Maize,Loam,262.3,21.0,17.0,106.6,201.7,2.46,136.7,5.68
Free State,Sunflower,Clay,521.7,22.6,32.1,159.0,179.6,0.72,1.8,2.26
North West,Soybean,Loam,643.7,23.2,26.0,221.6,194.9,3.54,76.6,5.02
Mpumalanga,Maize,Sandy,476.2,26.9,27.5,124.4,140.6,0.97,10.4,5.69
KwaZulu-Natal,Soybean,Sandy Loam,451.7,22.3,36.4,278.4,220.0,5.25,97.7,2.8
Limpopo,Sunflower,Loam,595.4,13.1,34.8,255.7,143.4,2.59,15.8,3.41
KwaZulu-Natal,Maize,Sandy,335.5,20.3,18.6,173.1,177.0,2.92,12.4,4.24
Limpopo,Maize,Loam,687.6,22.0,45.8,90.8,103.0,2.2,53.9,6.6
Free State,Soybean,Sandy Loam,519.6,19.5,31.6,75.3,165.3,1.65,7.7,3.29
Free State,Wheat,Sandy Loam,369.8,17.3,18.1,106.7,206.8,1.32,11.7,4.15
North West,Wheat,Sandy,493.1,21.9,23.2,100.8,212.3,1.93,22.3,2.94
Limpopo,Soybean,Loam,524.2,19.4,32.1,106.3,84.0,2.71,8.0,2.86
Mpumalanga,Maize,Sandy Loam,597.3,22.4,41.6,150.9,235.2,2.76,108.6,6.78
North West,Sunflower,Sandy Loam,332.1,19.2,19.6,45.7,233.2,0.55,57.7,2.76
Limpopo,Maize,Sandy,654.7,12.4,33.6,102.3,195.1,0.76,79.0,6.21
Limpopo,Sunflower,Loam,604.7,23.9,33.0,0.0,218.5,2.76,1.0,2.06
Mpumalanga,Wheat,Loam,590.7,25.5,29.3,61.5,122.5,0.37,4.4,4.76
North West,Soybean,Sandy,573.2,24.6,27.6,0.0,155.4,1.29,19.5,3.54
Limpopo,Soybean,Loam,498.7,18.9,23.5,0.0,196.3,2.58,4.6,3.52
Limpopo,Maize,Clay,712.6,27.4,35.1,77.3,181.9,0.77,2.9,6.95
Limpopo,Wheat,Clay,642.2,23.1,33.4,294.0,73.3,1.3,11.4,4.57
Mpumalanga,Soybean,Sandy Loam,430.2,25.0,21.9,80.7,249.8,1.35,8.5,3.3
KwaZulu-Natal,Maize,Loam,485.8,20.5,20.4,16.7,100.1,1.92,8.8,6.25
Free State,Soybean,Clay,324.0,18.8,12.3,178.3,284.6,1.67,35.7,2.98
Mpumalanga,Wheat,Sandy Loam,615.9,29.5,29.9,128.7,188.8,2.01,9.1,4.48
Free State,Soybean,Clay,329.9,22.8,23.8,92.4,169.3,0.9,7.0,2.33
Limpopo,Maize,Clay,320.2,24.6,13.3,273.8,205.7,3.32,1.0,6.06
Free State,Maize,Loam,538.1,16.8,30.1,146.4,198.6,2.04,13.0,7.55
Limpopo,Wheat,Loam,336.7,26.6,20.1,148.1,181.7,2.46,12.3,3.81
Limpopo,Wheat,Sandy,932.1,23.4,44.7,185.5,205.5,1.0,8.3,5.8
Mpumalanga,Wheat,Loam,517.2,27.2,22.8,100.6,165.5,1.81,1.7,3.79
Free State,Maize,Loam,379.3,28.9,30.3,114.4,213.1,2.61,9.4,5.17
Mpumalanga,Sunflower,Sandy Loam,333.5,22.8,12.2,253.8,98.9,2.1,3.3,2.09
Free State,Maize,Clay,618.5,21.0,38.2,28.2,132.2,0.96,121.6,6.88
Free State,Wheat,Clay,503.1,23.3,34.4,69.8,211.2,0.59,21.4,4.03
North West,Sunflower,Sandy,559.2,19.8,21.6,101.0,68.5,6.19,10.8,1.72
Limpopo,Wheat,Sandy Loam,314.5,26.0,13.3,140.1,220.9,3.5,7.5,3.19
Free State,Sunflower,Sandy Loam,596.9,29.1,27.4,166.7,155.0,3.37,38.1,2.38
North West,Wheat,Sandy Loam,445.8,25.3,35.2,61.8,181.6,1.84,6.9,3.95
North West,Wheat,Sandy,690.8,20.0,32.7,145.8,129.4,0.73,8.1,3.62
North West,Sunflower,Clay,446.5,28.9,19.9,164.0,132.0,2.15,38.2,2.5
KwaZulu-Natal,Maize,Sandy,755.3,21.6,30.7,117.7,183.1,1.63,41.7,6.51
Free State,Wheat,Sandy Loam,455.8,22.6,26.5,42.0,163.1,3.42,22.1,3.39
Limpopo,Soybean,Sandy Loam,645.2,24.4,38.9,87.8,171.5,3.71,18.3,3.49
KwaZulu-Natal,Soybean,Sandy Loam,651.8,21.3,33.4,0.0,205.8,3.9,35.4,3.39
Mpumalanga,Maize,Clay,585.8,21.2,25.6,109.4,122.3,2.55,2.6,5.33
Limpopo,Soybean,Clay,576.8,18.9,36.7,53.7,195.1,2.24,15.0,2.97
KwaZulu-Natal,Soybean,Clay,844.9,23.5,45.4,225.7,198.1,0.51,40.0,5.13
KwaZulu-Natal,Maize,Loam,776.6,20.4,44.6,78.0,151.8,0.5,8.0,8.5
North West,Maize,Clay,551.4,27.5,31.3,81.0,129.7,2.01,25.1,6.23
Free State,Maize,Sandy,706.4,24.9,45.0,159.6,141.4,2.68,1.0,5.87
Limpopo,Sunflower,Sandy,360.5,23.8,15.1,23.2,148.5,1.48,42.1,1.62
KwaZulu-Natal,Maize,Clay,630.5,22.4,34.3,190.0,160.2,2.42,5.7,6.79
KwaZulu-Natal,Wheat,Loam,549.9,23.1,31.5,271.2,174.2,3.54,6.6,4.77
Free State,Sunflower,Loam,868.2,20.3,42.3,63.8,133.4,1.02,58.1,3.49
North West,Wheat,Clay,575.7,20.8,35.5,52.9,223.8,2.48,8.3,3.91
North West,Sunflower,Loam,530.0,15.0,36.5,141.2,147.1,0.61,1.8,2.99
Limpopo,Wheat,Sandy,430.5,17.4,24.7,91.6,228.7,3.56,21.4,3.0
KwaZulu-Natal,Wheat,Sandy,502.4,23.1,29.3,38.2,199.6,1.54,18.8,3.41
Limpopo,Wheat,Sandy,650.1,21.0,40.0,191.9,220.3,3.4,16.6,3.78
North West,Sunflower,Sandy,602.6,23.0,36.7,107.0,94.5,1.59,7.8,2.68
North West,Wheat,Sandy Loam,580.2,23.0,32.3,134.9,107.9,5.09,19.3,3.49
North West,Maize,Loam,434.4,23.2,29.8,183.9,124.1,2.54,7.6,6.91
Mpumalanga,Soybean,Sandy,429.6,23.3,23.8,118.4,193.5,1.52,47.0,2.86
Mpumalanga,Maize,Sandy Loam,474.7,23.1,29.3,190.5,246.9,4.11,43.8,6.64
Free State,Wheat,Loam,150.0,20.1,6.2,223.9,200.3,1.81,53.7,3.24
Free State,Soybean,Clay,575.8,23.8,28.6,128.0,205.4,1.46,40.0,3.2
North West,Soybean,Sandy Loam,467.3,22.2,24.7,112.9,259.8,4.3,19.6,3.5
Free State,Sunflower,Sandy,713.6,20.5,42.5,141.8,122.6,2.94,10.4,2.77
Free State,Sunflower,Sandy,518.8,22.8,40.1,266.0,141.9,0.43,20.7,2.97
North West,Sunflower,Loam,500.8,23.5,,154.5,145.6,3.78,8.3,2.83
Free State,Wheat,Sandy Loam,828.4,23.1,52.1,208.4,119.6,0.9,51.0,5.14
KwaZulu-Natal,Sunflower,Sandy Loam,449.6,18.8,26.6,90.4,176.9,3.98,50.6,2.39
Mpumalanga,Soybean,Clay,557.4,28.4,38.0,223.9,82.2,0.76,61.9,2.83
Limpopo,Sunflower,Loam,311.1,22.1,18.2,72.5,183.8,0.7,16.8,1.99
Mpumalanga,Soybean,Sandy,622.4,15.9,34.6,217.5,204.6,0.86,7.8,3.78
North West,Sunflower,Sandy Loam,513.7,20.2,26.0,306.9,227.3,4.37,3.1,2.81
Free State,Wheat,Sandy Loam,634.2,19.1,39.4,123.4,92.2,3.95,60.8,4.4
North West,Soybean,Sandy,456.6,21.7,33.5,90.5,90.0,1.78,91.7,2.17
Limpopo,Sunflower,Sandy,568.5,31.7,26.0,78.8,256.3,1.0,60.1,1.95
KwaZulu-Natal,Maize,Clay,553.1,23.7,20.8,295.7,178.3,5.45,1.0,5.91
Limpopo,Sunflower,Loam,315.3,20.9,23.9,180.5,176.3,3.81,10.8,1.76
Free State,Maize,Loam,617.8,23.5,36.6,0.0,172.3,4.4,11.0,22.049999999999997
Free State,Sunflower,Sandy,508.8,21.9,27.8,12.8,201.4,1.96,72.7,1.94
KwaZulu-Natal,Soybean,Sandy,559.1,25.1,34.0,105.7,156.3,3.01,1.0,2.02
Mpumalanga,Wheat,Loam,443.5,27.8,33.9,200.1,96.9,2.85,1.0,3.57
North West,Sunflower,Clay,794.8,26.1,30.6,105.2,200.6,4.34,15.9,3.21
KwaZulu-Natal,Sunflower,Clay,732.0,24.7,34.3,39.2,132.4,0.73,13.5,2.77
Limpopo,Sunflower,Sandy Loam,742.2,21.0,35.7,49.2,191.7,1.77,51.4,3.72
Mpumalanga,Wheat,Sandy,362.2,24.9,15.3,0.0,192.7,1.86,35.5,2.34
KwaZulu-Natal,Wheat,Sandy,704.3,25.6,50.8,215.4,219.2,2.07,26.6,4.88
Limpopo,Sunflower,Sandy,612.7,23.4,32.0,132.2,234.0,3.17,14.8,3.03
Mpumalanga,Soybean,Sandy,747.8,23.1,41.4,178.1,85.8,3.15,17.9,4.02
Limpopo,Maize,Sandy Loam,575.4,24.2,,34.8,220.0,1.67,6.4,7.54
Limpopo,Sunflower,Loam,534.9,23.9,35.8,35.1,218.8,4.36,48.6,2.76
Free State,Wheat,Loam,582.0,18.2,32.6,22.0,206.2,2.59,3.1,13.47
Free State,Maize,Loam,675.1,18.1,38.7,126.8,227.2,1.88,3.6,7.96
North West,Maize,Clay,355.2,27.8,9.8,113.9,185.5,3.03,8.1,4.92
North West,Wheat,Loam,477.1,24.9,32.6,69.9,223.3,2.43,16.1,4.45
North West,Maize,Clay,588.4,14.7,31.8,82.8,182.7,3.17,17.0,6.23
Free State,Sunflower,Sandy,553.8,27.0,27.4,97.0,176.1,4.13,1.4,2.56
Limpopo,Maize,Loam,678.5,24.2,33.6,106.2,156.2,2.74,36.9,7.47
KwaZulu-Natal,Wheat,Sandy,727.4,21.4,40.5,183.3,86.0,1.99,22.1,3.31
North West,Maize,Loam,440.4,21.7,22.0,137.1,229.0,2.99,70.4,6.6
KwaZulu-Natal,Maize,Loam,569.5,23.2,26.5,105.8,239.2,1.26,4.4,7.84
Mpumalanga,Soybean,Sandy,542.3,21.7,34.5,102.0,188.6,2.62,20.5,2.65
KwaZulu-Natal,Sunflower,Loam,213.4,19.9,22.4,144.9,169.8,2.54,40.6,1.76
North West,Maize,Loam,649.1,27.0,28.3,105.6,206.7,2.67,14.3,21.06
Mpumalanga,Wheat,Loam,484.8,15.6,19.8,36.6,106.7,1.87,17.8,3.44
KwaZulu-Natal,Sunflower,Clay,476.2,27.8,26.5,56.3,223.5,5.01,13.2,1.18
North West,Maize,Clay,591.8,20.9,32.8,151.0,171.0,1.01,61.0,6.76
Limpopo,Sunflower,Sandy,949.7,21.9,51.1,270.3,95.0,4.51,46.7,3.57
Limpopo,Wheat,Sandy Loam,592.1,18.2,29.5,67.4,229.1,1.62,12.2,3.94
Free State,Sunflower,Sandy,680.5,22.1,30.2,0.0,155.7,1.83,37.8,2.07
North West,Maize,Sandy,276.0,25.0,15.8,78.2,128.0,4.74,18.6,3.27
KwaZulu-Natal,Sunflower,Loam,405.0,25.4,20.4,92.2,227.8,3.69,19.4,2.49
Free State,Wheat,Sandy,779.1,22.6,43.9,139.4,131.9,2.84,1.2,4.06
Free State,Wheat,Sandy,744.0,23.0,42.9,265.8,246.7,3.33,70.3,5.65
Limpopo,Soybean,Loam,679.5,19.7,37.6,0.0,241.8,1.04,21.0,4.4
North West,Wheat,Loam,754.8,18.9,41.1,218.4,164.2,3.59,46.9,5.69
KwaZulu-Natal,Sunflower,Loam,449.6,22.8,28.1,70.8,134.4,2.98,6.6,2.2
KwaZulu-Natal,Sunflower,Sandy Loam,605.5,20.3,27.3,167.0,281.0,2.84,21.4,4.04
North West,Sunflower,Sandy,720.2,19.2,39.3,190.8,71.2,2.44,1.0,3.16
Limpopo,Wheat,Loam,369.2,17.6,11.5,82.2,229.1,1.62,59.9,3.75
Mpumalanga,Maize,Clay,594.9,24.2,35.3,116.2,326.2,1.99,16.5,6.2
Free State,Maize,Loam,525.4,21.9,31.3,91.8,230.1,1.59,86.4,6.98
Mpumalanga,Wheat,Clay,465.8,27.1,26.9,91.3,218.8,3.62,6.9,3.2
KwaZulu-Natal,Soybean,Sandy,484.9,16.5,21.2,55.0,193.5,1.89,39.2,2.84
Limpopo,Sunflower,Sandy,565.3,20.0,23.7,93.3,160.9,2.53,28.3,2.08
Mpumalanga,Soybean,Loam,866.1,24.5,42.2,297.5,157.9,4.19,4.8,5.14
North West,Wheat,Loam,696.5,23.5,30.1,170.1,212.6,2.15,43.0,5.18
Limpopo,Soybean,Loam,707.2,26.3,46.2,149.2,99.7,1.97,6.5,4.93
Free State,Maize,Sandy,443.0,18.2,29.1,213.1,174.8,1.09,35.2,4.86
North West,Sunflower,Clay,667.9,24.5,32.4,0.0,204.3,2.2,24.2,3.01
North West,Wheat,Clay,649.2,18.6,30.4,72.7,162.9,0.39,6.6,3.81
KwaZulu-Natal,Maize,Loam,605.3,19.7,32.1,128.5,87.4,3.22,4.9,7.2
Mpumalanga,Wheat,Sandy,568.9,30.7,40.5,35.0,244.5,4.97,42.7,2.24
North West,Sunflower,Sandy Loam,686.1,16.4,45.4,84.2,109.2,4.2,24.9,1.94
Limpopo,Soybean,Loam,211.1,21.8,5.0,186.5,251.9,1.99,14.1,2.86
Limpopo,Wheat,Sandy Loam,624.6,19.7,31.3,0.0,66.6,1.23,37.8,3.32
KwaZulu-Natal,Sunflower,Sandy Loam,581.7,24.0,38.4,267.8,228.7,1.88,163.0,3.01
Mpumalanga,Soybean,Clay,609.7,24.6,23.3,223.6,244.3,1.5,29.5,4.08
KwaZulu-Natal,Soybean,Sandy,538.1,20.1,31.8,35.5,141.1,4.32,140.7,2.58
KwaZulu-Natal,Maize,Sandy,391.9,24.3,18.0,112.0,111.7,8.0,2.1,3.4
Limpopo,Wheat,Sandy,397.4,19.5,18.5,136.9,132.5,3.79,61.5,2.91
Limpopo,Wheat,Sandy Loam,683.9,14.2,42.0,24.9,170.8,2.61,7.4,4.65
KwaZulu-Natal,Maize,Loam,525.9,23.5,29.4,40.6,295.6,4.59,9.6,6.83
Free State,Sunflower,Sandy,400.2,25.6,16.0,78.8,55.0,1.69,61.0,1.05
Free State,Soybean,Loam,422.6,27.6,12.9,163.5,287.8,3.01,8.8,3.51
KwaZulu-Natal,Sunflower,Loam,381.7,24.5,21.1,84.4,129.3,2.2,23.6,1.19
Limpopo,Maize,Sandy,424.9,23.7,23.3,27.8,162.2,0.78,18.7,5.21
Limpopo,Wheat,Sandy Loam,441.7,14.2,13.1,33.7,272.7,1.58,17.3,4.47
KwaZulu-Natal,Maize,Sandy,502.6,21.8,18.7,32.3,230.4,5.69,34.0,4.54
Free State,Soybean,Sandy Loam,462.1,25.1,24.7,191.5,152.7,1.54,19.5,2.68
North West,Sunflower,Sandy,554.3,20.9,31.0,171.0,157.8,1.53,15.8,2.39
Limpopo,Soybean,Sandy Loam,556.3,19.8,31.1,165.8,207.3,1.35,12.7,4.47
Limpopo,Maize,Clay,377.9,19.6,26.3,156.1,197.1,1.56,13.3,5.96
Mpumalanga,Wheat,Sandy Loam,621.1,25.8,47.9,180.9,146.9,2.28,9.5,4.54
North West,Sunflower,Clay,503.8,26.3,26.6,36.6,197.1,3.59,26.3,2.12
North West,Sunflower,Loam,462.6,24.3,22.2,84.0,189.1,1.06,53.7,2.34
Limpopo,Wheat,Loam,670.2,24.7,32.3,143.4,114.2,2.9,41.4,4.96
Limpopo,Soybean,Loam,508.9,20.5,31.2,30.9,227.2,1.57,7.3,3.71
Limpopo,Sunflower,Clay,396.4,21.3,18.3,0.0,155.3,3.45,27.4,1.51
North West,Sunflower,Clay,639.4,18.5,32.1,183.4,230.0,1.41,47.5,2.9
Mpumalanga,Maize,Sandy,359.3,29.4,13.0,42.2,210.5,0.68,9.1,4.18
KwaZulu-Natal,Maize,Sandy Loam,539.6,23.6,27.5,19.0,249.9,3.85,31.6,6.65
North West,Wheat,Sandy,396.9,18.3,24.1,110.0,168.4,2.63,10.6,3.02
North West,Maize,Sandy,622.2,19.2,27.2,127.9,227.9,4.39,8.8,5.8
Limpopo,Sunflower,Sandy,662.7,19.4,46.7,214.8,122.2,3.86,5.6,2.09
North West,Wheat,Loam,610.7,24.7,31.4,79.9,238.0,1.65,34.7,5.04
Limpopo,Sunflower,Sandy Loam,759.5,24.9,31.6,155.5,209.4,5.65,29.2,3.43
KwaZulu-Natal,Wheat,Sandy Loam,571.7,25.1,29.7,345.8,156.8,4.46,19.8,4.64
KwaZulu-Natal,Sunflower,Clay,399.8,27.6,19.1,262.7,264.6,1.44,23.9,2.97
KwaZulu-Natal,Soybean,Sandy,509.4,20.2,30.7,170.1,105.3,2.14,39.0,3.12
North West,Soybean,Sandy Loam,561.4,18.9,30.5,146.8,49.4,3.26,50.7,3.12
North West,Maize,Sandy,420.9,26.7,21.0,288.9,162.7,2.1,4.9,5.41
Free State,Wheat,Clay,804.2,21.6,37.1,131.2,133.8,1.87,32.4,4.95
Limpopo,Soybean,Sandy,508.7,23.6,15.3,5.2,186.9,2.75,14.9,2.57
Limpopo,Soybean,Sandy,668.7,23.6,42.9,37.9,20.0,1.15,39.1,2.58
North West,Sunflower,Clay,491.2,22.5,21.3,64.5,160.7,2.92,15.4,2.1
Limpopo,Wheat,Sandy,242.7,22.7,12.9,61.0,138.2,1.17,12.7,1.86
Free State,Wheat,Sandy,368.4,20.4,26.4,144.4,171.8,1.29,7.1,2.83
Limpopo,Sunflower,Sandy,594.4,19.6,29.0,64.2,163.8,1.69,2.1,1.87
Free State,Sunflower,Sandy,603.6,23.3,23.7,253.0,169.3,3.8,96.2,2.54
Limpopo,Wheat,Loam,482.4,19.2,26.0,25.0,151.0,3.14,8.8,4.28
KwaZulu-Natal,Soybean,Sandy,610.2,22.3,31.5,143.7,140.0,1.99,10.1,3.29
Mpumalanga,Wheat,Loam,681.3,26.3,32.6,138.9,229.2,4.4,10.0,4.52
KwaZulu-Natal,Sunflower,Sandy Loam,630.0,19.2,45.2,91.7,289.8,2.55,4.3,3.33
Mpumalanga,Soybean,Sandy Loam,622.8,21.9,25.2,147.7,239.9,0.78,48.4,4.42
North West,Wheat,Loam,407.9,22.3,28.4,93.1,282.6,1.54,57.7,4.57
Free State,Soybean,Sandy Loam,648.8,19.4,26.1,207.3,115.0,0.19,55.6,4.33
Free State,Maize,Clay,748.8,19.1,40.6,35.8,43.9,2.67,9.9,6.19
Limpopo,Soybean,Loam,548.8,23.1,26.2,192.3,226.0,1.49,13.3,4.6
Mpumalanga,Soybean,Loam,651.3,12.0,36.2,0.0,259.4,2.95,4.0,4.49
Free State,Wheat,Sandy Loam,471.9,25.5,31.1,119.0,242.3,2.6,45.9,3.84
Free State,Soybean,Clay,724.2,18.4,45.7,0.0,229.5,1.28,1.0,4.49
North West,Wheat,Sandy,586.0,25.9,34.4,83.2,28.5,2.05,7.0,2.61
Mpumalanga,Sunflower,Sandy Loam,455.3,20.6,26.7,109.8,298.4,3.96,91.5,2.79
Limpopo,Wheat,Sandy,767.2,21.0,39.7,176.4,184.7,2.88,33.3,3.91
North West,Sunflower,Loam,430.0,21.6,24.2,5.0,148.6,4.13,19.2,2.23
Free State,Wheat,Loam,622.6,15.0,33.3,84.5,235.8,0.65,22.0,5.26
Free State,Maize,Clay,329.7,25.4,28.9,149.6,294.7,4.65,30.9,5.21
KwaZulu-Natal,Maize,Sandy Loam,523.4,19.3,33.1,147.4,134.3,0.57,14.2,6.7
North West,Sunflower,Sandy,560.9,22.5,36.4,174.0,139.1,1.94,2.9,1.91
North West,Wheat,Clay,339.3,26.5,18.0,152.0,107.7,0.62,96.9,3.22
KwaZulu-Natal,Wheat,Loam,538.6,24.1,30.3,61.0,159.4,1.28,4.0,4.55
KwaZulu-Natal,Wheat,Sandy Loam,928.0,22.5,44.9,0.0,144.3,2.3,31.6,5.17
KwaZulu-Natal,Sunflower,Clay,507.2,15.0,33.5,72.1,127.9,1.27,68.1,2.07
North West,Sunflower,Sandy,725.7,25.6,42.2,171.5,176.9,3.33,11.4,2.21
KwaZulu-Natal,Soybean,Loam,712.6,22.7,44.9,88.1,200.0,3.49,29.9,4.77
KwaZulu-Natal,Soybean,Clay,742.8,22.2,33.9,131.2,143.8,4.25,18.2,3.91
KwaZulu-Natal,Wheat,Clay,754.8,19.6,33.3,186.8,185.5,3.18,43.7,5.45
Limpopo,Soybean,Loam,440.1,18.8,20.8,128.0,177.9,1.87,29.7,2.88
KwaZulu-Natal,Sunflower,Sandy Loam,554.0,18.8,31.1,115.3,114.1,2.67,14.6,2.82
Limpopo,Sunflower,Clay,506.5,16.9,28.7,267.9,179.7,3.6,2.6,2.91
Limpopo,Soybean,Clay,625.6,20.9,24.8,63.5,222.9,1.53,11.9,3.64
Free State,Wheat,Clay,488.0,26.6,33.3,43.4,182.1,1.12,54.8,3.36
Free State,Wheat,Clay,494.8,23.4,31.7,104.9,180.9,2.8,49.0,3.25
Mpumalanga,Wheat,Sandy,440.0,19.5,22.6,0.0,187.1,4.85,43.5,2.55
Free State,Wheat,Loam,410.4,24.7,21.5,19.9,107.8,1.5,43.1,3.2
North West,Maize,Sandy,529.3,19.3,29.4,88.9,116.6,2.71,33.2,4.7
North West,Maize,Clay,526.7,23.5,23.0,81.7,243.6,3.7,43.9,6.02
Mpumalanga,Sunflower,Sandy Loam,488.5,19.1,21.6,138.9,91.1,4.62,29.1,1.62
Free State,Sunflower,Clay,643.5,19.2,28.6,0.0,201.6,4.64,18.5,2.1
Limpopo,Sunflower,Loam,322.0,23.6,20.4,80.3,241.2,2.95,15.2,2.36
North West,Sunflower,Sandy,804.9,20.5,48.0,194.2,66.6,2.63,50.8,3.17
North West,Maize,Clay,381.2,25.8,16.8,341.1,265.5,1.27,35.1,6.42
Limpopo,Sunflower,Clay,524.6,20.6,23.0,331.9,184.8,3.54,4.9,2.66
Free State,Soybean,Loam,661.9,18.6,34.9,0.0,233.6,3.0,2.3,3.98
Limpopo,Maize,Sandy Loam,651.1,15.8,32.2,189.1,83.9,1.63,35.6,7.0
Free State,Maize,Sandy Loam,734.6,19.3,42.7,53.7,175.3,0.17,26.2,7.9
Free State,Soybean,Loam,338.9,20.9,23.8,33.8,177.9,5.33,8.0,2.32
KwaZulu-Natal,Soybean,Loam,254.1,19.5,13.6,113.0,183.6,3.71,23.5,2.19
KwaZulu-Natal,Wheat,Sandy Loam,399.6,19.7,19.9,108.6,102.6,2.89,15.8,2.7
Mpumalanga,Soybean,Sandy,679.3,22.5,41.4,0.0,155.6,2.89,29.1,3.22
KwaZulu-Natal,Soybean,Sandy Loam,632.9,19.7,31.5,7.9,134.0,1.02,77.0,4.14
Limpopo,Soybean,Sandy Loam,399.9,21.0,17.9,64.0,157.4,2.33,48.8,2.86
Limpopo,Wheat,Clay,211.5,24.0,9.2,0.0,106.4,3.54,1.5,1.38
Limpopo,Wheat,Clay,669.5,20.4,32.4,199.2,91.5,2.67,18.2,3.55
KwaZulu-Natal,Soybean,Sandy,441.1,21.9,25.1,76.0,139.4,1.22,1.0,2.27
Free State,Maize,Sandy,212.3,17.0,13.2,50.6,194.2,2.62,61.1,3.67
Limpopo,Sunflower,Sandy Loam,310.6,26.8,20.0,225.6,225.4,2.85,6.3,2.34
North West,Maize,Clay,477.4,23.8,41.7,95.0,196.7,2.17,1.7,5.75
KwaZulu-Natal,Soybean,Clay,627.3,16.2,36.6,231.1,263.8,6.42,12.8,3.7
Limpopo,Maize,Loam,501.0,24.6,27.7,241.0,250.0,3.72,40.4,7.13
Free State,Wheat,Clay,421.6,22.3,24.1,126.3,190.1,5.63,25.2,3.13
KwaZulu-Natal,Soybean,Sandy Loam,537.8,20.5,29.1,91.5,211.6,2.06,10.9,3.23
KwaZulu-Natal,Maize,Loam,449.3,22.2,33.1,50.9,168.0,2.55,51.9,6.02
Limpopo,Maize,Sandy Loam,505.1,19.9,26.5,15.3,99.3,3.88,20.5,5.11
Free State,Soybean,Loam,485.7,17.5,24.2,155.7,154.1,1.93,15.2,3.51
Limpopo,Wheat,Clay,573.8,21.7,27.9,22.1,83.0,0.85,5.5,3.76
Mpumalanga,Maize,Sandy,572.7,18.7,22.0,183.0,134.2,2.54,5.3,5.64
Limpopo,Wheat,Loam,488.9,21.8,28.3,221.1,258.9,2.33,1.2,13.350000000000001
Free State,Maize,Sandy,403.5,15.7,24.1,129.0,150.8,5.16,27.5,4.84
Limpopo,Maize,Clay,569.5,18.9,34.0,87.1,84.4,2.47,7.7,5.73
Mpumalanga,Maize,Clay,637.4,29.0,33.6,228.2,111.0,1.94,6.9,6.31
North West,Soybean,Sandy,566.5,22.9,30.3,171.7,192.9,2.76,13.9,3.17
Free State,Sunflower,Clay,404.6,25.0,34.1,158.6,233.9,2.8,1.8,1.93
KwaZulu-Natal,Wheat,Sandy,387.0,25.2,,220.8,164.7,2.17,9.9,3.41
Mpumalanga,Wheat,Loam,533.9,26.0,30.1,169.7,277.5,3.48,2.7,5.12
KwaZulu-Natal,Maize,Sandy Loam,522.5,18.2,25.7,0.2,223.0,1.15,39.5,6.16
KwaZulu-Natal,Wheat,Sandy,734.3,19.5,34.6,80.1,171.9,2.13,14.9,4.09
Free State,Sunflower,Loam,648.9,23.0,34.4,103.3,190.4,0.51,30.4,3.12
Mpumalanga,Sunflower,Loam,630.1,24.6,31.5,188.2,273.2,1.76,57.7,3.66
Mpumalanga,Wheat,Loam,780.3,19.0,43.3,230.3,133.1,2.42,17.6,5.38
Free State,Sunflower,Loam,469.8,26.4,35.7,212.2,181.4,3.97,2.0,2.78
Free State,Maize,Clay,461.0,21.3,31.5,185.6,116.0,1.01,3.8,6.23
North West,Soybean,Clay,351.9,25.6,11.2,113.1,175.6,0.79,64.1,2.92
Mpumalanga,Maize,Sandy,704.3,25.7,32.3,93.7,202.8,5.01,20.7,6.31
Free State,Sunflower,Sandy Loam,451.3,26.5,29.7,85.4,109.8,5.68,1.1,1.91
Limpopo,Wheat,Sandy,572.5,24.4,30.9,143.8,111.0,4.72,1.7,2.53
KwaZulu-Natal,Sunflower,Loam,369.9,14.7,21.4,192.2,229.1,1.7,12.5,2.61
Mpumalanga,Maize,Clay,931.3,17.6,47.2,156.7,74.0,2.78,2.6,7.47
Limpopo,Sunflower,Sandy Loam,253.5,14.7,24.4,131.5,344.4,1.51,22.0,2.79
Limpopo,Sunflower,Loam,425.5,15.5,22.0,10.1,219.4,2.19,12.1,2.29
KwaZulu-Natal,Maize,Loam,566.7,19.9,36.0,155.8,61.4,1.99,122.4,7.01
Mpumalanga,Sunflower,Sandy,697.1,16.8,39.1,46.2,170.1,3.36,52.3,3.08
Limpopo,Wheat,Sandy,623.6,19.1,42.0,141.9,158.3,4.02,83.1,3.68
Free State,Sunflower,Clay,425.6,26.4,20.1,81.1,132.5,0.31,22.5,2.2
Limpopo,Soybean,Sandy Loam,425.3,23.5,29.9,92.9,251.2,2.12,32.8,3.62
Mpumalanga,Soybean,Clay,674.0,24.4,42.2,70.0,360.7,1.78,89.7,4.44
Limpopo,Sunflower,Loam,790.5,22.3,35.7,67.7,161.3,2.89,1.0,3.31
North West,Sunflower,Clay,557.9,22.6,26.4,149.0,121.2,1.89,25.7,2.48
North West,Soybean,Clay,430.5,26.2,22.0,147.7,170.5,1.65,41.3,2.19
KwaZulu-Natal,Wheat,Loam,519.5,22.8,35.1,120.6,115.8,1.92,15.4,4.1
Mpumalanga,Maize,Loam,606.1,23.8,37.8,200.0,295.5,1.3,42.3,8.09
North West,Wheat,Sandy,450.1,27.8,26.5,179.8,230.9,2.13,11.0,3.88
Free State,Soybean,Sandy Loam,509.9,15.8,28.6,4.4,239.1,2.28,15.4,4.0
KwaZulu-Natal,Maize,Sandy Loam,541.0,20.2,27.7,205.7,292.7,2.5,2.0,6.98
Free State,Soybean,Clay,515.0,17.3,28.2,13.8,74.4,3.74,11.1,2.72
Limpopo,Soybean,Sandy Loam,258.0,24.2,11.2,117.5,222.4,1.08,33.9,2.19
North West,Wheat,Loam,502.6,21.5,,131.8,187.1,1.61,10.3,4.66
KwaZulu-Natal,Soybean,Clay,562.5,23.5,37.2,142.8,233.9,0.62,3.2,3.13
Mpumalanga,Soybean,Sandy,534.7,17.1,15.1,198.4,231.7,3.37,15.2,3.3
Limpopo,Soybean,Loam,769.3,18.8,37.1,89.6,114.4,2.98,1.0,4.44
Free State,Maize,Loam,742.2,21.6,46.0,0.0,220.3,1.19,4.7,8.32
KwaZulu-Natal,Sunflower,Loam,454.7,18.6,23.9,241.6,36.9,4.11,12.3,2.91
Limpopo,Soybean,Sandy,532.1,21.5,34.3,43.0,56.7,0.13,20.7,2.31
Free State,Soybean,Loam,234.4,22.1,16.7,206.4,212.8,3.11,5.3,2.73
North West,Maize,Clay,581.6,24.3,28.6,120.2,188.9,3.72,1.1,5.8
Free State,Wheat,Clay,706.6,17.8,39.3,135.0,113.5,4.01,66.7,4.47
Mpumalanga,Wheat,Clay,679.0,21.6,34.3,269.7,161.8,4.3,29.6,4.6
Free State,Sunflower,Loam,494.4,22.1,24.0,215.1,172.1,0.94,76.3,3.98
KwaZulu-Natal,Wheat,Sandy Loam,569.8,15.1,28.8,155.9,275.4,0.38,18.1,4.89
Limpopo,Wheat,Sandy Loam,321.9,22.6,11.8,121.8,140.9,1.86,42.1,2.71
Limpopo,Wheat,Clay,577.9,23.2,31.4,88.5,275.2,0.89,29.0,4.6
Free State,Maize,Clay,547.8,24.6,25.0,284.7,174.9,3.7,6.0,6.59
KwaZulu-Natal,Soybean,Clay,326.2,18.7,23.2,0.0,183.9,1.13,27.5,2.05
KwaZulu-Natal,Soybean,Loam,772.2,19.1,44.5,145.9,118.7,0.2,71.6,4.46
KwaZulu-Natal,Sunflower,Sandy Loam,664.5,22.2,40.8,136.8,123.2,3.95,31.7,3.24
KwaZulu-Natal,Soybean,Loam,807.7,17.4,50.9,179.7,171.6,3.04,18.7,5.53
KwaZulu-Natal,Maize,Sandy Loam,389.7,22.1,21.0,172.1,74.4,2.1,34.6,4.95
Limpopo,Sunflower,Loam,578.3,21.8,39.7,108.7,214.1,2.57,15.0,3.38
Mpumalanga,Wheat,Loam,693.0,19.9,38.1,243.1,200.8,1.33,3.3,5.62
Limpopo,Sunflower,Sandy,622.1,26.2,29.4,173.9,238.2,4.03,2.3,2.76
Mpumalanga,Soybean,Sandy,495.1,24.2,29.0,157.5,114.7,3.61,4.3,2.57
North West,Wheat,Clay,560.4,20.3,29.5,0.4,166.1,2.53,82.7,2.99
North West,Wheat,Clay,493.9,23.6,27.3,37.8,191.2,3.25,5.8,3.09
KwaZulu-Natal,Soybean,Loam,662.5,19.5,38.5,180.3,102.7,1.01,15.4,3.89
Free State,Maize,Sandy Loam,427.2,18.4,17.5,55.0,207.1,2.41,33.8,6.09
KwaZulu-Natal,Sunflower,Sandy,484.5,19.2,22.7,291.0,206.5,3.19,14.2,2.97
North West,Sunflower,Clay,745.6,20.9,38.7,49.5,245.1,1.38,28.4,3.01
North West,Maize,Loam,575.4,26.5,34.4,105.5,64.5,0.4,33.2,6.8
KwaZulu-Natal,Soybean,Sandy Loam,477.5,26.3,24.4,213.8,199.7,1.57,27.0,4.12
Limpopo,Wheat,Loam,532.0,20.3,21.2,188.5,76.0,4.61,2.6,4.13
Mpumalanga,Wheat,Sandy,563.8,29.7,31.5,93.1,192.3,0.7,13.9,3.21
Mpumalanga,Wheat,Sandy,562.4,27.2,28.7,10.8,83.7,1.92,72.1,3.24
Mpumalanga,Wheat,Sandy Loam,321.7,27.7,16.7,182.3,223.0,1.42,7.4,3.51
North West,Soybean,Sandy Loam,976.3,19.0,45.2,148.8,280.4,2.58,13.7,6.13
Mpumalanga,Wheat,Clay,623.2,25.1,38.5,0.0,297.5,1.12,55.0,4.54
North West,Maize,Sandy Loam,357.8,21.1,20.9,73.5,170.3,5.17,14.0,4.95
Limpopo,Sunflower,Sandy,578.0,18.5,29.6,45.5,151.2,2.19,1.6,1.91
KwaZulu-Natal,Soybean,Sandy,508.2,26.6,19.6,44.2,245.9,3.09,40.4,2.91
North West,Maize,Clay,562.8,21.2,36.8,93.3,111.6,2.34,1.0,6.05
Mpumalanga,Maize,Clay,499.4,21.6,34.4,11.9,74.0,1.36,51.9,4.65
Free State,Sunflower,Loam,308.2,23.2,23.8,213.0,164.9,1.91,17.5,2.01
Free State,Soybean,Loam,639.6,22.0,36.0,208.5,183.9,2.97,9.3,4.98
North West,Wheat,Sandy Loam,662.0,22.9,,105.2,159.6,0.98,53.7,4.96
Limpopo,Maize,Clay,613.5,18.6,32.8,54.7,196.9,3.33,8.2,6.3
North West,Soybean,Loam,662.7,23.8,49.3,22.8,93.9,1.78,30.4,4.23
KwaZulu-Natal,Wheat,Clay,285.6,25.1,18.9,0.0,180.2,3.78,14.5,2.29
Limpopo,Sunflower,Clay,584.4,21.2,26.3,109.4,20.0,1.87,18.2,2.12
North West,Sunflower,Clay,302.4,23.0,27.1,175.6,124.9,2.21,39.6,1.13
Limpopo,Sunflower,Sandy,529.6,28.9,31.5,0.0,214.5,2.54,26.6,1.28
Limpopo,Sunflower,Loam,392.9,20.7,17.0,121.2,184.1,3.01,24.7,2.58
Mpumalanga,Sunflower,Sandy Loam,819.6,21.1,38.6,13.4,113.1,2.56,13.5,3.24
Free State,Sunflower,Sandy Loam,449.3,20.1,21.7,67.4,182.3,0.88,15.3,2.52
KwaZulu-Natal,Wheat,Clay,534.6,25.6,28.0,69.5,200.7,2.26,90.4,3.97
Mpumalanga,Sunflower,Clay,563.9,21.3,25.3,23.7,86.3,3.2,47.4,2.34
Free State,Wheat,Loam,452.5,22.5,27.7,21.7,173.0,1.24,29.7,3.76
Mpumalanga,Sunflower,Sandy,608.1,21.3,31.1,182.2,146.8,1.57,30.7,2.24
Free State,Wheat,Clay,355.5,22.3,20.8,33.0,295.9,2.22,7.9,3.17
KwaZulu-Natal,Maize,Loam,709.8,24.8,37.9,120.8,181.1,1.01,93.3,8.12
KwaZulu-Natal,Soybean,Clay,578.9,19.7,30.0,245.4,170.5,0.7,71.9,3.94
Mpumalanga,Wheat,Sandy Loam,426.0,18.4,38.0,39.9,130.1,0.98,12.5,3.17
KwaZulu-Natal,Maize,Clay,481.8,29.6,28.4,85.5,278.7,1.26,12.6,5.04
Mpumalanga,Sunflower,Sandy,637.9,27.9,39.7,96.1,193.0,1.59,25.6,2.55
KwaZulu-Natal,Maize,Sandy Loam,518.4,27.1,19.9,147.5,127.9,1.33,45.6,6.27
Mpumalanga,Soybean,Sandy Loam,557.8,22.8,27.6,17.4,181.3,3.64,7.1,3.36
North West,Sunflower,Sandy Loam,884.0,26.3,46.7,131.4,157.3,1.71,23.1,4.32
North West,Maize,Clay,812.1,21.2,37.7,174.1,227.6,2.91,27.7,7.33
North West,Soybean,Sandy,283.5,23.8,21.8,94.3,171.5,0.83,39.7,1.89
North West,Sunflower,Loam,481.9,22.3,31.4,263.4,199.2,1.65,21.5,3.11
Free State,Sunflower,Loam,671.0,24.8,35.8,230.7,41.9,1.79,3.9,2.85
North West,Sunflower,Sandy Loam,595.0,23.1,32.9,0.0,300.5,4.9,83.5,2.41
Free State,Sunflower,Sandy,561.4,25.7,26.2,82.1,175.3,4.04,3.6,1.47
Free State,Soybean,Sandy,783.1,17.3,51.3,131.3,319.9,0.27,7.4,4.29
Mpumalanga,Maize,Sandy Loam,269.7,20.2,17.9,155.7,49.4,1.16,7.5,4.11
KwaZulu-Natal,Maize,Loam,761.6,19.5,44.7,145.4,169.9,3.26,37.9,8.28
North West,Wheat,Sandy,349.2,25.2,17.3,252.6,132.3,0.91,9.5,3.66
Mpumalanga,Sunflower,Loam,711.1,24.8,44.7,99.2,192.8,3.4,25.8,3.23
Limpopo,Soybean,Loam,672.8,14.9,35.1,132.3,108.6,2.32,6.3,3.54
Free State,Maize,Clay,502.4,17.9,27.8,168.3,89.7,3.6,6.8,5.72
Limpopo,Maize,Clay,296.2,27.2,16.1,218.0,102.7,3.54,6.4,4.34
North West,Sunflower,Clay,757.1,18.4,39.6,143.5,58.2,4.03,5.1,2.22
KwaZulu-Natal,Wheat,Loam,590.9,17.3,39.0,239.5,224.3,4.11,6.9,5.3
Limpopo,Wheat,Clay,707.8,25.5,45.9,0.0,132.4,1.07,1.4,4.04
KwaZulu-Natal,Wheat,Loam,861.5,19.1,42.3,84.9,311.6,3.13,1.0,6.56
Mpumalanga,Wheat,Loam,437.4,23.9,25.7,220.7,205.6,1.92,3.1,4.75
Free State,Sunflower,Clay,473.7,22.6,32.3,180.4,196.0,0.73,42.5,2.81
Free State,Sunflower,Clay,543.2,24.7,34.4,0.0,266.7,0.49,18.6,2.05
Free State,Sunflower,Clay,370.6,22.5,16.7,114.7,163.8,1.37,12.4,2.2
Free State,Wheat,Loam,665.4,25.1,41.1,1.8,75.1,2.88,16.9,3.79
KwaZulu-Natal,Wheat,Clay,681.7,17.7,32.5,0.0,195.0,3.68,9.6,4.02
Limpopo,Soybean,Clay,618.6,23.8,28.7,145.3,221.3,2.82,2.9,4.21
Mpumalanga,Maize,Sandy,629.8,17.1,39.7,66.3,163.5,0.79,25.0,6.58
KwaZulu-Natal,Wheat,Clay,809.0,23.1,44.5,143.6,217.8,2.18,22.1,5.65
Free State,Soybean,Loam,411.3,23.2,24.1,161.1,287.1,1.19,3.0,4.69
KwaZulu-Natal,Soybean,Clay,252.5,23.6,9.3,19.4,140.2,2.09,27.8,5.7299999999999995
Mpumalanga,Sunflower,Sandy Loam,762.6,29.0,42.5,0.0,211.7,0.83,32.5,2.39
Free State,Sunflower,Sandy,536.1,20.6,36.1,68.8,159.2,2.9,15.0,1.49
Limpopo,Soybean,Sandy,512.3,27.0,31.1,19.5,153.1,2.56,13.1,2.4
Limpopo,Wheat,Clay,377.6,23.8,19.1,181.7,99.5,5.32,16.2,2.51
Limpopo,Sunflower,Loam,358.9,19.2,17.3,200.0,146.7,1.49,6.5,2.41
North West,Soybean,Clay,485.4,18.2,22.0,108.4,141.6,5.46,22.4,1.45
North West,Sunflower,Sandy,579.6,21.2,34.6,70.9,171.0,6.21,25.9,1.83
Mpumalanga,Soybean,Clay,693.0,17.7,34.5,137.8,205.8,1.68,3.3,4.73
Free State,Sunflower,Sandy,479.1,21.6,25.1,119.6,277.8,3.75,9.6,2.28
Mpumalanga,Wheat,Loam,518.8,24.7,34.9,107.4,20.0,2.79,28.3,3.6
KwaZulu-Natal,Wheat,Sandy,403.0,24.1,16.1,110.0,292.9,4.22,30.1,3.61
North West,Soybean,Clay,563.9,19.2,34.2,7.7,48.4,5.28,21.8,2.68
KwaZulu-Natal,Soybean,Loam,644.8,19.2,27.5,182.8,177.4,2.12,33.4,4.67
Limpopo,Soybean,Loam,388.2,22.9,13.8,321.1,234.0,2.48,35.7,3.87
North West,Wheat,Loam,590.1,20.1,25.7,237.6,133.5,2.36,25.4,4.98
Free State,Wheat,Sandy,880.0,22.1,50.2,171.9,154.3,2.03,33.9,4.76
KwaZulu-Natal,Maize,Clay,704.7,25.1,40.2,253.7,164.5,2.93,17.2,7.12
Mpumalanga,Maize,Loam,571.9,21.6,25.4,263.7,175.9,1.95,47.2,8.18
North West,Maize,Sandy,274.6,15.6,8.5,136.6,183.5,1.05,34.6,4.71
North West,Wheat,Loam,374.5,24.4,18.9,31.2,176.9,0.62,18.2,4.25
KwaZulu-Natal,Soybean,Clay,319.8,26.6,22.8,62.5,202.4,2.2,23.6,2.71
North West,Maize,Sandy Loam,652.3,28.5,35.1,97.9,168.8,1.59,26.5,6.79
North West,Sunflower,Clay,818.8,20.2,54.5,215.1,238.7,0.77,25.6,4.95
KwaZulu-Natal,Sunflower,Sandy Loam,656.2,25.5,27.5,4.1,200.5,3.48,8.1,2.79
Free State,Maize,Sandy Loam,590.6,17.9,32.8,43.6,244.5,0.21,20.7,7.15
North West,Maize,Sandy,508.9,22.9,16.8,280.2,154.7,3.53,15.8,4.83
Free State,Sunflower,Clay,703.8,21.3,38.2,219.4,137.3,5.53,32.0,2.79
Free State,Sunflower,Sandy,304.1,24.4,14.6,166.7,148.5,2.22,18.0,1.99
North West,Wheat,Clay,472.8,26.7,19.8,177.0,165.9,3.52,16.4,3.65
Free State,Sunflower,Sandy Loam,750.2,18.9,46.0,0.0,211.6,1.04,32.0,3.19
Mpumalanga,Wheat,Sandy Loam,632.7,25.2,30.8,87.6,189.1,2.9,22.7,4.48
Limpopo,Wheat,Sandy Loam,442.6,18.5,18.2,108.3,164.1,3.51,53.6,3.54
Limpopo,Maize,Sandy,601.0,18.8,39.3,270.7,248.2,1.05,37.7,7.38
KwaZulu-Natal,Soybean,Clay,581.1,22.7,,235.3,295.0,2.6,42.9,4.14
KwaZulu-Natal,Maize,Clay,561.2,15.4,25.7,73.9,161.5,1.57,30.5,5.99
North West,Soybean,Sandy Loam,721.0,21.7,35.9,144.6,149.2,1.56,1.1,3.97
Limpopo,Maize,Sandy,635.0,28.3,31.0,120.6,140.4,6.06,20.8,5.01
North West,Soybean,Loam,487.8,23.5,35.9,138.1,250.1,0.19,18.5,4.42
KwaZulu-Natal,Soybean,Clay,553.4,24.5,32.5,173.3,183.7,2.72,6.7,3.47
KwaZulu-Natal,Maize,Loam,716.1,21.8,37.7,98.9,154.6,2.87,5.1,7.85
North West,Maize,Loam,762.8,26.9,48.7,0.0,147.9,1.1,39.6,7.98
Free State,Maize,Loam,708.5,23.1,35.4,62.3,170.1,4.23,85.4,7.45
Limpopo,Maize,Loam,850.9,23.5,50.5,111.9,235.9,1.58,12.6,9.36
North West,Sunflower,Sandy,664.6,19.8,41.7,33.3,143.6,7.36,16.9,1.74
Limpopo,Sunflower,Loam,819.1,21.7,46.0,83.1,261.5,2.57,14.4,4.01
North West,Sunflower,Loam,563.3,22.4,31.6,31.4,226.2,2.58,1.9,3.31
North West,Soybean,Sandy Loam,659.9,19.5,31.4,59.6,176.5,2.11,26.3,3.97
Mpumalanga,Soybean,Clay,786.8,25.2,51.4,52.4,228.2,2.73,59.3,3.93
Mpumalanga,Soybean,Sandy Loam,698.7,23.4,35.5,178.6,263.1,2.77,20.3,4.61
KwaZulu-Natal,Maize,Sandy,395.5,19.3,20.4,114.8,181.1,1.06,28.7,4.58
Limpopo,Soybean,Clay,601.4,18.2,33.5,243.3,125.7,7.28,5.7,3.14
Free State,Maize,Sandy,604.7,20.5,29.7,129.3,166.6,0.41,57.2,5.68
KwaZulu-Natal,Sunflower,Clay,319.6,15.5,15.1,147.1,258.8,5.4,30.5,1.74
Limpopo,Soybean,Sandy,550.3,22.2,32.3,74.8,244.4,2.84,1.8,3.05
Free State,Maize,Loam,737.8,30.3,38.2,115.3,179.5,2.35,12.6,7.04
Limpopo,Wheat,Sandy Loam,546.4,20.2,24.3,239.5,179.7,2.04,32.4,4.78
Limpopo,Sunflower,Loam,716.9,15.8,34.3,101.1,240.5,2.06,22.5,3.34
Mpumalanga,Wheat,Loam,707.0,25.5,,308.1,205.1,0.29,38.1,6.23
Free State,Maize,Sandy Loam,542.4,20.0,34.4,140.0,181.0,3.13,32.2,6.84
North West,Soybean,Clay,389.8,15.1,21.3,181.4,156.0,0.9,27.3,2.21
Limpopo,Wheat,Sandy,505.4,22.8,32.6,68.1,216.1,0.94,30.0,3.5
North West,Sunflower,Sandy,270.1,26.3,12.7,130.3,282.2,2.39,23.2,1.86
KwaZulu-Natal,Sunflower,Sandy Loam,504.8,28.4,23.9,161.1,202.0,2.47,26.0,2.14
KwaZulu-Natal,Wheat,Loam,499.2,22.7,35.0,23.8,165.5,0.81,53.0,4.4
Free State,Maize,Clay,667.2,20.7,38.8,200.6,243.7,0.55,29.2,7.03
North West,Sunflower,Sandy Loam,858.9,21.5,45.8,116.1,201.4,1.78,18.7,3.32
KwaZulu-Natal,Soybean,Sandy,588.7,16.4,31.8,107.5,203.2,1.52,38.2,2.54
North West,Soybean,Sandy,605.2,23.1,31.3,63.1,248.7,5.37,11.6,3.4
Mpumalanga,Sunflower,Sandy,631.9,19.8,35.5,123.6,236.7,1.41,81.1,2.98
Limpopo,Maize,Sandy Loam,634.3,23.7,52.7,215.9,147.5,3.96,9.0,7.33
KwaZulu-Natal,Maize,Sandy,741.8,26.0,39.1,29.8,278.2,2.9,1.0,5.94
Limpopo,Sunflower,Sandy,586.1,21.9,31.2,93.8,169.2,0.52,3.6,3.23
Limpopo,Sunflower,Clay,592.4,24.7,24.6,34.0,300.0,2.03,14.3,3.11
Free State,Maize,Loam,571.1,22.3,,212.0,121.6,1.26,14.7,7.59
Mpumalanga,Sunflower,Sandy,504.9,26.4,31.1,0.0,96.6,1.72,1.0,1.29
North West,Sunflower,Sandy Loam,802.3,21.4,40.3,0.0,212.3,2.83,1.0,2.8
North West,Sunflower,Loam,353.2,22.8,9.0,187.4,174.8,2.55,25.5,2.93
North West,Sunflower,Sandy Loam,721.6,17.1,51.0,148.6,138.2,3.91,6.3,3.58
North West,Maize,Sandy Loam,481.2,29.7,22.7,129.2,181.7,2.44,29.3,5.93
North West,Maize,Clay,890.4,20.0,55.3,183.4,124.6,1.26,13.0,8.27
KwaZulu-Natal,Wheat,Clay,396.2,28.4,24.2,0.0,210.0,2.95,9.0,2.45
KwaZulu-Natal,Maize,Clay,467.9,21.6,21.3,277.5,40.5,1.74,69.5,5.91
Free State,Maize,Sandy Loam,454.2,23.8,28.0,79.3,42.5,1.32,8.7,5.38
Mpumalanga,Sunflower,Clay,470.6,28.0,21.7,122.0,170.9,5.29,11.6,1.12
Mpumalanga,Soybean,Sandy Loam,645.1,20.7,32.8,132.0,149.0,1.56,43.7,4.28
Mpumalanga,Soybean,Clay,750.8,17.1,34.3,241.4,230.1,1.24,7.0,5.1
North West,Maize,Loam,594.4,19.2,36.5,165.9,111.6,0.35,67.7,7.39
Free State,Soybean,Clay,560.1,18.8,26.2,187.1,205.5,3.97,4.0,3.64
North West,Wheat,Loam,552.2,22.3,23.3,255.5,118.8,4.16,1.0,4.21
Mpumalanga,Sunflower,Sandy,426.7,22.6,21.4,243.7,268.6,2.56,33.5,3.13
North West,Sunflower,Clay,422.9,14.4,29.2,152.4,98.9,1.6,28.1,2.36
KwaZulu-Natal,Maize,Loam,590.0,26.1,20.5,6.2,243.7,2.61,35.9,7.21
Limpopo,Wheat,Sandy Loam,444.8,22.3,30.9,150.8,160.2,3.19,7.7,3.62
North West,Wheat,Clay,503.1,27.3,23.9,82.2,187.2,1.18,47.7,3.79
Mpumalanga,Maize,Sandy Loam,752.0,26.0,35.6,149.1,213.4,2.06,8.8,7.87
North West,Maize,Loam,500.4,21.2,22.2,124.9,162.8,1.92,13.5,6.66
Free State,Sunflower,Loam,511.1,25.6,26.1,296.8,240.7,3.2,39.6,3.66
KwaZulu-Natal,Soybean,Loam,812.3,18.6,42.4,86.0,190.3,1.18,2.9,4.35
KwaZulu-Natal,Maize,Loam,387.5,19.2,23.4,141.7,280.2,1.97,11.2,7.13
KwaZulu-Natal,Sunflower,Sandy Loam,627.1,20.0,27.2,43.2,161.4,3.22,3.9,2.5
North West,Sunflower,Sandy Loam,545.3,27.4,22.5,0.0,204.9,1.2,21.8,2.66
KwaZulu-Natal,Wheat,Loam,658.9,22.3,38.7,1.3,239.4,0.58,41.0,5.31
North West,Wheat,Loam,611.0,19.2,28.7,194.7,273.9,1.66,18.2,16.89
Free State,Maize,Sandy Loam,448.4,28.3,31.4,122.2,193.6,0.64,13.7,5.72
KwaZulu-Natal,Wheat,Sandy Loam,676.2,24.0,35.8,184.8,150.5,2.75,39.2,4.37
Mpumalanga,Wheat,Sandy Loam,468.0,24.7,27.9,8.0,131.9,3.0,61.0,3.61
KwaZulu-Natal,Sunflower,Clay,596.8,23.1,36.6,18.9,151.1,0.67,73.6,2.09
Mpumalanga,Soybean,Sandy,466.6,28.1,23.7,95.2,97.0,1.19,46.7,2.56
Mpumalanga,Sunflower,Sandy Loam,675.1,24.9,37.2,131.5,194.7,3.5,5.1,3.09
KwaZulu-Natal,Soybean,Loam,552.0,23.7,36.7,101.1,163.0,2.0,34.8,3.28
KwaZulu-Natal,Soybean,Loam,537.6,21.8,30.3,281.4,160.3,0.36,59.0,3.7
KwaZulu-Natal,Maize,Loam,566.0,19.3,27.8,99.3,182.7,0.52,38.5,7.55
Mpumalanga,Wheat,Sandy,686.1,22.5,32.9,61.7,108.0,0.25,12.2,3.68
KwaZulu-Natal,Sunflower,Sandy,593.3,17.0,38.4,28.0,150.1,1.97,68.0,2.5
North West,Wheat,Sandy Loam,737.1,18.5,33.4,275.8,239.3,3.27,16.2,5.65
North West,Soybean,Loam,372.8,18.4,19.3,314.3,88.9,1.78,134.5,2.98
Limpopo,Maize,Sandy Loam,679.2,15.8,36.5,261.2,155.5,0.87,40.6,7.45
Limpopo,Soybean,Sandy,406.3,20.9,27.4,40.6,216.4,2.06,47.8,2.13
KwaZulu-Natal,Wheat,Loam,519.7,21.0,35.2,83.8,158.9,1.33,16.2,3.63
KwaZulu-Natal,Soybean,Loam,576.5,19.4,31.4,174.0,99.3,3.57,3.0,3.49
Free State,Maize,Sandy Loam,292.7,25.0,15.3,133.8,199.2,2.61,7.8,5.1
Free State,Maize,Loam,679.2,18.9,34.5,177.6,216.8,6.37,11.6,7.56
Free State,Wheat,Loam,551.7,23.7,24.1,129.9,110.3,1.07,17.9,4.2
Limpopo,Maize,Sandy Loam,249.9,21.5,10.0,219.4,191.6,0.44,8.4,5.77
North West,Wheat,Sandy,383.4,22.8,15.8,122.8,132.9,0.7,16.9,2.62
North West,Sunflower,Clay,594.6,29.9,32.7,171.9,209.9,2.93,27.8,2.67
Mpumalanga,Maize,Sandy,641.5,19.4,37.6,213.0,84.2,1.37,1.0,6.35
Limpopo,Soybean,Loam,784.7,27.2,42.4,143.3,219.8,2.89,3.6,4.43
Mpumalanga,Soybean,Sandy,550.9,26.9,26.6,221.8,193.0,2.69,14.7,3.53
Limpopo,Maize,Sandy,641.4,23.4,37.2,288.2,170.3,3.4,5.3,6.9
North West,Maize,Loam,734.6,12.0,39.7,63.3,249.4,1.55,10.9,8.39
North West,Wheat,Sandy Loam,656.5,22.7,41.8,193.7,203.6,1.68,16.7,4.76
KwaZulu-Natal,Wheat,Loam,523.8,15.9,25.3,0.0,212.4,3.29,41.3,3.91
Mpumalanga,Maize,Sandy,291.6,15.5,5.2,113.2,193.5,1.28,1.0,3.62
Limpopo,Wheat,Loam,538.5,25.3,31.8,126.1,169.2,2.95,41.8,4.5
Mpumalanga,Maize,Sandy Loam,689.6,21.4,42.9,0.0,203.6,2.99,14.2,7.6
Mpumalanga,Sunflower,Sandy,689.4,22.3,37.3,52.0,189.6,0.51,1.0,2.54
North West,Soybean,Sandy Loam,448.2,28.2,29.6,183.0,183.9,0.85,23.5,3.58
North West,Soybean,Clay,435.4,25.5,33.1,15.1,143.2,6.59,48.3,1.7
North West,Soybean,Sandy,767.0,20.6,39.3,83.3,162.1,2.55,17.3,3.51
Free State,Sunflower,Loam,591.2,24.1,,111.1,162.0,3.68,1.3,2.68
KwaZulu-Natal,Maize,Sandy Loam,515.9,19.0,28.2,58.6,98.0,6.32,73.9,5.86
Free State,Maize,Loam,356.7,22.7,13.8,190.9,194.2,0.36,32.0,6.6
KwaZulu-Natal,Maize,Sandy Loam,603.8,22.1,38.8,47.7,161.8,2.12,4.9,7.1
KwaZulu-Natal,Sunflower,Sandy Loam,503.7,26.1,30.7,257.2,103.7,3.14,18.5,2.46
Limpopo,Soybean,Sandy Loam,366.7,24.7,21.2,163.2,138.7,0.91,3.6,2.83
KwaZulu-Natal,Sunflower,Clay,882.4,15.2,54.9,57.2,93.9,4.28,54.4,3.09
KwaZulu-Natal,Soybean,Sandy Loam,589.9,19.3,33.7,161.1,215.6,1.05,45.3,4.04
Free State,Soybean,Sandy,615.9,25.8,38.7,46.2,209.6,2.79,1.5,3.38
North West,Soybean,Sandy,733.8,29.7,44.4,167.1,273.6,1.19,47.4,4.15
Free State,Soybean,Sandy Loam,718.8,20.3,35.2,81.0,214.7,1.66,27.5,4.03
North West,Wheat,Sandy Loam,204.7,25.0,5.8,44.8,288.5,3.14,9.4,3.39
North West,Soybean,Clay,562.9,19.6,29.7,144.2,116.1,1.57,21.7,3.27
Limpopo,Wheat,Clay,733.6,20.0,41.2,15.5,148.2,2.35,1.0,4.16
Limpopo,Maize,Loam,532.2,26.9,28.4,8.9,289.2,0.91,8.6,7.07
Mpumalanga,Wheat,Sandy,591.0,17.3,20.7,187.4,186.0,2.45,4.4,3.64
Mpumalanga,Soybean,Clay,633.3,17.7,26.4,0.0,177.7,0.94,10.1,3.4
KwaZulu-Natal,Sunflower,Clay,302.2,23.6,11.9,234.6,306.8,3.91,12.0,2.68
Limpopo,Maize,Clay,639.7,17.6,32.6,49.9,86.9,5.24,9.8,5.34
Limpopo,Soybean,Sandy,543.5,19.9,24.6,176.6,66.7,2.44,127.3,1.98
Free State,Wheat,Sandy,206.2,18.9,15.1,81.6,165.9,0.6,65.4,2.42
North West,Sunflower,Clay,597.7,17.0,34.3,77.5,151.4,4.01,31.6,2.33
North West,Maize,Sandy Loam,571.2,19.6,35.2,313.0,82.6,4.08,26.8,6.81
Free State,Wheat,Sandy,516.6,20.6,18.5,78.4,210.8,3.93,3.5,3.52
Mpumalanga,Sunflower,Sandy Loam,842.2,22.2,32.6,244.2,248.3,1.17,60.7,4.54
KwaZulu-Natal,Soybean,Sandy Loam,645.5,20.7,37.4,2.0,62.7,1.64,36.9,3.48
Mpumalanga,Soybean,Clay,307.4,19.2,18.0,106.0,312.3,4.91,12.1,2.25
Limpopo,Soybean,Clay,473.8,18.5,23.3,131.7,222.9,1.36,13.3,3.1
Mpumalanga,Wheat,Clay,827.0,17.4,59.2,173.7,136.1,0.11,22.2,4.99
KwaZulu-Natal,Maize,Sandy Loam,276.9,24.0,19.2,248.5,276.6,2.58,31.9,5.67
Free State,Soybean,Sandy,696.4,29.2,38.9,221.3,219.6,4.6,21.9,3.71
Free State,Wheat,Loam,283.0,24.8,,206.2,88.0,2.64,12.2,2.56
Limpopo,Soybean,Clay,703.9,26.3,35.5,35.4,224.2,1.63,11.4,4.64
KwaZulu-Natal,Wheat,Sandy,668.0,23.3,42.9,199.0,139.5,2.02,12.5,3.87
Mpumalanga,Maize,Sandy Loam,796.2,20.2,36.1,162.7,170.5,6.71,19.0,7.57
Limpopo,Maize,Loam,540.3,20.0,30.1,145.3,143.7,2.01,4.7,6.38
KwaZulu-Natal,Maize,Sandy Loam,696.3,19.9,37.3,10.9,109.7,4.13,20.7,6.49
North West,Sunflower,Sandy Loam,615.7,20.8,37.6,296.1,156.1,3.46,18.4,3.32
KwaZulu-Natal,Soybean,Sandy,417.4,20.6,21.3,82.6,212.4,0.88,4.3,2.56
North West,Soybean,Clay,775.8,21.8,43.3,204.9,193.2,1.66,1.9,4.88
KwaZulu-Natal,Sunflower,Sandy,629.2,18.6,31.8,0.0,246.2,1.74,9.6,2.32
Mpumalanga,Wheat,Loam,629.7,20.9,44.2,0.0,262.7,5.94,38.8,4.75
Limpopo,Soybean,Sandy Loam,603.4,24.9,39.1,295.9,174.3,4.47,1.0,3.4
North West,Maize,Sandy Loam,483.0,21.5,25.7,94.3,254.6,1.38,35.8,5.84
Free State,Sunflower,Loam,601.1,15.7,31.1,81.1,85.0,3.49,3.3,2.45
North West,Wheat,Loam,856.4,20.8,48.6,21.9,122.3,5.35,51.7,5.19
Limpopo,Soybean,Sandy Loam,465.8,18.3,27.4,69.1,52.4,3.65,35.5,2.25
North West,Sunflower,Loam,536.2,21.2,31.2,96.2,130.4,3.83,34.6,2.01
Free State,Wheat,Loam,423.4,17.1,34.2,242.7,141.8,4.12,17.5,3.79
KwaZulu-Natal,Soybean,Sandy Loam,636.7,27.3,39.6,130.5,87.5,2.36,50.8,3.72
Free State,Maize,Loam,674.9,17.2,44.9,101.4,212.9,2.37,31.0,7.01
KwaZulu-Natal,Wheat,Loam,333.5,24.5,16.1,215.4,218.8,2.29,24.3,4.75
North West,Sunflower,Clay,408.7,24.4,19.7,127.3,134.2,3.54,49.8,1.15
KwaZulu-Natal,Wheat,Clay,598.9,22.4,32.7,180.3,232.7,5.85,7.5,3.56
KwaZulu-Natal,Soybean,Sandy Loam,574.2,23.6,39.3,3.4,156.0,3.63,12.1,2.78
North West,Maize,Loam,650.1,21.1,32.2,254.0,195.3,4.72,21.7,8.08
Limpopo,Wheat,Sandy Loam,575.7,20.3,36.3,66.7,127.0,2.49,34.1,3.68
Limpopo,Wheat,Sandy,547.3,25.7,32.8,146.7,198.0,4.83,28.3,3.82
KwaZulu-Natal,Sunflower,Sandy Loam,705.5,24.4,42.9,123.7,214.7,0.81,126.8,3.07
Mpumalanga,Soybean,Clay,507.8,20.0,29.7,248.7,167.7,0.4,10.1,3.89
North West,Wheat,Clay,589.8,18.0,28.1,154.4,192.3,0.79,4.6,4.9
Mpumalanga,Sunflower,Sandy Loam,978.4,21.9,,21.2,165.0,7.08,1.0,3.01
North West,Wheat,Sandy,560.1,25.0,24.8,148.1,111.0,2.21,3.0,2.94
Mpumalanga,Maize,Sandy Loam,531.7,19.3,26.4,176.3,158.3,4.87,15.4,6.92
KwaZulu-Natal,Wheat,Loam,773.4,24.9,38.3,64.8,122.8,4.46,38.3,4.83
KwaZulu-Natal,Wheat,Sandy Loam,705.0,17.8,25.7,57.4,127.9,1.53,32.8,4.18
Free State,Sunflower,Sandy Loam,758.6,21.6,39.4,0.0,280.8,3.49,77.0,3.76
KwaZulu-Natal,Maize,Clay,617.9,21.9,27.8,112.3,268.8,5.2,1.0,6.27
KwaZulu-Natal,Sunflower,Sandy Loam,874.5,25.5,54.5,95.3,97.7,0.9,9.8,3.75
Limpopo,Wheat,Sandy,520.4,26.0,29.5,190.6,178.8,4.37,13.1,2.7
KwaZulu-Natal,Maize,Loam,560.9,24.9,32.1,66.7,212.5,4.21,3.1,6.43
North West,Maize,Clay,344.5,28.9,29.2,90.4,246.7,2.04,123.2,5.29
Limpopo,Wheat,Sandy,294.8,19.9,19.5,135.5,255.0,3.92,4.4,2.58
North West,Sunflower,Sandy,547.2,22.9,21.5,116.3,60.9,4.53,31.6,1.98
Mpumalanga,Soybean,Loam,525.6,28.7,22.7,222.2,316.1,0.76,11.9,4.55
Limpopo,Maize,Sandy,509.9,28.3,21.5,0.0,283.7,1.08,26.3,5.41
Limpopo,Soybean,Sandy,751.1,19.3,45.0,0.0,151.3,4.13,1.5,3.2
Mpumalanga,Maize,Sandy Loam,295.0,21.6,17.0,109.4,180.9,3.43,29.0,5.05
Mpumalanga,Wheat,Sandy Loam,649.5,26.3,34.5,144.8,143.2,1.22,17.7,4.64
KwaZulu-Natal,Sunflower,Loam,732.5,25.9,45.3,11.8,210.7,4.76,27.3,2.58
Free State,Wheat,Loam,474.5,21.6,24.7,134.1,184.6,3.83,22.3,4.3
Free State,Wheat,Sandy,506.0,19.8,29.2,211.0,205.2,1.43,20.8,4.03
North West,Wheat,Clay,642.3,23.4,41.8,174.8,107.5,6.11,18.4,3.85
Free State,Wheat,Sandy Loam,385.9,20.1,18.0,113.8,134.9,1.39,44.2,3.85
Limpopo,Soybean,Sandy,739.1,21.8,46.3,209.2,221.7,2.17,34.8,12.75
KwaZulu-Natal,Wheat,Loam,450.3,27.4,27.9,268.4,288.9,5.91,17.2,4.21
Free State,Wheat,Clay,542.4,23.7,34.0,113.6,223.9,4.65,39.9,3.64
Free State,Soybean,Sandy,579.5,24.8,27.7,89.1,52.1,2.2,78.7,2.25
KwaZulu-Natal,Sunflower,Clay,477.2,23.3,21.3,55.3,226.3,0.41,9.5,2.5
North West,Sunflower,Clay,561.6,19.6,32.5,161.1,120.0,0.89,1.9,2.58
Free State,Sunflower,Loam,237.7,18.6,17.3,179.9,151.5,0.83,14.8,2.05
Limpopo,Wheat,Loam,432.4,17.1,25.1,71.9,220.6,2.96,95.0,4.19
Mpumalanga,Soybean,Sandy Loam,654.5,21.1,35.9,129.2,238.8,1.52,16.7,4.79
Free State,Wheat,Loam,290.6,19.2,20.1,136.7,122.8,3.92,43.9,2.64
KwaZulu-Natal,Sunflower,Loam,503.4,19.4,30.1,39.0,123.6,3.9,3.5,1.49
KwaZulu-Natal,Wheat,Sandy Loam,628.6,26.8,32.3,86.3,211.5,2.68,12.3,4.91
Limpopo,Wheat,Clay,514.1,17.9,24.8,122.8,225.3,1.11,32.4,4.11
Mpumalanga,Sunflower,Loam,639.7,25.9,39.3,208.5,148.2,4.41,1.0,3.72
Mpumalanga,Maize,Loam,701.5,21.1,36.1,229.4,255.8,2.92,9.2,8.68
Free State,Sunflower,Clay,683.8,25.6,33.9,158.0,160.6,3.31,7.6,3.36
Limpopo,Wheat,Sandy,523.0,19.9,34.0,0.0,164.8,2.93,23.0,2.57
North West,Maize,Sandy,625.3,20.8,28.4,206.1,252.0,3.74,11.7,6.37
Free State,Maize,Clay,441.0,25.5,18.2,188.6,269.2,2.14,27.9,5.48
Limpopo,Sunflower,Loam,423.9,21.8,23.8,214.0,56.7,0.58,11.3,3.0
Free State,Sunflower,Loam,671.3,24.0,33.5,142.1,186.5,4.6,1.1,3.11
KwaZulu-Natal,Wheat,Clay,579.9,22.2,29.6,0.0,243.8,2.23,40.8,3.34
Limpopo,Wheat,Sandy Loam,580.9,12.0,28.9,187.7,201.7,2.01,27.5,4.99
Free State,Maize,Sandy Loam,725.4,22.9,42.8,99.9,186.3,4.13,16.5,6.39
North West,Sunflower,Loam,636.3,18.5,30.6,92.5,186.5,2.82,1.9,2.6
KwaZulu-Natal,Wheat,Sandy Loam,955.4,17.3,56.9,63.6,281.6,3.23,1.2,5.45
Mpumalanga,Sunflower,Loam,526.8,22.3,29.1,38.2,116.8,0.99,17.3,2.28
North West,Maize,Loam,513.1,21.9,28.2,139.6,217.2,1.15,70.9,7.6
Limpopo,Sunflower,Sandy,323.0,17.8,11.6,211.4,244.5,3.55,14.7,1.86
Free State,Sunflower,Clay,635.0,26.7,32.1,187.7,111.2,2.6,56.6,3.09
Limpopo,Soybean,Loam,724.5,21.3,50.1,118.4,134.0,1.92,13.3,5.16
Free State,Wheat,Sandy,418.1,19.1,,0.0,208.5,1.62,31.9,2.97
Mpumalanga,Maize,Clay,571.9,20.6,29.4,58.1,232.6,2.33,20.7,6.16
KwaZulu-Natal,Sunflower,Sandy Loam,828.9,19.1,40.8,88.7,123.6,0.42,15.3,3.47
North West,Soybean,Clay,563.4,20.6,21.5,74.8,146.7,3.31,11.7,3.37
Free State,Soybean,Loam,543.5,22.8,35.9,221.0,160.0,2.58,11.7,3.58
Free State,Soybean,Loam,341.1,19.8,21.1,134.3,252.6,2.75,15.7,3.2
North West,Maize,Loam,577.7,23.8,35.2,44.3,195.5,0.83,9.3,6.73
Mpumalanga,Sunflower,Loam,890.7,16.2,48.0,182.8,238.5,3.28,18.9,3.73
Mpumalanga,Wheat,Sandy,429.6,23.5,26.9,38.4,319.7,2.42,1.4,3.34
North West,Wheat,Sandy Loam,571.4,25.3,36.6,254.5,226.8,3.54,20.7,3.99
Free State,Wheat,Sandy Loam,395.1,21.3,16.9,167.3,98.2,1.49,20.2,3.65
Free State,Sunflower,Loam,596.7,26.1,33.6,136.5,220.1,2.6,8.5,2.7
Limpopo,Maize,Sandy Loam,413.7,21.0,23.0,272.9,215.4,2.24,9.6,6.61
Limpopo,Sunflower,Sandy Loam,455.8,24.1,26.4,186.8,166.4,0.99,22.8,3.31
Free State,Sunflower,Clay,613.9,28.1,32.6,232.4,216.0,2.56,37.9,3.09
KwaZulu-Natal,Soybean,Loam,506.5,21.3,26.6,0.0,223.6,3.03,86.5,2.94
Free State,Wheat,Sandy Loam,715.9,24.8,45.5,258.8,173.6,2.56,19.7,4.96
North West,Maize,Sandy Loam,239.9,18.6,12.7,196.9,192.4,0.76,1.3,4.74
Limpopo,Maize,Clay,714.7,27.0,27.8,51.3,178.5,2.98,7.2,6.83
Mpumalanga,Sunflower,Loam,380.5,23.3,28.1,120.7,204.3,5.99,25.7,1.9
North West,Wheat,Loam,668.6,17.5,35.7,230.6,123.6,4.94,1.0,4.6
Mpumalanga,Soybean,Loam,575.3,17.2,34.0,322.1,164.2,3.65,21.1,4.22
Mpumalanga,Soybean,Loam,504.2,21.4,24.1,250.4,187.0,4.71,38.7,3.56
Free State,Sunflower,Sandy Loam,462.8,22.0,24.0,143.8,197.6,3.41,2.1,2.43
Limpopo,Wheat,Sandy,462.3,23.7,,104.0,238.3,1.67,99.4,3.84
KwaZulu-Natal,Wheat,Loam,774.6,18.1,41.6,133.0,196.3,2.28,51.7,6.12
North West,Soybean,Sandy Loam,474.6,18.3,29.9,51.3,120.8,1.96,1.0,2.98
Mpumalanga,Soybean,Loam,320.7,19.6,13.1,107.9,137.6,0.22,5.8,2.34
North West,Maize,Loam,490.7,19.1,27.0,55.9,144.4,1.26,12.9,6.18
Mpumalanga,Soybean,Sandy Loam,735.0,24.1,40.2,147.4,94.5,0.59,80.3,3.7
Limpopo,Wheat,Loam,435.3,25.5,26.1,154.1,226.6,1.31,45.7,4.84
Mpumalanga,Wheat,Clay,475.5,28.5,27.5,117.0,297.8,2.99,37.8,3.45
Mpumalanga,Wheat,Clay,336.1,30.3,18.4,94.3,227.5,4.03,35.3,2.25
Mpumalanga,Soybean,Clay,371.3,21.9,23.3,207.4,285.8,0.78,5.6,3.37
Mpumalanga,Soybean,Sandy Loam,752.5,19.3,35.3,201.8,227.4,2.75,18.3,5.63
KwaZulu-Natal,Soybean,Sandy Loam,590.0,18.7,35.2,135.4,81.2,4.23,17.8,3.4
KwaZulu-Natal,Wheat,Sandy Loam,615.2,25.3,36.2,122.3,212.0,5.52,134.7,4.68
Free State,Wheat,Clay,440.4,22.0,25.0,93.1,260.4,0.99,1.0,3.76
North West,Soybean,Sandy,352.2,20.5,21.2,170.9,111.8,2.88,7.0,1.24
Free State,Maize,Sandy Loam,642.9,20.1,26.8,189.4,142.6,1.11,32.0,7.55
KwaZulu-Natal,Maize,Clay,461.1,20.4,33.0,69.3,221.4,2.93,8.1,5.14
North West,Sunflower,Sandy Loam,578.9,23.5,24.7,0.0,122.8,0.57,15.3,1.94
North West,Maize,Sandy Loam,349.0,17.9,14.7,90.4,248.4,0.29,22.0,5.92
Limpopo,Maize,Sandy Loam,281.4,18.7,8.1,161.8,155.1,1.21,33.7,4.9
Limpopo,Maize,Clay,553.2,20.1,18.7,213.4,246.7,0.83,1.7,6.68
Free State,Wheat,Sandy Loam,298.8,20.3,21.7,248.0,197.2,1.7,12.1,4.25
KwaZulu-Natal,Wheat,Sandy,654.4,24.7,35.7,125.7,253.5,3.02,87.0,4.14
Limpopo,Wheat,Loam,524.2,22.3,26.4,40.1,166.6,6.85,7.0,3.05
Free State,Soybean,Sandy Loam,605.7,21.9,35.6,207.7,189.7,2.08,38.6,4.01
Mpumalanga,Sunflower,Sandy,622.8,25.6,34.3,59.0,156.8,3.05,83.5,2.25
KwaZulu-Natal,Soybean,Sandy Loam,508.6,24.7,26.4,105.5,116.2,1.75,13.4,3.39
North West,Sunflower,Sandy,651.6,19.7,31.4,15.8,260.7,4.42,10.1,2.21
KwaZulu-Natal,Maize,Sandy Loam,550.7,18.7,23.1,96.5,199.5,5.8,56.4,6.25
KwaZulu-Natal,Maize,Loam,574.1,22.3,30.9,38.5,161.2,2.72,14.5,7.1
KwaZulu-Natal,Sunflower,Clay,516.7,31.1,25.5,32.7,259.9,2.03,9.0,1.46
KwaZulu-Natal,Soybean,Sandy,660.4,27.2,38.2,72.4,223.9,0.9,28.6,3.38
North West,Sunflower,Sandy,549.2,27.0,30.9,11.6,313.8,3.52,19.8,2.51
KwaZulu-Natal,Maize,Sandy,451.6,26.7,25.4,30.8,226.7,0.24,9.7,5.41
Free State,Wheat,Sandy,416.6,25.9,27.3,115.9,145.9,3.19,20.8,2.57
North West,Sunflower,Sandy,635.7,21.9,33.9,101.5,255.9,2.82,40.1,3.26
Mpumalanga,Sunflower,Sandy Loam,393.7,21.6,24.1,98.9,182.6,3.07,29.9,1.9
Free State,Maize,Sandy Loam,754.2,25.5,57.1,87.5,136.1,2.48,3.4,7.42
North West,Sunflower,Clay,557.8,15.8,28.5,118.3,171.9,2.19,53.9,2.79
Mpumalanga,Maize,Sandy,471.0,22.3,31.1,198.8,164.6,4.91,11.1,4.78
Free State,Wheat,Sandy Loam,629.6,26.0,34.7,144.3,159.5,2.61,43.1,4.87
North West,Maize,Loam,634.6,24.1,28.1,196.3,156.9,3.68,5.1,7.32
KwaZulu-Natal,Soybean,Sandy,1075.9,24.6,50.6,1.5,208.7,4.18,10.6,4.99
Free State,Wheat,Sandy,786.8,20.7,45.1,105.5,123.7,5.51,70.1,3.69
Mpumalanga,Soybean,Loam,530.9,22.8,35.1,3.0,133.4,3.98,3.0,2.81
Mpumalanga,Wheat,Sandy Loam,455.8,26.0,22.6,34.8,37.1,3.09,76.2,1.82
North West,Maize,Clay,613.6,19.9,27.5,0.0,77.4,1.12,40.5,5.67
North West,Wheat,Clay,584.8,27.1,27.8,173.5,233.5,1.34,49.8,3.84
KwaZulu-Natal,Sunflower,Sandy,381.3,19.9,24.2,166.5,176.5,0.97,2.5,1.74
Mpumalanga,Sunflower,Clay,650.0,26.6,34.7,108.3,224.9,1.02,11.5,3.12
Limpopo,Wheat,Clay,445.0,25.4,29.8,102.4,166.4,2.65,7.7,3.5
Free State,Maize,Loam,579.7,18.7,27.6,87.4,215.9,1.25,77.5,7.79
Mpumalanga,Wheat,Sandy,713.4,19.7,38.9,50.2,223.4,2.07,25.2,4.62
North West,Wheat,Sandy,553.6,22.0,33.6,39.6,131.8,2.52,12.7,3.63
Free State,Soybean,Loam,665.2,25.7,36.6,208.7,117.0,2.12,17.9,4.66
North West,Soybean,Sandy Loam,468.7,18.7,22.8,8.7,186.8,3.66,42.6,3.07
Limpopo,Maize,Loam,560.8,18.5,20.7,93.3,95.1,2.41,29.0,6.72
Free State,Maize,Sandy,609.4,18.4,38.2,119.9,162.1,0.76,34.0,5.52
Mpumalanga,Soybean,Loam,394.6,27.5,29.3,92.0,144.9,0.36,1.0,2.72
KwaZulu-Natal,Wheat,Sandy,530.8,27.8,35.6,119.5,237.4,2.3,14.5,3.54
Free State,Sunflower,Sandy Loam,607.7,19.8,33.1,23.2,262.3,1.76,39.2,3.36
Limpopo,Maize,Sandy,608.5,26.9,34.0,128.8,142.3,0.92,47.5,6.0
Mpumalanga,Soybean,Sandy,940.4,27.9,49.3,118.2,108.2,2.11,30.6,4.86
KwaZulu-Natal,Wheat,Clay,462.0,21.2,21.8,37.1,244.3,3.55,23.0,3.52
Mpumalanga,Maize,Sandy,554.3,19.6,17.8,170.5,226.0,4.22,20.1,5.88
Limpopo,Wheat,Clay,496.0,22.9,30.2,0.0,137.3,1.6,7.8,3.02
North West,Soybean,Sandy Loam,454.6,19.9,23.4,105.6,196.4,3.22,29.7,3.32
Free State,Wheat,Sandy,244.8,22.5,8.1,49.0,79.9,2.54,5.2,2.4
KwaZulu-Natal,Sunflower,Loam,660.4,21.4,44.8,158.2,164.9,1.7,52.5,3.26
KwaZulu-Natal,Sunflower,Clay,661.5,19.4,35.7,168.8,207.2,2.91,35.5,2.75
Free State,Soybean,Sandy Loam,576.8,20.2,40.0,28.6,132.0,1.63,56.9,2.87
Free State,Maize,Loam,369.6,19.5,23.2,53.5,150.1,2.77,18.1,5.74
Limpopo,Sunflower,Loam,540.8,19.2,23.2,96.9,160.1,2.61,76.7,2.72
KwaZulu-Natal,Wheat,Sandy Loam,551.8,20.3,21.8,54.3,108.8,2.59,4.6,3.91
North West,Maize,Sandy,335.6,20.4,,80.9,120.1,2.5,16.3,3.44
Mpumalanga,Soybean,Sandy Loam,411.2,28.0,28.4,51.4,313.4,0.71,11.2,3.44
Mpumalanga,Maize,Loam,657.8,20.9,28.8,0.0,140.2,1.58,3.6,7.06
North West,Sunflower,Sandy,720.9,20.2,41.9,36.0,203.7,5.58,42.9,2.28
Mpumalanga,Wheat,Sandy Loam,637.1,20.1,34.4,181.0,231.0,3.54,31.1,4.72
Limpopo,Wheat,Sandy Loam,536.0,26.8,30.0,55.2,252.4,1.84,6.3,5.14
Mpumalanga,Maize,Loam,501.4,22.3,31.9,76.0,241.3,3.58,27.2,6.92
Free State,Soybean,Sandy,593.7,24.8,36.4,23.5,242.8,4.18,22.5,3.03
Free State,Soybean,Sandy,407.2,21.7,27.3,0.0,177.9,0.33,56.7,2.45
Mpumalanga,Soybean,Sandy,858.6,21.7,47.5,179.6,222.0,2.34,7.6,4.94
Mpumalanga,Soybean,Clay,686.0,24.6,37.5,134.1,270.5,0.41,26.6,4.25
North West,Wheat,Sandy Loam,705.7,21.8,44.1,250.7,127.0,1.03,8.2,4.66
Free State,Wheat,Sandy Loam,474.4,24.3,28.7,102.6,164.3,0.96,7.6,4.21
Limpopo,Wheat,Loam,418.3,21.9,29.9,154.3,174.8,3.24,1.0,4.02
Limpopo,Wheat,Clay,862.1,28.4,43.1,0.0,175.1,2.33,18.8,4.28
Free State,Soybean,Loam,455.8,23.3,30.2,57.2,254.7,5.19,2.3,3.66
Mpumalanga,Sunflower,Clay,503.3,25.9,25.1,95.3,176.8,1.99,29.2,2.14
North West,Soybean,Sandy Loam,480.8,23.8,32.4,80.3,20.1,1.83,26.5,2.53
Mpumalanga,Soybean,Sandy Loam,436.3,26.6,27.1,133.4,83.8,0.67,3.3,3.56
KwaZulu-Natal,Maize,Sandy Loam,530.0,21.7,39.9,73.4,182.5,3.01,72.9,5.85
North West,Soybean,Sandy Loam,568.9,23.0,37.1,107.6,168.4,3.79,43.8,3.57
Free State,Wheat,Clay,402.6,19.9,21.6,0.0,218.0,4.41,8.0,3.22
North West,Soybean,Sandy Loam,517.4,24.8,30.9,130.7,285.2,1.21,160.7,3.82
Limpopo,Soybean,Sandy Loam,650.4,20.3,38.3,126.8,173.5,3.29,26.7,4.19
KwaZulu-Natal,Wheat,Sandy,420.2,28.0,27.4,161.1,168.0,1.45,26.0,3.02
Limpopo,Soybean,Clay,605.5,26.4,35.5,106.7,271.5,3.95,23.8,3.97
Free State,Soybean,Clay,748.6,17.7,38.3,169.2,158.3,5.28,1.9,3.76
KwaZulu-Natal,Soybean,Sandy,380.8,23.8,26.4,121.7,137.9,2.54,41.7,2.8
Free State,Soybean,Sandy Loam,411.7,19.3,28.8,108.8,151.5,1.72,49.6,3.7
Free State,Sunflower,Sandy Loam,519.4,21.7,34.6,70.6,265.0,5.74,2.9,2.18
Free State,Soybean,Clay,719.3,21.7,38.3,29.0,164.1,4.37,7.5,3.32
North West,Sunflower,Sandy Loam,742.9,18.3,44.8,175.2,143.7,2.46,30.0,3.04
Free State,Maize,Clay,690.2,21.6,34.6,64.7,20.0,2.94,2.4,5.7
Free State,Maize,Loam,450.0,21.0,21.3,196.7,194.8,1.33,40.2,6.65
KwaZulu-Natal,Soybean,Clay,315.4,18.8,21.6,0.0,117.9,4.3,23.2,1.3
KwaZulu-Natal,Wheat,Loam,685.9,19.9,41.2,107.4,170.5,2.75,17.8,4.76
Mpumalanga,Maize,Sandy,618.9,22.7,31.5,163.5,211.8,1.41,7.7,6.28
Free State,Soybean,Clay,455.0,22.9,21.9,105.5,144.3,1.47,1.3,3.2
North West,Wheat,Loam,705.3,26.0,28.5,203.9,161.7,1.93,29.2,5.79
KwaZulu-Natal,Maize,Clay,470.4,23.5,23.8,238.7,202.7,2.85,6.3,6.44
Free State,Wheat,Clay,276.1,18.6,26.4,126.2,176.8,1.09,32.1,2.9
Free State,Sunflower,Loam,570.0,28.1,35.7,135.3,217.2,0.96,8.2,3.01
North West,Sunflower,Sandy,720.3,25.9,42.7,116.4,286.5,1.88,58.1,3.18
North West,Soybean,Loam,529.4,18.2,28.7,43.5,78.4,4.06,23.2,2.47
Free State,Wheat,Sandy Loam,278.5,24.0,19.8,95.1,227.1,1.65,18.7,3.12
North West,Wheat,Sandy Loam,427.1,26.1,23.5,65.6,275.1,1.93,11.6,4.13
KwaZulu-Natal,Soybean,Sandy,647.8,25.9,29.5,194.9,279.5,1.74,1.7,4.16
Mpumalanga,Maize,Clay,565.4,16.4,31.1,86.0,86.9,4.49,101.2,5.37
Free State,Sunflower,Sandy,598.9,22.5,31.2,168.6,201.2,3.65,42.5,2.95
Mpumalanga,Soybean,Sandy,596.1,19.1,33.6,166.6,182.6,4.79,49.2,3.22
Limpopo,Maize,Sandy,382.0,16.6,24.3,179.8,128.2,1.49,29.2,4.99
North West,Maize,Sandy,475.7,24.8,34.7,31.5,249.8,2.28,77.0,4.54
Free State,Wheat,Clay,523.7,23.0,25.3,86.9,104.1,4.51,73.8,3.65
KwaZulu-Natal,Wheat,Sandy,423.9,19.4,26.0,121.2,206.5,2.35,42.3,2.8
North West,Sunflower,Sandy,438.6,18.7,20.6,47.0,157.5,5.81,30.9,1.15
Free State,Maize,Loam,636.3,28.8,,7.2,154.4,1.6,45.1,6.83
KwaZulu-Natal,Sunflower,Clay,494.4,22.6,30.9,134.1,155.8,2.51,27.2,1.69
North West,Wheat,Loam,468.9,19.9,23.7,261.5,219.8,1.61,1.2,5.07
Limpopo,Soybean,Sandy Loam,664.9,21.2,34.9,133.7,213.6,2.29,1.6,4.56
KwaZulu-Natal,Soybean,Loam,614.5,28.5,31.3,11.2,208.2,1.22,8.3,3.68
North West,Soybean,Clay,503.4,20.1,26.9,152.4,168.6,3.06,22.0,2.52
Limpopo,Wheat,Sandy Loam,514.2,24.7,29.1,118.8,72.2,1.88,46.5,3.17
North West,Maize,Loam,743.5,22.7,43.4,175.1,125.5,2.39,3.0,7.67
KwaZulu-Natal,Soybean,Clay,938.5,28.1,55.9,90.9,143.5,1.38,1.0,4.38
Free State,Maize,Sandy Loam,457.8,23.8,17.6,0.0,167.5,2.83,26.2,6.54
Free State,Sunflower,Sandy,647.7,20.7,44.4,68.4,244.8,0.37,15.7,2.66
Limpopo,Wheat,Clay,353.5,20.9,16.4,33.5,194.2,0.76,49.7,3.36
North West,Soybean,Sandy Loam,501.0,23.2,28.2,46.4,210.8,0.86,20.5,3.56
Limpopo,Maize,Clay,506.7,26.3,33.3,67.7,220.0,3.31,15.6,5.21
Limpopo,Maize,Clay,676.3,20.3,46.8,84.0,221.1,1.18,105.9,6.89
Mpumalanga,Soybean,Clay,508.5,25.4,28.8,156.4,152.5,1.03,6.6,3.03
Mpumalanga,Maize,Loam,613.4,16.1,29.2,19.3,156.6,4.44,2.3,6.83
KwaZulu-Natal,Maize,Sandy Loam,579.7,24.4,35.5,157.2,203.5,1.12,96.9,7.67
Limpopo,Sunflower,Sandy Loam,513.8,20.0,13.7,0.0,191.3,0.75,18.4,2.34
Limpopo,Soybean,Clay,430.7,20.7,22.2,213.1,234.5,1.35,6.6,3.09
Mpumalanga,Maize,Sandy Loam,385.9,30.3,23.2,68.3,149.8,0.27,10.2,5.04
Free State,Maize,Loam,469.7,21.3,31.0,138.2,305.7,2.63,3.7,7.21
Free State,Maize,Sandy Loam,553.0,20.3,32.6,149.8,113.0,2.8,2.6,6.43
KwaZulu-Natal,Maize,Sandy Loam,569.8,21.1,32.5,337.3,227.5,4.96,6.8,7.19
Mpumalanga,Maize,Sandy Loam,740.1,21.8,46.6,244.0,130.8,0.99,10.8,7.82
Free State,Soybean,Clay,671.1,20.9,38.8,162.4,289.3,1.4,28.4,4.32
Mpumalanga,Soybean,Clay,607.1,25.2,28.2,0.0,191.5,0.93,16.2,3.45
KwaZulu-Natal,Wheat,Sandy,407.2,23.7,22.1,196.9,163.0,3.3,2.0,2.92
Mpumalanga,Maize,Loam,539.2,21.7,36.5,80.4,126.8,5.09,5.2,5.99
KwaZulu-Natal,Sunflower,Clay,423.6,20.6,22.7,132.1,257.5,2.14,9.6,2.64
Limpopo,Wheat,Loam,678.6,24.5,42.0,114.4,244.0,1.0,24.1,5.51
Free State,Soybean,Sandy Loam,804.8,21.1,46.4,188.4,156.7,4.35,6.1,4.75
Mpumalanga,Maize,Clay,322.7,23.6,21.6,0.0,186.4,4.16,23.4,4.48
Free State,Soybean,Clay,463.8,19.1,25.9,9.9,268.2,2.51,28.1,3.52
North West,Wheat,Loam,219.5,23.0,21.0,135.7,241.5,3.93,38.3,3.44
Free State,Soybean,Sandy,755.4,27.6,34.6,63.2,288.0,0.82,6.0,4.55
North West,Maize,Sandy,444.6,12.4,24.3,100.5,216.8,1.26,34.6,5.31
Free State,Sunflower,Loam,493.5,21.7,31.5,134.8,243.8,3.03,58.3,2.62
Mpumalanga,Wheat,Clay,464.5,22.4,26.8,286.4,124.0,2.36,26.6,3.91
North West,Maize,Clay,692.4,15.8,37.3,16.5,109.9,1.07,3.5,6.49
Free State,Sunflower,Loam,416.4,25.4,21.6,261.0,194.9,2.54,3.2,2.16
Mpumalanga,Soybean,Sandy Loam,479.1,27.5,30.4,138.2,169.7,1.61,16.0,2.67
Free State,Wheat,Sandy Loam,455.8,19.7,25.5,159.5,165.6,1.22,55.0,4.6
North West,Maize,Sandy,563.0,24.9,39.3,35.6,95.8,2.87,29.0,5.66
Free State,Wheat,Sandy Loam,716.5,16.3,36.9,163.4,155.1,2.08,20.3,4.99
Free State,Maize,Loam,754.8,26.8,42.5,141.7,178.7,1.98,10.7,8.61
Limpopo,Soybean,Sandy,328.8,18.6,13.4,127.7,174.2,0.91,12.8,2.62
North West,Sunflower,Loam,441.4,18.6,20.4,212.4,165.7,0.89,1.0,3.13
Mpumalanga,Sunflower,Sandy,567.1,23.9,34.0,26.0,177.2,2.15,10.4,2.25
Limpopo,Soybean,Sandy,532.3,21.6,23.6,172.2,155.2,1.24,32.4,3.56
North West,Sunflower,Sandy Loam,435.8,23.3,22.7,224.0,197.7,4.4,19.4,2.4
Limpopo,Sunflower,Clay,496.5,20.5,19.7,31.5,136.5,1.24,12.9,2.43
KwaZulu-Natal,Soybean,Sandy,456.6,26.5,19.5,164.9,120.7,0.81,50.0,2.43
Free State,Sunflower,Sandy Loam,530.2,23.2,39.5,193.0,144.3,2.97,12.5,3.1
North West,Sunflower,Clay,644.3,21.6,34.8,177.9,228.7,1.93,4.4,3.24
North West,Soybean,Sandy Loam,698.5,25.2,43.0,82.0,96.1,2.24,9.1,3.66
Free State,Sunflower,Sandy Loam,606.9,29.3,27.4,36.7,253.1,3.15,9.9,2.29
Mpumalanga,Wheat,Clay,695.0,16.8,34.1,110.7,213.0,0.17,82.7,4.97
Mpumalanga,Maize,Sandy Loam,473.6,22.7,27.0,132.1,195.3,1.43,28.1,6.53
Mpumalanga,Sunflower,Sandy Loam,587.8,25.4,38.1,309.2,187.1,2.31,2.1,3.98
North West,Wheat,Sandy,400.4,20.6,17.6,0.0,248.5,1.52,1.0,2.83
Free State,Wheat,Clay,323.5,18.2,8.7,206.8,120.6,0.54,2.6,3.4
North West,Sunflower,Sandy,570.4,25.9,27.8,178.2,154.2,2.07,34.2,2.59
Free State,Wheat,Sandy,823.8,24.3,49.9,263.5,159.4,1.23,39.7,5.01
KwaZulu-Natal,Wheat,Loam,462.1,21.7,26.3,123.2,137.5,0.44,55.9,4.0
North West,Sunflower,Clay,615.9,16.6,38.5,20.3,167.3,2.72,8.4,1.95
Mpumalanga,Soybean,Clay,461.0,23.9,17.0,139.3,109.3,3.32,9.5,1.83
Free State,Wheat,Clay,739.2,19.8,30.9,0.0,129.3,3.22,5.9,4.02
KwaZulu-Natal,Soybean,Clay,684.9,25.4,53.3,44.4,139.1,2.79,15.5,3.19
Mpumalanga,Maize,Sandy Loam,666.2,28.3,46.3,70.3,247.4,4.45,68.3,7.11
KwaZulu-Natal,Sunflower,Sandy Loam,626.6,20.7,36.1,184.5,208.6,3.31,17.9,2.75
KwaZulu-Natal,Soybean,Loam,514.9,21.6,28.2,90.1,99.3,0.91,4.0,3.76
Limpopo,Sunflower,Loam,829.6,28.2,45.2,209.3,263.6,3.21,24.7,4.55
Limpopo,Sunflower,Loam,619.1,16.1,34.7,310.2,159.8,2.69,2.9,3.74
Free State,Sunflower,Sandy Loam,514.8,18.0,30.5,100.6,162.0,1.09,48.9,2.38
Free State,Sunflower,Sandy,877.1,20.9,37.2,321.6,72.1,0.79,8.1,3.7
KwaZulu-Natal,Maize,Sandy Loam,370.8,17.2,16.9,85.9,222.4,2.23,74.1,5.01
KwaZulu-Natal,Maize,Loam,493.3,18.0,22.3,161.4,216.4,3.8,14.0,7.13
Free State,Maize,Sandy Loam,464.8,23.4,34.4,0.0,323.8,2.83,27.5,6.46
KwaZulu-Natal,Wheat,Clay,688.3,22.5,32.8,84.0,179.1,3.18,37.0,4.26
Free State,Sunflower,Sandy Loam,650.1,26.7,37.4,70.9,53.2,3.86,36.8,2.26
KwaZulu-Natal,Sunflower,Loam,720.9,22.0,35.0,149.6,182.2,3.13,38.1,2.71
North West,Wheat,Sandy,786.7,16.6,51.6,182.3,55.9,1.33,45.1,4.38
North West,Sunflower,Clay,571.8,19.4,35.9,0.0,187.9,3.4,11.2,1.79
Free State,Sunflower,Sandy,752.8,22.6,40.8,94.7,146.1,3.5,2.3,2.31
North West,Sunflower,Clay,537.0,22.1,23.2,179.5,90.9,0.82,7.8,3.34
Limpopo,Soybean,Sandy Loam,780.1,25.7,37.0,259.6,203.1,3.05,1.9,4.87
Free State,Soybean,Sandy Loam,501.7,19.8,35.2,149.8,299.3,1.55,18.6,2.72
North West,Maize,Clay,421.6,28.1,26.9,203.6,213.9,3.1,11.0,5.42
KwaZulu-Natal,Maize,Clay,573.1,25.7,39.3,129.2,148.3,4.73,12.3,5.35
Free State,Maize,Sandy,709.8,22.8,40.9,94.7,225.5,0.96,28.3,6.35
Mpumalanga,Sunflower,Loam,593.0,19.8,30.8,26.0,150.0,1.45,39.3,2.68
Free State,Sunflower,Sandy,370.2,23.6,16.0,231.7,137.9,4.66,13.5,1.8
KwaZulu-Natal,Soybean,Sandy Loam,674.1,23.0,28.5,171.0,112.2,0.93,33.4,4.5
Mpumalanga,Soybean,Loam,323.7,23.9,18.5,225.4,177.6,5.35,9.3,2.79
KwaZulu-Natal,Soybean,Loam,490.5,21.6,28.7,192.3,223.6,1.03,29.0,4.47
Free State,Maize,Clay,581.9,21.6,32.4,157.8,284.4,5.31,5.1,6.46
Free State,Sunflower,Sandy,483.3,20.5,30.2,106.6,142.8,1.41,7.6,1.67
North West,Soybean,Clay,363.4,21.5,16.3,71.9,269.9,1.36,58.7,3.17
Limpopo,Wheat,Loam,527.2,28.2,26.5,79.1,330.0,3.71,32.3,4.54
KwaZulu-Natal,Maize,Sandy,402.6,17.1,22.1,171.4,300.5,2.78,30.8,5.63
North West,Maize,Clay,659.3,24.8,32.1,133.9,247.3,3.71,40.4,6.97
KwaZulu-Natal,Wheat,Sandy,421.5,24.1,18.7,122.1,189.4,3.57,9.1,3.06
KwaZulu-Natal,Soybean,Sandy Loam,511.3,18.5,24.9,99.0,209.7,1.39,5.2,3.13
KwaZulu-Natal,Maize,Sandy Loam,559.1,21.5,33.1,160.5,225.3,4.4,31.0,7.34
North West,Sunflower,Sandy,591.7,20.5,29.9,234.2,204.2,0.94,95.6,3.13
KwaZulu-Natal,Soybean,Sandy,659.1,21.5,31.9,62.9,174.7,2.96,28.2,4.03
KwaZulu-Natal,Soybean,Clay,651.0,22.2,25.7,92.8,269.7,4.1,17.5,4.2
North West,Wheat,Sandy Loam,641.7,18.8,32.7,118.5,135.9,1.2,5.7,4.91
KwaZulu-Natal,Maize,Sandy Loam,570.8,24.3,28.8,225.3,208.7,2.4,73.0,6.84
KwaZulu-Natal,Maize,Sandy,379.6,25.7,26.5,150.1,298.7,3.33,13.1,4.3
Mpumalanga,Wheat,Loam,570.5,18.6,28.5,99.4,245.5,5.6,20.8,4.64
North West,Maize,Sandy,534.7,23.2,31.6,88.0,121.2,1.34,2.7,5.09
North West,Maize,Clay,760.9,23.7,38.5,201.1,139.0,1.57,24.5,7.36
KwaZulu-Natal,Maize,Loam,540.0,17.6,33.1,129.3,117.8,0.78,16.8,7.22
Mpumalanga,Sunflower,Sandy,631.3,21.5,36.1,7.5,188.8,2.44,79.5,2.01
Mpumalanga,Wheat,Sandy,492.3,19.5,28.4,179.7,246.6,1.4,1.0,4.16
Limpopo,Maize,Sandy Loam,455.3,19.7,13.5,122.3,220.3,1.21,3.8,6.26
North West,Maize,Loam,464.4,20.3,33.2,103.1,208.9,0.15,12.3,6.51
Mpumalanga,Soybean,Clay,313.1,16.9,14.0,148.5,192.4,1.23,3.8,2.34
KwaZulu-Natal,Maize,Sandy,303.2,17.3,13.1,0.0,277.9,1.51,52.5,3.86
North West,Wheat,Sandy,528.7,22.9,24.6,89.7,154.5,2.14,11.4,3.72
KwaZulu-Natal,Wheat,Sandy,722.0,23.0,33.1,91.3,228.3,1.75,28.3,4.72
Mpumalanga,Wheat,Clay,540.3,29.7,28.7,121.6,250.7,1.93,13.8,3.35
Mpumalanga,Sunflower,Sandy,525.2,17.5,22.8,42.2,184.8,2.36,8.0,1.62
Free State,Soybean,Loam,639.0,16.8,36.3,292.7,222.0,4.48,60.1,4.43
Limpopo,Maize,Clay,403.1,18.7,17.3,337.6,177.6,2.81,15.2,5.59
Mpumalanga,Soybean,Loam,425.7,25.1,25.5,0.0,208.3,1.67,17.6,3.21
Mpumalanga,Wheat,Sandy,495.6,24.1,30.6,29.9,96.0,2.88,5.7,2.4
Limpopo,Maize,Sandy,699.1,26.9,30.7,158.3,102.9,3.42,12.3,6.09
North West,Soybean,Sandy Loam,407.5,18.2,14.0,78.5,85.9,2.04,47.8,3.1
Free State,Wheat,Loam,641.9,15.4,31.7,97.2,93.3,3.95,34.9,3.56
Limpopo,Maize,Sandy Loam,477.4,20.3,26.7,101.0,173.0,3.15,21.7,5.61
North West,Wheat,Sandy Loam,601.8,18.6,33.6,192.6,120.6,4.58,33.5,4.47
KwaZulu-Natal,Sunflower,Clay,449.0,25.2,22.4,11.5,223.1,4.19,1.1,2.07
North West,Maize,Sandy Loam,389.9,19.1,23.1,111.0,193.4,2.38,67.5,5.7
Limpopo,Wheat,Sandy Loam,758.9,20.8,43.0,36.6,131.6,0.71,48.6,4.8
Free State,Wheat,Clay,383.4,19.7,24.3,204.8,286.6,3.03,1.0,4.57
North West,Sunflower,Sandy,373.6,23.2,26.1,147.2,159.5,2.82,8.6,1.9
North West,Maize,Sandy,316.6,26.0,23.7,132.9,202.9,2.09,33.7,4.36
Limpopo,Maize,Sandy Loam,459.8,20.1,23.2,168.0,153.4,5.43,38.5,5.45
Limpopo,Wheat,Loam,694.7,17.9,40.5,155.4,185.5,2.67,6.1,5.38
Mpumalanga,Soybean,Sandy Loam,338.4,24.5,16.6,249.3,118.6,4.48,26.4,2.54
KwaZulu-Natal,Maize,Sandy Loam,419.5,20.2,23.1,181.0,255.1,1.08,7.0,6.76
Mpumalanga,Sunflower,Sandy,380.6,23.5,27.2,0.0,211.0,1.02,74.7,1.57
North West,Soybean,Clay,829.3,21.2,50.1,97.7,179.1,2.04,29.1,4.37
North West,Sunflower,Sandy Loam,683.4,23.7,30.3,131.6,221.8,1.8,72.0,3.75
Free State,Maize,Loam,700.5,16.3,40.3,111.9,72.1,0.73,49.6,7.38
KwaZulu-Natal,Soybean,Sandy,826.8,25.5,43.1,65.6,173.0,1.08,61.1,3.92
North West,Soybean,Sandy,355.0,23.7,25.2,190.2,189.8,3.37,37.5,2.42
Mpumalanga,Soybean,Sandy,475.5,21.0,19.7,24.9,139.4,1.12,25.1,2.52
North West,Soybean,Sandy,692.3,22.3,42.1,153.3,20.0,5.99,12.8,2.25
North West,Soybean,Clay,515.5,21.5,36.5,35.2,191.7,1.84,10.1,3.41
KwaZulu-Natal,Soybean,Clay,447.7,23.2,23.9,121.4,293.8,1.36,3.6,3.99
Limpopo,Soybean,Clay,647.9,21.3,25.2,202.1,206.9,5.09,18.8,3.64
KwaZulu-Natal,Soybean,Sandy Loam,560.1,27.3,34.0,97.8,250.8,2.92,1.0,3.18
Mpumalanga,Soybean,Loam,454.7,27.9,23.8,56.7,187.4,4.38,14.5,3.14
Limpopo,Soybean,Clay,498.6,21.7,24.8,91.4,97.9,1.19,3.2,2.7
North West,Sunflower,Sandy Loam,525.7,18.7,28.4,278.3,205.6,2.13,4.1,3.11
KwaZulu-Natal,Sunflower,Loam,534.5,18.9,24.8,211.5,91.4,2.02,7.1,2.99
KwaZulu-Natal,Soybean,Loam,799.6,21.9,44.2,180.3,210.8,1.16,54.0,5.46
North West,Wheat,Clay,674.8,23.2,42.2,50.3,132.4,2.77,7.3,4.32
KwaZulu-Natal,Sunflower,Sandy,214.9,27.3,12.6,232.4,114.6,0.72,68.2,2.52
Limpopo,Soybean,Clay,506.5,20.5,39.2,222.6,174.3,2.9,2.2,2.56
Free State,Soybean,Clay,640.8,27.5,36.6,143.5,114.0,0.83,1.0,3.8
Free State,Maize,Sandy Loam,421.6,27.3,24.2,85.4,216.9,2.62,24.8,5.49
KwaZulu-Natal,Wheat,Loam,663.4,19.8,36.6,8.2,80.6,2.09,71.3,4.53
KwaZulu-Natal,Maize,Clay,896.9,21.6,53.4,96.6,251.9,4.69,50.1,8.24
Limpopo,Soybean,Clay,470.3,27.9,29.6,27.3,204.7,2.02,2.2,2.42
North West,Wheat,Clay,444.4,20.5,17.7,25.8,136.6,4.78,68.2,2.52
Mpumalanga,Sunflower,Clay,570.1,21.1,38.5,40.5,123.2,5.83,66.1,1.99
Limpopo,Sunflower,Sandy Loam,440.3,19.5,26.9,0.0,129.4,2.73,5.4,2.16
Mpumalanga,Sunflower,Sandy Loam,365.1,19.3,7.9,160.7,99.8,2.68,2.3,1.93
North West,Wheat,Sandy Loam,726.0,21.6,44.0,132.6,159.6,0.09,5.6,5.02
KwaZulu-Natal,Wheat,Clay,833.8,24.9,40.4,136.1,176.2,1.98,43.6,5.0
Limpopo,Sunflower,Loam,574.0,22.0,29.9,81.0,233.0,0.61,31.8,3.68
Mpumalanga,Sunflower,Loam,538.8,16.0,28.7,114.1,215.7,3.98,2.2,2.36
Mpumalanga,Maize,Loam,609.3,20.0,36.2,91.6,159.5,1.35,116.0,7.36
KwaZulu-Natal,Soybean,Sandy Loam,613.2,16.5,28.2,202.5,195.1,0.85,6.4,4.78
Free State,Maize,Sandy,565.9,26.8,28.7,121.7,140.9,3.78,16.2,4.79
Free State,Wheat,Sandy,582.9,21.9,25.5,217.6,264.2,2.99,8.1,4.58
Mpumalanga,Soybean,Sandy,870.7,25.7,,108.7,146.5,1.49,1.9,4.22
KwaZulu-Natal,Soybean,Clay,561.2,22.1,38.2,130.6,107.2,3.29,45.3,2.62
North West,Sunflower,Sandy,597.2,18.8,36.2,89.0,138.8,1.75,3.4,1.81
Free State,Soybean,Loam,449.2,19.5,19.7,195.2,108.2,2.17,6.2,3.16
Limpopo,Wheat,Sandy Loam,266.1,24.3,19.5,14.2,96.4,0.29,40.9,1.96
Free State,Soybean,Loam,819.2,25.8,37.5,105.0,208.0,6.39,2.2,4.51
KwaZulu-Natal,Maize,Clay,714.2,24.0,43.7,223.2,298.9,1.63,5.4,8.55
KwaZulu-Natal,Soybean,Loam,568.9,23.4,33.8,81.3,188.4,5.21,58.8,3.89
Free State,Wheat,Sandy,985.4,23.6,52.9,22.6,183.5,2.47,14.2,5.56
KwaZulu-Natal,Soybean,Sandy,316.1,26.6,25.0,106.7,192.7,0.63,26.1,2.18
Mpumalanga,Maize,Sandy Loam,718.5,22.9,42.3,86.4,117.9,2.77,18.4,7.18
KwaZulu-Natal,Sunflower,Sandy,437.0,16.6,28.6,176.1,310.4,3.1,6.1,2.32
Mpumalanga,Soybean,Sandy,366.9,19.0,26.2,74.3,147.3,0.73,3.3,2.32
North West,Maize,Sandy Loam,495.5,23.6,38.1,9.7,195.0,1.91,16.0,5.88
KwaZulu-Natal,Soybean,Loam,746.6,24.8,37.8,129.9,161.7,0.78,1.2,5.02
North West,Soybean,Clay,696.5,26.8,29.7,52.5,177.9,3.07,19.2,3.21
North West,Wheat,Loam,575.3,22.0,29.7,89.3,241.8,3.06,17.3,4.78
Mpumalanga,Soybean,Loam,406.2,24.6,19.4,183.4,211.4,2.33,16.2,3.57
Limpopo,Wheat,Clay,576.3,23.7,28.7,12.8,129.3,0.16,20.6,3.41
North West,Maize,Sandy,591.0,23.4,41.8,0.0,274.6,1.43,23.3,5.87
Free State,Maize,Loam,578.2,19.1,,25.6,187.3,3.16,21.3,7.07
Limpopo,Sunflower,Loam,646.3,27.6,39.7,150.1,87.0,1.7,16.8,2.45
Free State,Maize,Sandy,658.8,26.6,33.1,229.1,234.5,4.39,102.9,5.91
North West,Soybean,Clay,558.2,24.2,26.3,194.5,86.7,1.6,67.3,2.74
Free State,Maize,Sandy Loam,229.7,19.6,11.6,75.4,215.2,0.41,8.1,5.23
Mpumalanga,Sunflower,Loam,839.3,24.9,53.1,114.2,185.5,1.71,20.8,4.14
Limpopo,Maize,Sandy Loam,676.1,23.7,45.6,124.1,249.6,1.83,36.9,7.79
KwaZulu-Natal,Sunflower,Sandy,755.3,23.5,45.0,112.4,174.7,2.41,21.9,3.16
Mpumalanga,Wheat,Loam,451.0,19.1,24.5,67.6,236.9,1.27,1.5,3.9
North West,Wheat,Sandy,379.4,22.2,20.1,33.6,135.4,2.15,24.8,2.21
KwaZulu-Natal,Maize,Sandy Loam,431.7,26.0,27.5,112.6,28.7,2.7,26.7,4.85
Limpopo,Wheat,Loam,521.1,18.3,25.8,168.2,186.0,2.25,39.7,4.49
North West,Maize,Clay,321.6,20.8,14.6,100.5,144.3,4.73,8.7,4.77
Limpopo,Maize,Sandy,678.1,21.8,39.6,155.5,167.5,0.61,7.4,6.3
Mpumalanga,Maize,Sandy Loam,605.5,27.8,29.3,74.2,169.2,2.38,1.1,6.32
North West,Sunflower,Clay,572.7,17.6,32.3,92.0,174.5,3.97,59.7,2.42
Limpopo,Wheat,Loam,477.3,22.2,21.5,0.0,130.9,2.29,36.4,3.38
KwaZulu-Natal,Sunflower,Sandy Loam,637.6,23.6,24.7,166.9,151.3,3.71,1.7,2.22
Free State,Wheat,Clay,723.0,22.0,37.8,266.3,236.3,1.44,55.2,5.22
KwaZulu-Natal,Wheat,Clay,516.2,20.2,29.3,97.6,158.4,1.23,8.0,3.69
KwaZulu-Natal,Soybean,Sandy Loam,605.2,24.8,32.6,90.4,185.9,5.31,16.6,3.19
North West,Soybean,Sandy,822.4,20.2,44.1,228.3,245.0,3.72,8.8,4.01
Free State,Wheat,Clay,718.3,23.5,29.7,178.3,228.7,5.16,10.7,3.94
KwaZulu-Natal,Sunflower,Loam,499.9,16.9,25.2,0.0,193.0,4.39,16.1,2.69
Mpumalanga,Wheat,Sandy Loam,640.1,22.1,46.8,117.4,233.1,0.66,26.0,4.67
Free State,Maize,Clay,487.0,30.0,29.1,207.0,173.6,5.12,38.1,5.32
Free State,Sunflower,Clay,612.0,24.8,37.3,97.7,145.6,5.55,21.0,2.03
North West,Maize,Sandy,581.9,30.1,30.2,202.5,316.6,0.59,15.0,6.41
KwaZulu-Natal,Soybean,Loam,272.5,25.6,11.2,120.1,190.9,2.27,32.9,2.19
Limpopo,Maize,Clay,715.2,16.5,31.0,127.7,234.9,0.67,55.9,7.32
Limpopo,Maize,Loam,509.8,24.4,15.5,176.6,124.6,2.41,94.2,5.96
Mpumalanga,Maize,Sandy Loam,456.6,18.6,22.2,0.0,190.4,1.67,6.2,5.42
KwaZulu-Natal,Wheat,Sandy,545.0,16.7,30.1,85.5,199.3,2.28,14.2,3.63
Free State,Sunflower,Loam,710.5,23.7,33.3,1.7,146.2,0.84,22.6,3.21
Free State,Sunflower,Clay,427.8,24.8,25.1,35.2,134.4,2.9,4.5,1.36
Mpumalanga,Soybean,Sandy Loam,476.4,19.7,23.1,161.7,308.6,5.45,26.8,3.46
Free State,Sunflower,Clay,542.9,22.6,31.0,73.5,166.1,1.15,10.5,3.29
North West,Soybean,Sandy Loam,532.1,26.6,34.4,73.3,116.1,4.81,3.0,2.55
North West,Wheat,Sandy,662.8,22.7,33.7,230.0,234.3,4.74,26.4,3.94
Limpopo,Sunflower,Clay,658.1,21.0,30.5,63.5,195.4,3.61,87.8,3.12
KwaZulu-Natal,Soybean,Loam,563.1,23.7,25.1,121.4,188.5,2.33,8.3,4.58
Limpopo,Wheat,Loam,501.4,25.6,26.4,116.1,141.9,1.48,19.5,3.97
North West,Sunflower,Loam,415.9,27.0,29.8,225.5,246.5,0.82,38.1,2.87
Mpumalanga,Sunflower,Sandy Loam,824.8,27.0,38.6,57.9,69.8,0.68,7.8,2.76
KwaZulu-Natal,Sunflower,Sandy Loam,833.4,17.8,,101.0,191.3,0.77,2.0,4.08
KwaZulu-Natal,Wheat,Sandy Loam,413.0,25.9,22.6,268.5,189.5,0.4,35.1,4.61
KwaZulu-Natal,Sunflower,Loam,458.8,24.8,31.2,107.6,159.6,1.06,2.5,3.06
KwaZulu-Natal,Maize,Loam,589.0,19.9,36.4,177.7,150.7,3.4,18.1,7.09
Mpumalanga,Sunflower,Sandy Loam,729.2,20.9,38.7,74.7,105.2,2.82,6.4,1.35
Mpumalanga,Sunflower,Loam,771.0,18.6,38.2,120.3,231.7,1.62,10.1,3.49
Limpopo,Wheat,Loam,677.6,22.8,39.0,230.3,279.8,2.23,37.5,5.56
Free State,Sunflower,Sandy Loam,663.8,18.4,40.5,34.8,171.5,2.66,9.2,3.1
Mpumalanga,Wheat,Clay,459.1,27.0,22.7,107.1,200.9,0.83,16.7,3.29
Mpumalanga,Soybean,Sandy,483.8,20.7,31.5,116.0,186.1,2.9,86.1,2.69
Limpopo,Maize,Clay,400.7,22.1,15.7,12.9,112.3,3.16,27.0,3.86
Free State,Maize,Sandy Loam,625.7,24.1,26.4,191.3,184.3,0.58,81.9,7.57
North West,Maize,Sandy,495.4,24.0,37.3,265.1,129.2,2.76,44.1,5.22
KwaZulu-Natal,Sunflower,Loam,651.9,21.8,34.4,117.0,220.0,2.79,2.9,3.66
North West,Soybean,Clay,472.0,24.4,31.7,17.4,178.0,0.87,5.1,2.69
North West,Maize,Sandy,408.2,23.1,26.4,211.9,130.0,1.61,16.7,4.92
North West,Soybean,Sandy,520.8,19.2,26.0,108.6,211.1,2.53,3.9,2.66
North West,Sunflower,Loam,341.1,26.8,18.3,41.7,160.8,3.52,21.5,2.12
Free State,Sunflower,Clay,760.9,24.5,50.0,236.2,172.4,1.7,30.9,3.21
North West,Wheat,Sandy,523.2,25.2,29.6,136.3,125.9,1.64,11.5,3.45
North West,Soybean,Sandy Loam,497.5,17.5,27.9,93.2,169.7,1.67,17.6,2.67
Limpopo,Sunflower,Sandy,313.6,21.3,10.7,51.6,178.5,3.11,6.0,0.88
KwaZulu-Natal,Wheat,Sandy,547.0,24.4,30.3,0.0,141.6,1.14,1.0,2.93
Free State,Maize,Sandy Loam,406.1,20.6,23.9,200.1,224.9,1.65,6.0,6.81
North West,Sunflower,Clay,518.7,19.9,29.5,85.7,123.3,2.8,19.1,2.3
Mpumalanga,Sunflower,Clay,558.6,26.6,,181.0,145.4,1.44,4.3,2.89
Limpopo,Soybean,Loam,590.4,25.8,21.7,163.8,201.2,0.65,27.0,4.51
North West,Maize,Sandy Loam,772.0,21.3,39.2,106.3,190.0,3.77,13.7,7.23
Limpopo,Maize,Sandy Loam,286.8,18.7,18.2,63.9,149.7,2.87,17.3,4.43
KwaZulu-Natal,Sunflower,Loam,336.2,18.0,17.6,18.2,215.8,1.71,24.0,2.31
North West,Sunflower,Sandy Loam,744.5,22.3,46.3,111.1,188.5,0.97,19.1,3.89
Limpopo,Soybean,Sandy Loam,614.2,24.1,26.8,55.5,202.6,4.64,60.9,3.19
Limpopo,Sunflower,Sandy,443.6,20.2,12.7,132.6,214.8,1.31,34.1,2.91
North West,Maize,Loam,494.2,22.5,29.0,210.9,26.1,1.9,33.1,6.93
KwaZulu-Natal,Soybean,Clay,517.2,17.5,19.2,203.1,142.4,0.73,13.8,3.87
Mpumalanga,Maize,Clay,675.2,26.4,37.5,42.1,222.3,3.6,28.3,6.49
KwaZulu-Natal,Wheat,Loam,184.0,16.1,15.0,40.7,186.0,5.04,21.0,2.84
Limpopo,Maize,Loam,254.2,22.4,18.6,150.9,168.6,2.95,16.0,5.22
Limpopo,Soybean,Sandy,378.2,28.0,19.4,101.3,184.8,2.16,11.2,1.49
North West,Wheat,Sandy Loam,423.9,21.3,25.3,92.7,92.4,4.99,15.0,2.75
Limpopo,Soybean,Loam,294.5,19.1,16.3,109.4,135.6,4.39,13.5,1.82
Free State,Soybean,Loam,501.9,16.6,31.2,50.0,139.6,2.83,35.8,2.94
Mpumalanga,Soybean,Sandy,587.7,20.1,,154.8,106.2,4.41,55.0,2.66
Mpumalanga,Maize,Sandy Loam,506.8,21.1,28.4,226.4,206.6,1.94,2.6,7.1
KwaZulu-Natal,Soybean,Sandy Loam,416.2,24.5,21.1,91.2,202.5,1.32,3.9,3.24
Mpumalanga,Wheat,Loam,248.1,17.8,12.5,100.5,166.0,1.94,28.3,3.5
Mpumalanga,Wheat,Loam,470.3,24.7,27.7,314.0,132.5,1.94,34.5,4.53
North West,Soybean,Clay,674.8,20.7,41.4,46.1,110.0,0.94,19.2,3.81
Free State,Wheat,Clay,698.9,18.0,,110.4,217.8,5.14,26.3,4.02
Mpumalanga,Soybean,Sandy Loam,687.6,26.3,34.7,247.0,192.8,1.89,78.2,4.45
Limpopo,Sunflower,Sandy Loam,652.6,22.6,36.9,150.4,214.9,1.73,1.1,3.14
Mpumalanga,Maize,Sandy,333.2,19.8,11.4,70.4,183.9,5.76,50.1,3.3
KwaZulu-Natal,Maize,Clay,579.4,21.0,29.9,187.8,138.0,1.81,3.5,5.95
Limpopo,Soybean,Clay,836.1,15.6,49.4,68.6,100.1,3.12,13.1,3.96
Free State,Sunflower,Clay,341.2,20.3,16.9,106.2,226.4,0.81,19.4,2.35
North West,Soybean,Loam,491.8,27.0,30.5,140.0,131.5,6.36,14.8,2.9
Free State,Sunflower,Sandy,614.6,21.8,33.1,143.2,308.8,2.91,12.0,3.37
Free State,Soybean,Clay,403.0,24.7,22.7,205.0,122.1,0.92,6.0,2.83
KwaZulu-Natal,Maize,Clay,517.3,26.9,25.9,101.7,153.7,2.09,5.8,5.31
Free State,Soybean,Loam,820.5,24.8,44.3,127.0,86.9,4.2,69.2,4.46
Mpumalanga,Soybean,Sandy Loam,570.1,19.1,31.6,131.2,78.9,1.97,52.9,3.02
Free State,Sunflower,Sandy Loam,644.8,18.3,28.1,181.7,188.9,0.89,21.4,3.59
Mpumalanga,Soybean,Loam,735.0,20.2,36.7,73.5,108.6,0.29,14.8,4.53
Mpumalanga,Soybean,Sandy Loam,742.8,16.3,44.6,55.1,125.3,1.32,36.6,4.08
North West,Maize,Loam,689.9,14.2,41.2,147.0,168.7,5.12,87.9,7.63
KwaZulu-Natal,Soybean,Loam,647.9,23.9,36.5,144.6,235.2,1.92,32.3,4.97
Free State,Sunflower,Loam,720.3,20.5,38.1,175.8,164.3,3.36,60.0,3.42
Mpumalanga,Wheat,Loam,464.7,19.2,33.0,118.7,157.1,2.68,84.4,3.75
Free State,Wheat,Loam,515.9,18.4,26.6,103.6,201.0,1.03,2.7,5.33
Free State,Sunflower,Sandy Loam,619.1,20.7,32.8,207.6,173.2,0.66,11.1,3.69
Limpopo,Wheat,Sandy Loam,456.2,21.1,38.4,66.2,187.5,3.43,19.0,3.84
Limpopo,Maize,Sandy,692.8,21.7,37.9,142.3,221.6,3.97,37.0,6.66
North West,Soybean,Sandy Loam,753.4,24.8,39.7,226.7,168.9,1.86,10.7,4.65
North West,Wheat,Sandy Loam,661.2,19.8,37.4,1.9,240.1,2.97,27.8,3.68
North West,Sunflower,Clay,438.7,25.9,17.7,0.0,222.4,1.08,13.4,1.85
KwaZulu-Natal,Maize,Loam,702.0,23.8,38.0,209.0,142.0,1.66,32.8,8.75
Free State,Soybean,Loam,413.3,23.8,23.1,0.0,116.1,2.02,55.9,2.72
Free State,Soybean,Loam,444.7,21.0,31.1,5.1,59.4,2.66,15.7,2.61
KwaZulu-Natal,Soybean,Sandy,352.6,18.4,27.9,127.3,247.8,2.35,46.0,2.66
Mpumalanga,Maize,Sandy Loam,531.8,20.2,26.9,36.4,103.9,1.1,33.7,5.95
Free State,Sunflower,Clay,486.2,25.4,25.6,125.3,211.8,2.39,85.5,1.76
North West,Wheat,Loam,433.9,20.6,23.4,11.5,154.5,3.64,18.7,3.48
Free State,Maize,Sandy,674.6,15.8,26.6,94.9,274.2,0.73,25.0,7.01
Mpumalanga,Maize,Sandy,340.2,22.0,20.5,163.8,145.4,1.81,32.1,4.71
Free State,Soybean,Clay,410.1,22.7,27.9,209.1,240.4,2.69,6.1,3.43
Mpumalanga,Wheat,Clay,436.6,24.4,23.2,155.0,296.0,2.22,56.7,3.59
KwaZulu-Natal,Maize,Loam,411.6,17.8,26.0,144.1,175.7,0.77,6.9,6.4
KwaZulu-Natal,Soybean,Sandy,219.0,24.2,21.5,30.0,215.1,0.51,42.7,1.92
Limpopo,Soybean,Sandy Loam,654.4,21.5,31.9,75.1,193.0,2.2,78.6,3.96
KwaZulu-Natal,Sunflower,Sandy,449.1,25.2,28.4,91.7,243.4,1.17,12.9,2.18
North West,Maize,Sandy,550.1,24.9,31.8,7.5,86.1,1.62,15.3,4.93
Free State,Soybean,Sandy Loam,607.7,24.6,32.2,7.9,240.6,1.97,39.8,3.7
North West,Sunflower,Clay,695.4,27.9,37.0,198.0,212.2,1.54,18.7,3.27
Free State,Wheat,Clay,926.6,25.9,56.8,257.0,178.4,0.53,28.1,6.38
KwaZulu-Natal,Maize,Clay,737.4,17.6,46.4,116.7,140.2,0.55,117.7,7.14
Free State,Maize,Loam,552.5,27.4,28.9,0.0,65.9,3.31,10.5,6.5
KwaZulu-Natal,Maize,Loam,840.4,24.4,53.0,126.7,178.0,1.9,6.8,9.45
Mpumalanga,Wheat,Loam,701.3,20.5,40.4,155.2,209.8,3.73,109.1,4.96
Free State,Maize,Sandy Loam,528.3,19.5,30.9,199.7,110.4,0.63,22.7,6.76
North West,Soybean,Sandy,548.3,23.1,30.8,105.8,189.7,5.57,14.9,2.0
North West,Soybean,Sandy,697.5,18.0,34.3,247.0,170.4,1.93,10.0,3.34
KwaZulu-Natal,Wheat,Sandy,294.9,21.2,13.0,62.2,191.9,3.58,142.7,2.26
KwaZulu-Natal,Soybean,Sandy,557.3,25.6,29.4,115.2,229.6,2.1,30.8,3.49
North West,Soybean,Loam,586.3,25.5,30.1,117.8,246.2,1.6,41.3,3.81
Mpumalanga,Wheat,Sandy,410.9,15.1,15.3,177.0,157.0,1.2,7.5,3.54
KwaZulu-Natal,Wheat,Sandy,490.3,21.2,24.4,139.7,181.6,2.67,87.4,3.66
KwaZulu-Natal,Maize,Loam,419.0,22.7,20.4,218.4,191.4,3.31,1.0,6.86
North West,Sunflower,Clay,648.4,22.3,36.5,251.7,187.4,0.39,25.2,3.31
Mpumalanga,Soybean,Clay,648.8,19.9,36.0,174.3,272.5,2.41,22.6,4.59
Free State,Wheat,Sandy Loam,536.9,17.1,26.3,9.5,20.0,2.35,112.4,3.32
North West,Maize,Sandy Loam,911.0,15.2,51.6,72.0,198.7,3.01,14.1,8.04
North West,Maize,Sandy,546.0,27.2,27.5,186.0,110.7,2.1,26.1,4.97
North West,Soybean,Clay,639.9,23.9,35.6,0.0,107.5,2.39,32.1,3.04
KwaZulu-Natal,Soybean,Sandy Loam,525.9,28.6,25.6,109.6,155.8,1.13,23.2,2.51
KwaZulu-Natal,Soybean,Sandy,545.1,20.1,27.8,52.5,246.0,2.3,58.9,3.38
Mpumalanga,Wheat,Sandy Loam,377.9,24.2,19.8,24.8,97.9,2.58,5.5,2.82
Mpumalanga,Wheat,Sandy,790.0,12.7,44.3,153.4,131.3,0.89,1.8,4.4
Free State,Wheat,Sandy Loam,463.7,17.3,22.5,109.1,167.2,0.12,14.7,4.17
Limpopo,Sunflower,Clay,283.6,23.3,23.9,79.7,260.6,3.43,3.5,2.32
Free State,Wheat,Sandy Loam,490.2,24.6,24.3,92.1,96.6,3.42,7.8,3.31
KwaZulu-Natal,Maize,Loam,445.0,12.6,30.4,95.4,160.4,0.34,2.9,6.41
Mpumalanga,Soybean,Sandy Loam,597.3,27.4,40.9,17.0,252.9,2.11,49.5,3.64
Mpumalanga,Sunflower,Sandy,501.8,20.9,24.7,72.8,98.6,2.12,64.3,1.19
North West,Maize,Clay,483.8,23.3,27.7,115.2,200.0,2.03,4.3,5.15
Free State,Sunflower,Clay,448.7,18.1,27.1,88.8,90.4,1.96,2.4,1.49
Limpopo,Maize,Sandy Loam,459.2,23.6,,213.1,179.8,3.48,60.0,6.36
Free State,Sunflower,Loam,968.4,19.7,40.8,52.7,308.8,0.41,64.6,4.09
Mpumalanga,Wheat,Loam,492.8,18.2,25.6,0.0,287.9,0.56,42.4,4.68
Free State,Soybean,Loam,491.7,21.4,33.8,0.0,239.7,2.78,4.8,3.38
KwaZulu-Natal,Soybean,Sandy Loam,510.7,18.0,12.4,171.3,155.8,0.57,30.3,3.47
Free State,Soybean,Sandy Loam,597.5,16.7,29.9,122.0,179.1,1.27,37.0,3.36
Limpopo,Sunflower,Sandy Loam,477.3,31.4,28.6,2.1,196.8,4.17,5.7,0.84
KwaZulu-Natal,Soybean,Loam,505.9,19.1,23.3,128.6,176.2,5.01,18.2,3.21
Free State,Soybean,Clay,465.5,18.8,32.5,166.3,142.7,0.74,41.0,2.53
KwaZulu-Natal,Maize,Clay,475.2,17.9,26.8,28.7,307.9,2.33,6.4,5.64
North West,Maize,Sandy Loam,671.3,21.3,40.7,206.2,75.2,1.61,10.8,7.24
Free State,Soybean,Sandy Loam,358.1,22.1,8.8,22.6,178.0,2.17,20.5,2.52
KwaZulu-Natal,Sunflower,Loam,523.2,19.8,31.5,259.1,161.6,1.2,3.0,3.15
Limpopo,Sunflower,Loam,480.7,22.6,,192.4,264.6,1.69,47.6,3.44
Limpopo,Maize,Clay,764.0,22.5,,59.5,239.2,3.13,37.9,7.66
KwaZulu-Natal,Sunflower,Sandy Loam,150.0,24.8,11.7,138.9,252.1,2.41,50.7,1.49
KwaZulu-Natal,Wheat,Sandy Loam,493.2,23.5,17.4,59.2,141.1,4.95,5.1,2.52
North West,Sunflower,Clay,825.7,22.0,37.7,225.7,197.4,1.8,11.3,4.06
Free State,Sunflower,Loam,479.9,28.0,30.5,164.6,247.1,4.05,21.3,2.72
Limpopo,Maize,Sandy,956.0,23.9,51.7,261.5,244.8,0.73,120.1,8.74
Limpopo,Maize,Clay,720.2,20.9,42.8,110.0,50.1,1.61,8.2,21.66
North West,Sunflower,Clay,365.8,18.2,11.8,129.9,182.8,2.21,50.4,1.91
Limpopo,Maize,Clay,262.4,17.2,6.1,149.9,258.2,1.18,19.5,4.95
KwaZulu-Natal,Sunflower,Clay,721.9,21.2,42.9,195.1,110.7,1.49,57.1,3.04
KwaZulu-Natal,Soybean,Clay,711.4,25.7,38.9,88.0,32.1,4.78,16.0,3.19
Mpumalanga,Soybean,Sandy Loam,487.3,27.6,25.7,54.6,234.4,3.41,104.9,2.99
Limpopo,Sunflower,Loam,885.6,24.9,49.2,15.6,269.7,4.95,41.4,4.2
Limpopo,Wheat,Loam,411.8,19.9,15.7,91.5,231.0,3.74,3.6,4.38
Mpumalanga,Soybean,Clay,486.1,20.4,19.5,196.0,191.2,2.63,33.9,3.23
Limpopo,Sunflower,Sandy,607.4,20.2,24.6,111.1,237.4,1.85,8.5,2.99
North West,Maize,Sandy,591.0,16.5,28.4,112.4,135.6,0.84,35.3,5.38
Limpopo,Wheat,Loam,550.1,27.3,28.8,25.9,252.5,0.71,8.8,4.39
Mpumalanga,Wheat,Sandy Loam,714.1,21.7,35.8,17.0,256.1,4.87,11.0,4.57
Free State,Sunflower,Loam,647.8,24.5,33.2,80.4,171.4,0.24,41.7,3.91
North West,Soybean,Loam,288.1,27.0,15.8,175.3,239.7,3.25,10.4,2.89
Mpumalanga,Maize,Clay,570.9,23.7,29.1,156.6,193.4,4.74,6.5,6.3
North West,Soybean,Clay,685.7,21.7,38.4,0.0,134.5,0.94,56.7,3.47
Mpumalanga,Wheat,Clay,351.2,21.0,19.7,156.1,306.5,2.27,10.6,3.73
Limpopo,Wheat,Sandy Loam,688.5,22.0,39.5,46.9,205.8,2.2,28.5,5.19
Free State,Soybean,Sandy,547.6,18.1,24.9,164.5,189.8,1.54,28.8,3.26
KwaZulu-Natal,Maize,Sandy,682.5,19.9,35.7,103.8,270.7,0.97,3.6,6.89
North West,Soybean,Loam,524.7,19.2,29.5,154.9,220.7,1.8,106.3,4.01
Free State,Maize,Sandy Loam,489.6,18.5,33.4,58.3,156.1,2.29,16.1,6.26
Mpumalanga,Maize,Sandy,510.9,26.9,27.7,55.6,135.6,2.39,8.4,4.52
Free State,Sunflower,Sandy,738.7,22.0,41.4,48.1,87.9,3.48,77.9,1.33
KwaZulu-Natal,Maize,Sandy,570.8,22.1,35.5,177.3,292.1,2.29,43.0,6.76
Free State,Maize,Loam,603.7,21.6,32.6,181.1,212.7,2.6,58.7,6.79
North West,Sunflower,Sandy Loam,396.3,21.6,30.9,102.7,230.8,3.27,97.5,1.72
KwaZulu-Natal,Maize,Sandy,871.3,15.8,51.3,38.6,183.3,1.36,83.3,7.76
KwaZulu-Natal,Soybean,Clay,681.2,22.4,34.4,219.5,156.4,3.2,6.6,3.92
North West,Wheat,Loam,388.4,28.2,20.4,180.2,99.9,2.89,11.0,3.52
Limpopo,Maize,Loam,568.3,20.6,31.8,154.6,108.4,1.57,13.4,7.07
North West,Wheat,Sandy Loam,504.0,21.8,24.4,291.0,260.9,2.83,19.8,4.5
Free State,Soybean,Loam,617.7,23.4,40.2,280.4,244.1,1.42,46.0,4.75
Free State,Maize,Sandy Loam,484.8,21.7,28.2,174.6,191.0,2.11,37.5,6.16
Free State,Wheat,Sandy,328.7,20.7,20.6,29.0,166.4,3.54,9.9,2.02
KwaZulu-Natal,Sunflower,Loam,693.3,19.6,37.7,90.3,218.1,4.35,10.8,2.93
KwaZulu-Natal,Soybean,Sandy,537.0,20.9,26.5,244.5,180.3,2.82,23.2,3.33
Limpopo,Maize,Sandy Loam,757.8,25.1,39.1,174.8,251.6,4.92,15.0,7.54
Free State,Sunflower,Clay,712.1,23.4,37.9,277.4,58.4,1.32,5.9,2.4
Mpumalanga,Soybean,Sandy Loam,535.2,19.6,36.2,23.4,286.9,1.25,20.9,3.99
Limpopo,Wheat,Sandy Loam,770.9,22.5,44.0,129.1,198.6,3.1,33.1,4.51
North West,Maize,Clay,508.2,27.7,40.9,125.1,160.3,4.82,23.8,5.61
Limpopo,Wheat,Sandy,687.1,23.4,33.8,179.3,101.4,1.13,5.8,4.54
Mpumalanga,Wheat,Sandy Loam,832.5,19.6,44.3,29.5,264.8,2.56,16.9,5.36
Limpopo,Wheat,Loam,821.8,23.3,43.9,3.0,215.1,5.95,31.6,5.71
North West,Soybean,Sandy Loam,605.2,24.7,31.1,207.5,228.3,4.79,21.0,3.94
Mpumalanga,Sunflower,Sandy Loam,336.5,18.3,21.1,232.0,137.4,1.52,1.2,2.35
North West,Wheat,Sandy Loam,602.2,20.2,41.4,177.8,271.9,0.85,18.2,4.76
North West,Wheat,Loam,422.4,21.2,19.9,0.0,20.0,2.67,66.6,2.61
Mpumalanga,Maize,Sandy,676.1,22.1,35.8,26.8,164.9,1.74,6.3,5.86
Mpumalanga,Sunflower,Sandy Loam,241.0,17.2,14.2,183.0,138.0,3.25,64.5,1.87
Mpumalanga,Sunflower,Loam,686.7,21.6,41.5,254.1,192.9,2.69,75.7,3.92
Limpopo,Soybean,Sandy Loam,577.5,19.1,29.0,54.0,235.7,1.29,14.6,4.39
Mpumalanga,Sunflower,Sandy Loam,629.8,16.8,30.7,55.3,34.7,5.11,52.9,2.14
Limpopo,Maize,Sandy Loam,243.0,19.7,13.9,134.6,201.4,1.4,1.7,5.02
Free State,Sunflower,Sandy,635.2,21.9,41.7,219.4,81.7,1.55,41.4,3.01
Free State,Wheat,Sandy Loam,270.6,18.1,9.7,69.0,120.4,4.56,67.1,2.74
Free State,Soybean,Loam,383.9,21.7,24.5,120.8,109.8,1.95,53.9,2.65
North West,Sunflower,Sandy,573.1,19.6,23.8,84.0,147.7,2.27,16.6,2.17
Limpopo,Wheat,Clay,539.2,23.7,31.2,191.1,110.3,2.62,8.7,4.12
Mpumalanga,Sunflower,Sandy,311.3,21.6,16.0,116.5,220.6,1.56,11.4,2.07
KwaZulu-Natal,Maize,Sandy,365.2,24.4,14.3,71.7,126.7,3.79,25.9,3.61
KwaZulu-Natal,Sunflower,Clay,316.9,29.4,9.6,69.8,257.7,4.11,56.0,1.22
North West,Maize,Clay,440.3,24.1,15.7,0.0,197.8,1.01,32.6,5.48
North West,Maize,Sandy,785.4,27.2,37.7,113.0,88.1,1.32,35.1,6.52
Free State,Maize,Sandy Loam,726.0,17.1,31.6,157.6,266.9,4.11,23.2,8.34
Limpopo,Soybean,Sandy Loam,637.4,26.0,29.5,0.0,239.5,5.77,15.9,3.71
Free State,Wheat,Clay,679.7,22.2,40.1,87.2,110.2,1.64,3.9,3.94
North West,Maize,Sandy,300.4,19.2,5.0,238.6,177.7,5.12,73.6,4.18
KwaZulu-Natal,Soybean,Sandy Loam,861.4,24.0,47.7,355.9,297.9,0.39,10.1,6.13
Mpumalanga,Sunflower,Sandy,496.9,18.6,30.0,127.6,232.9,3.67,14.2,2.65
Limpopo,Sunflower,Sandy Loam,583.8,20.0,33.0,77.2,176.4,2.66,3.1,2.16
KwaZulu-Natal,Sunflower,Sandy,453.0,25.1,33.4,170.0,249.7,2.08,63.8,2.7
KwaZulu-Natal,Maize,Loam,541.8,26.5,23.8,98.0,226.3,6.59,24.8,6.79
Free State,Soybean,Sandy,620.0,24.8,36.1,131.6,175.7,3.05,57.2,2.61
North West,Sunflower,Loam,507.3,22.2,32.5,37.0,197.4,0.97,1.0,2.65
KwaZulu-Natal,Sunflower,Sandy Loam,350.0,22.0,19.3,0.0,167.3,0.68,39.9,2.1
Limpopo,Soybean,Sandy Loam,234.3,19.1,13.8,130.5,194.2,0.45,7.7,2.53
KwaZulu-Natal,Wheat,Sandy,427.0,23.1,24.4,47.0,165.8,3.53,1.0,3.06
Limpopo,Sunflower,Sandy Loam,351.5,29.6,20.2,77.1,116.4,1.94,15.8,1.39
Free State,Maize,Clay,716.3,20.9,46.9,208.1,228.2,2.71,1.0,7.12
North West,Wheat,Clay,290.6,22.5,5.0,198.4,238.4,5.69,26.4,2.82
KwaZulu-Natal,Sunflower,Sandy Loam,798.0,21.9,37.7,165.0,150.0,2.54,6.0,3.7
Limpopo,Soybean,Sandy,601.8,22.9,32.3,158.9,289.4,5.18,13.6,3.36
KwaZulu-Natal,Wheat,Sandy Loam,603.2,19.4,34.5,131.4,186.1,0.17,31.7,4.32
Mpumalanga,Wheat,Sandy,662.0,27.4,35.7,160.1,163.9,2.56,22.4,3.62
Free State,Wheat,Loam,640.8,19.4,44.1,134.3,145.1,3.92,15.4,4.61
Mpumalanga,Sunflower,Sandy Loam,556.2,22.9,29.0,187.1,248.1,4.7,23.4,3.13
Free State,Sunflower,Sandy,532.2,28.1,22.2,105.0,198.2,2.73,23.8,2.29
North West,Sunflower,Sandy Loam,366.9,12.0,26.7,167.5,58.2,2.65,2.7,1.32
Mpumalanga,Soybean,Sandy Loam,495.0,25.7,20.3,95.9,111.2,1.94,15.4,3.55
North West,Sunflower,Clay,791.3,28.7,44.4,133.0,168.6,1.02,11.8,3.27
Free State,Maize,Sandy Loam,559.1,20.5,29.9,114.1,208.2,3.87,10.1,6.59
Free State,Maize,Clay,496.7,15.8,27.1,93.7,175.3,0.3,30.2,6.07
Free State,Sunflower,Loam,316.1,23.2,13.9,200.7,164.5,1.53,10.7,2.63
Limpopo,Sunflower,Clay,483.3,25.0,19.2,228.2,194.9,4.2,7.7,2.28
North West,Sunflower,Sandy Loam,433.1,22.0,16.8,160.5,156.9,3.42,3.9,2.22
Free State,Wheat,Sandy,357.8,26.5,21.9,88.9,117.5,2.87,16.2,2.15
Mpumalanga,Sunflower,Sandy Loam,206.6,24.1,14.5,101.5,247.9,2.21,73.2,2.27
Mpumalanga,Wheat,Sandy,592.1,19.6,27.4,152.6,202.9,1.0,1.3,3.88
Mpumalanga,Sunflower,Sandy,417.5,20.2,,102.2,115.1,0.56,2.3,2.21
North West,Sunflower,Sandy Loam,843.3,17.5,44.0,74.4,157.7,2.17,9.7,3.12
Free State,Sunflower,Clay,761.6,19.7,42.8,177.2,266.3,4.02,8.5,3.72
Mpumalanga,Wheat,Clay,494.4,22.1,26.4,103.7,82.7,1.61,1.8,3.0
Free State,Wheat,Sandy Loam,333.8,27.6,24.0,136.9,179.4,1.49,57.7,2.68
Mpumalanga,Wheat,Loam,390.1,20.8,19.4,21.1,259.4,1.89,2.8,4.23
Mpumalanga,Wheat,Loam,610.6,19.8,39.8,53.6,199.4,1.22,3.1,5.1
Free State,Maize,Clay,662.5,19.0,34.2,143.1,163.7,1.77,9.3,7.25
Free State,Soybean,Sandy,333.9,22.7,24.3,73.6,227.4,2.98,7.5,2.12
KwaZulu-Natal,Maize,Sandy,437.0,23.2,19.6,56.2,233.8,4.13,17.4,4.27
KwaZulu-Natal,Sunflower,Loam,669.6,23.3,33.8,38.9,229.8,3.23,26.7,2.79
Limpopo,Wheat,Clay,659.8,25.8,35.0,0.0,197.7,1.74,19.4,3.8
North West,Sunflower,Loam,664.6,27.3,29.9,196.8,197.4,3.39,19.0,3.59
Free State,Wheat,Loam,348.0,21.3,20.1,23.7,152.0,0.22,36.2,3.36
KwaZulu-Natal,Soybean,Sandy,302.6,20.2,12.5,52.2,147.4,2.13,4.5,1.68
Limpopo,Wheat,Sandy,503.4,17.7,29.2,222.7,133.9,2.76,4.4,3.45
North West,Wheat,Sandy,776.5,28.4,41.0,115.7,253.2,1.97,6.3,4.51
Free State,Soybean,Sandy,557.5,18.2,27.0,11.4,220.5,3.88,63.0,2.22
Mpumalanga,Soybean,Clay,661.8,24.1,40.1,55.6,195.0,1.54,57.8,4.03
Free State,Wheat,Sandy,613.9,21.7,40.5,96.8,192.3,3.04,1.0,4.28
Limpopo,Sunflower,Loam,506.3,24.4,28.4,94.8,137.4,1.76,22.9,2.86
Limpopo,Wheat,Loam,740.5,23.0,44.8,98.1,193.3,0.62,27.8,5.4
North West,Sunflower,Loam,530.3,21.3,34.2,43.0,161.8,1.46,1.3,2.59
Limpopo,Sunflower,Sandy Loam,467.7,21.8,26.3,134.8,105.5,2.13,6.3,2.4
KwaZulu-Natal,Soybean,Clay,582.6,27.5,27.3,163.6,237.2,1.4,17.5,3.4
Mpumalanga,Maize,Clay,432.7,28.7,22.2,143.3,170.9,0.67,22.1,5.31
KwaZulu-Natal,Maize,Loam,512.5,25.6,30.6,78.0,194.0,0.97,137.3,6.84
KwaZulu-Natal,Maize,Clay,608.8,26.5,30.7,142.8,183.6,1.52,28.6,6.68
Free State,Sunflower,Clay,210.2,25.9,13.0,308.5,77.4,1.68,13.9,2.08
KwaZulu-Natal,Wheat,Sandy,465.9,21.1,,95.4,191.4,1.51,18.4,3.33
KwaZulu-Natal,Soybean,Loam,523.2,25.6,21.7,169.4,249.0,4.23,40.6,10.68
Free State,Sunflower,Sandy,593.2,17.1,34.7,97.7,303.4,1.63,6.3,2.9
Mpumalanga,Soybean,Loam,700.0,27.5,,103.0,162.2,1.11,54.5,4.19
Free State,Soybean,Sandy,518.1,22.3,18.9,129.1,301.1,1.68,8.2,3.97
Free State,Maize,Clay,533.4,25.2,29.2,125.0,219.3,2.72,14.5,5.41
Mpumalanga,Soybean,Sandy Loam,662.4,28.2,35.8,97.6,164.3,5.38,7.6,3.51
Free State,Maize,Clay,515.6,27.1,27.4,139.9,20.0,0.4,32.2,5.45
Mpumalanga,Sunflower,Clay,544.5,21.9,35.1,178.0,115.1,0.95,56.0,2.56
Free State,Sunflower,Sandy,498.6,15.3,28.3,123.7,203.1,1.1,23.6,2.2
North West,Sunflower,Loam,463.3,27.8,22.6,0.0,247.1,1.8,5.8,2.29
North West,Sunflower,Clay,581.3,12.0,35.8,250.8,97.2,5.92,1.0,2.32
North West,Sunflower,Clay,666.6,25.7,42.5,0.0,139.8,3.69,60.1,2.49
Limpopo,Wheat,Loam,783.4,21.6,38.5,47.0,268.6,1.04,23.7,5.84
KwaZulu-Natal,Soybean,Sandy Loam,523.4,13.6,22.7,333.4,242.3,1.4,38.4,4.65
North West,Maize,Sandy Loam,663.5,21.2,43.9,11.6,122.3,1.65,61.7,6.19
KwaZulu-Natal,Wheat,Sandy,586.1,17.3,37.1,133.6,124.7,1.46,17.3,2.73
Mpumalanga,Soybean,Sandy,408.5,31.0,18.2,128.6,277.5,1.74,13.9,2.77
KwaZulu-Natal,Maize,Clay,644.0,24.0,32.9,0.0,140.7,0.97,12.2,5.73
Mpumalanga,Maize,Sandy Loam,547.6,24.8,33.6,192.0,211.4,0.48,25.4,7.02
Mpumalanga,Soybean,Sandy,360.6,20.6,15.0,35.8,159.0,2.58,9.8,1.32
Limpopo,Wheat,Loam,591.9,17.9,33.8,35.1,233.0,1.11,11.7,5.25
Mpumalanga,Maize,Sandy,657.5,22.4,32.1,0.0,205.3,0.76,2.1,5.58
KwaZulu-Natal,Wheat,Sandy,563.4,19.5,29.7,180.0,152.2,3.91,5.6,3.68
Limpopo,Sunflower,Clay,347.1,27.9,22.9,157.2,129.3,3.86,41.5,1.11
Mpumalanga,Wheat,Clay,376.5,20.4,34.2,134.6,100.6,0.57,14.7,2.79
Free State,Sunflower,Sandy,484.6,15.3,21.2,148.7,383.1,2.4,60.7,3.23
Mpumalanga,Sunflower,Loam,501.1,19.4,30.8,182.6,148.5,1.65,18.1,2.54
Mpumalanga,Sunflower,Clay,462.7,28.0,25.5,125.5,243.5,3.2,13.7,1.66
North West,Soybean,Loam,442.8,22.9,32.2,221.5,173.7,0.36,61.4,3.7
North West,Maize,Loam,640.2,22.8,36.2,56.1,255.0,2.42,10.3,7.48
Free State,Wheat,Sandy,596.2,21.5,25.0,163.1,147.6,3.13,43.6,3.27
North West,Sunflower,Loam,451.3,20.9,26.5,86.6,86.1,3.95,19.2,1.93
Mpumalanga,Sunflower,Clay,553.5,26.7,42.8,24.9,314.3,0.86,11.0,2.71
Free State,Maize,Loam,310.9,25.7,25.1,93.9,184.2,0.26,6.7,5.71
KwaZulu-Natal,Wheat,Sandy Loam,696.4,20.1,36.7,308.2,201.2,3.59,16.8,5.29
Limpopo,Soybean,Loam,367.6,27.0,19.5,201.9,144.6,2.16,13.3,3.21
Limpopo,Maize,Sandy,346.7,15.2,12.3,173.4,102.5,4.33,28.6,4.69
KwaZulu-Natal,Sunflower,Loam,391.7,20.8,29.0,0.0,204.2,0.9,56.8,2.29
North West,Maize,Loam,695.5,19.3,40.5,85.8,204.4,2.24,3.6,7.74
KwaZulu-Natal,Wheat,Clay,150.0,20.8,5.0,14.2,244.4,2.95,13.7,1.89
Free State,Maize,Clay,621.2,22.6,32.9,37.6,214.6,2.62,15.2,5.96
KwaZulu-Natal,Soybean,Sandy Loam,259.2,22.3,12.6,57.9,202.7,5.77,7.2,1.42
Free State,Sunflower,Clay,799.2,21.1,38.4,0.0,220.3,0.69,22.2,3.21
North West,Sunflower,Clay,878.4,23.0,46.6,289.2,61.4,1.13,3.2,3.78
Mpumalanga,Wheat,Sandy,595.1,17.8,29.6,206.8,36.1,1.77,3.3,3.7
North West,Wheat,Sandy,516.1,25.3,30.3,8.7,229.1,2.36,9.5,3.46
Free State,Maize,Clay,463.9,23.7,,61.4,220.9,1.28,53.1,5.44
KwaZulu-Natal,Maize,Loam,815.5,24.3,49.7,239.4,209.1,4.44,10.1,8.85
Free State,Soybean,Sandy Loam,342.7,21.5,19.3,104.4,249.7,4.1,13.0,2.55
Mpumalanga,Maize,Sandy,459.9,20.4,21.4,127.0,135.0,4.07,10.4,4.59
Mpumalanga,Sunflower,Loam,415.7,28.0,22.9,79.8,259.6,1.99,3.5,2.32
KwaZulu-Natal,Sunflower,Sandy,672.7,22.8,37.1,131.6,132.4,1.42,2.0,2.5
Limpopo,Maize,Clay,593.0,21.9,30.0,149.5,220.9,1.53,1.0,6.58
Limpopo,Sunflower,Loam,349.3,23.9,21.2,1.9,231.8,0.73,9.5,2.27
Free State,Soybean,Loam,498.6,27.1,21.5,176.0,154.1,0.93,6.1,3.63
North West,Soybean,Sandy Loam,800.5,23.1,35.2,115.5,148.5,2.75,9.3,4.5
North West,Soybean,Sandy Loam,551.4,30.5,36.3,119.4,121.4,1.85,2.6,2.42
Limpopo,Wheat,Sandy,509.5,25.9,21.3,65.5,306.9,3.25,26.5,3.17
KwaZulu-Natal,Sunflower,Loam,782.0,15.7,42.9,0.0,215.7,2.03,29.9,3.65
Free State,Sunflower,Sandy,531.9,18.3,28.5,191.7,175.1,2.66,64.5,2.16
Free State,Wheat,Sandy Loam,466.9,25.6,20.1,50.7,172.2,1.21,8.5,3.14
North West,Maize,Sandy Loam,472.8,19.7,36.6,62.0,180.6,1.29,155.8,5.77
Free State,Soybean,Loam,264.9,21.3,24.4,188.4,236.2,0.99,3.3,3.23
Mpumalanga,Maize,Sandy Loam,442.5,18.5,27.6,30.4,161.4,4.28,22.7,4.97
Free State,Soybean,Sandy,646.7,20.9,35.3,15.3,226.2,1.0,31.8,3.9
Limpopo,Soybean,Loam,721.8,22.7,33.7,87.5,236.2,1.47,2.8,5.63
KwaZulu-Natal,Soybean,Sandy Loam,628.2,27.9,32.0,200.8,121.6,1.8,37.7,11.67
North West,Soybean,Sandy Loam,350.3,22.7,15.6,163.7,184.2,5.43,2.0,2.51
North West,Maize,Sandy Loam,560.3,23.6,35.1,184.1,20.0,3.66,28.8,6.1
Limpopo,Wheat,Sandy Loam,395.4,21.5,24.3,215.5,214.4,3.47,45.6,4.24
Free State,Sunflower,Sandy,547.2,22.0,40.1,120.0,249.3,3.49,2.7,3.12
Free State,Maize,Sandy Loam,763.9,24.8,39.2,180.6,176.1,2.26,6.7,8.16
Free State,Maize,Clay,596.5,22.7,33.4,17.6,182.0,3.26,7.9,5.69
Limpopo,Soybean,Sandy,583.7,21.8,31.2,115.7,186.9,2.87,1.0,3.46
North West,Soybean,Loam,442.5,27.7,22.4,211.2,185.0,2.59,39.8,3.14
Limpopo,Soybean,Clay,274.3,19.9,16.0,66.4,207.4,2.98,2.7,2.0
North West,Wheat,Clay,509.8,25.5,27.0,207.3,241.6,2.97,22.7,3.56
Limpopo,Maize,Sandy,650.8,23.5,38.8,47.4,227.8,2.45,20.0,6.2
Free State,Wheat,Loam,392.0,21.6,17.4,6.7,128.4,2.94,21.9,2.62
KwaZulu-Natal,Wheat,Sandy Loam,557.9,18.1,31.3,74.8,156.2,4.4,47.5,3.23
Free State,Sunflower,Sandy,700.0,26.2,41.7,92.2,178.5,5.49,35.8,3.27
Limpopo,Soybean,Loam,652.1,28.2,35.1,203.7,205.9,2.12,24.7,4.02
Limpopo,Wheat,Clay,892.2,17.4,48.8,43.8,212.0,0.86,79.7,5.48
Limpopo,Wheat,Sandy Loam,342.0,24.6,,204.8,190.3,1.66,32.1,3.89
Limpopo,Maize,Loam,400.1,20.2,21.6,150.6,62.9,2.52,53.7,5.38
KwaZulu-Natal,Wheat,Clay,437.1,17.7,24.7,29.5,260.9,3.35,1.4,3.21
North West,Maize,Sandy,656.1,18.1,40.6,0.0,232.7,5.19,13.0,5.7
Mpumalanga,Soybean,Sandy Loam,464.0,27.9,23.1,159.0,228.4,4.07,15.6,3.22
Free State,Maize,Loam,634.3,27.1,33.3,207.4,167.0,2.87,1.0,7.64
North West,Soybean,Sandy,598.5,16.4,25.3,144.5,183.7,0.66,5.7,3.87
Free State,Wheat,Sandy Loam,575.8,19.0,27.6,50.4,99.6,4.07,18.1,3.69
Limpopo,Sunflower,Sandy Loam,475.5,23.6,26.2,271.8,149.8,3.51,20.3,2.83
Limpopo,Sunflower,Sandy,392.4,20.0,22.6,168.9,206.5,3.06,6.1,2.15
Free State,Sunflower,Sandy,482.9,18.9,24.1,210.3,201.8,1.11,24.6,2.57
North West,Maize,Sandy,532.8,20.2,30.4,109.2,126.9,1.9,54.7,4.83
KwaZulu-Natal,Soybean,Sandy,505.6,22.1,28.2,51.7,112.9,0.62,30.1,2.35
Limpopo,Wheat,Sandy Loam,626.1,23.4,28.9,167.1,207.0,2.6,5.6,4.7
Free State,Soybean,Sandy,270.3,18.6,9.5,369.4,137.1,0.49,37.7,2.82
Limpopo,Maize,Sandy Loam,496.6,21.6,29.4,91.2,252.5,1.51,12.0,6.78
KwaZulu-Natal,Maize,Sandy Loam,596.6,18.2,25.4,83.5,254.8,3.62,71.1,6.38
KwaZulu-Natal,Soybean,Sandy Loam,653.0,22.9,31.0,225.1,119.7,2.4,19.7,3.75
North West,Soybean,Sandy Loam,369.2,21.9,22.5,298.7,83.3,1.13,1.5,3.46
KwaZulu-Natal,Soybean,Sandy,558.2,22.7,26.7,133.2,189.2,2.79,54.9,3.19
Free State,Wheat,Loam,711.2,22.0,39.2,107.4,97.3,3.23,20.2,4.59
KwaZulu-Natal,Maize,Sandy Loam,273.3,26.2,16.3,181.4,191.7,5.62,63.0,4.87
KwaZulu-Natal,Sunflower,Clay,379.8,18.1,16.0,240.6,183.5,4.14,57.9,1.69
Limpopo,Sunflower,Sandy,754.5,19.9,47.6,74.7,138.8,1.84,1.2,2.62
Free State,Sunflower,Sandy Loam,326.3,17.9,27.5,0.0,271.9,1.71,30.3,2.0
Mpumalanga,Soybean,Sandy,429.8,23.5,25.1,208.8,170.1,4.97,22.8,2.62
Mpumalanga,Maize,Sandy,389.0,17.6,19.3,10.0,191.4,1.85,4.4,4.51
KwaZulu-Natal,Sunflower,Sandy Loam,604.3,19.9,28.2,78.5,234.0,3.61,50.8,2.65
Free State,Maize,Loam,500.2,26.6,24.1,105.9,223.9,3.47,25.9,7.05
KwaZulu-Natal,Sunflower,Sandy Loam,503.4,21.7,24.5,112.6,145.8,1.81,3.2,1.84
KwaZulu-Natal,Sunflower,Sandy Loam,493.0,24.5,34.1,187.0,217.2,1.47,62.6,2.66
North West,Sunflower,Sandy Loam,592.3,23.5,38.9,43.1,300.5,1.33,92.5,2.92
Free State,Maize,Sandy Loam,382.8,25.3,23.0,29.1,185.8,2.41,17.7,5.41
Free State,Wheat,Clay,924.3,22.9,50.9,100.5,217.9,2.67,10.2,5.53
Free State,Wheat,Clay,588.5,19.1,30.2,59.6,262.7,0.9,1.2,4.11
Free State,Sunflower,Clay,618.3,28.6,32.2,81.3,122.9,0.72,30.5,1.83
North West,Soybean,Clay,717.1,18.9,45.1,131.6,139.3,2.0,69.4,3.97
Mpumalanga,Sunflower,Sandy,772.1,20.3,41.3,74.9,85.9,0.69,21.6,2.22
KwaZulu-Natal,Maize,Sandy,475.9,22.1,29.2,85.5,279.8,2.26,8.4,6.14
Limpopo,Wheat,Loam,376.5,25.2,16.2,107.7,143.6,3.99,47.6,3.78
Limpopo,Wheat,Loam,531.3,21.1,24.7,26.8,213.8,0.65,30.6,4.48
KwaZulu-Natal,Maize,Loam,438.7,17.7,,188.6,226.1,0.8,1.0,7.67
North West,Sunflower,Clay,618.0,22.0,30.6,186.3,215.5,1.03,25.6,2.71
Free State,Soybean,Clay,489.1,21.6,25.4,138.7,220.8,1.54,3.7,3.36
Limpopo,Wheat,Sandy Loam,427.4,26.8,29.1,97.5,99.0,5.9,6.4,3.04
KwaZulu-Natal,Soybean,Sandy Loam,573.4,25.5,25.6,156.8,241.4,5.13,51.0,3.8
North West,Soybean,Sandy Loam,521.4,15.5,38.2,168.8,282.8,3.79,23.5,4.34
North West,Soybean,Sandy Loam,378.2,26.0,23.7,90.1,59.6,2.31,1.4,2.72
KwaZulu-Natal,Sunflower,Loam,782.3,24.2,52.9,249.7,211.0,2.17,28.2,3.57
KwaZulu-Natal,Maize,Sandy Loam,781.6,27.3,42.2,195.8,211.9,2.41,3.7,8.59
North West,Soybean,Clay,611.5,19.0,30.3,12.3,237.8,2.38,128.1,3.17
KwaZulu-Natal,Soybean,Loam,642.4,24.2,47.1,140.3,135.4,1.69,8.2,4.28
Limpopo,Sunflower,Sandy,557.2,21.0,37.5,156.6,196.1,3.11,22.3,2.71
Mpumalanga,Soybean,Sandy,429.9,17.0,26.1,161.7,211.9,1.72,21.7,2.24
Limpopo,Soybean,Sandy Loam,728.3,25.0,39.7,84.7,313.0,0.65,22.5,4.25
North West,Maize,Sandy Loam,261.8,17.6,18.5,7.9,100.9,1.05,104.7,4.44
Limpopo,Soybean,Sandy Loam,566.0,24.4,32.2,196.4,143.8,3.69,10.1,3.38
Limpopo,Soybean,Loam,603.0,24.5,40.9,214.8,263.0,2.65,27.5,4.87
Limpopo,Wheat,Sandy Loam,628.1,19.5,31.6,69.8,175.2,2.55,38.5,3.6
North West,Sunflower,Loam,607.1,20.1,31.9,164.8,55.5,5.24,33.2,2.52
Mpumalanga,Maize,Sandy,499.4,26.9,30.9,59.5,150.2,3.41,12.4,4.86
KwaZulu-Natal,Maize,Sandy,423.6,22.7,15.7,289.0,246.4,1.75,1.5,5.62
Limpopo,Maize,Clay,611.8,21.7,32.8,99.5,173.2,0.62,43.9,6.38
North West,Sunflower,Sandy,582.2,19.4,29.1,248.7,221.6,1.21,21.2,2.96
Limpopo,Wheat,Sandy Loam,530.2,28.4,33.0,203.9,199.7,2.78,9.6,4.55
Limpopo,Sunflower,Loam,483.0,21.1,25.9,206.2,204.5,4.04,10.6,2.96
Free State,Sunflower,Sandy Loam,583.2,20.9,18.8,138.3,209.8,2.03,9.5,3.87
KwaZulu-Natal,Maize,Loam,784.6,19.9,47.9,199.9,181.4,3.07,107.4,8.21
Mpumalanga,Maize,Sandy,458.0,19.1,29.4,206.1,186.8,3.42,12.6,5.38
KwaZulu-Natal,Soybean,Loam,616.3,19.3,30.9,154.0,112.4,2.81,3.5,3.92
North West,Wheat,Loam,420.0,19.0,22.8,143.0,159.1,6.0,58.8,2.66
Mpumalanga,Wheat,Sandy Loam,546.6,29.3,25.5,162.9,176.5,2.68,28.9,3.91
Free State,Maize,Loam,564.2,20.6,28.1,176.3,196.4,0.19,48.3,7.74
Free State,Sunflower,Clay,784.5,25.8,46.4,124.5,49.6,1.63,26.2,1.97
Limpopo,Sunflower,Clay,597.6,20.8,41.4,131.5,313.5,5.3,5.9,2.3
North West,Maize,Sandy Loam,806.2,23.0,42.0,185.5,178.7,1.71,10.6,8.1
Free State,Maize,Sandy,228.1,21.1,10.6,45.3,232.8,2.29,19.6,3.58
Mpumalanga,Wheat,Clay,426.3,17.6,26.2,92.0,210.1,3.45,7.4,3.06
Free State,Wheat,Clay,783.9,16.3,35.9,116.2,176.1,3.25,17.2,4.81
Limpopo,Maize,Loam,538.2,20.2,25.5,69.2,135.0,1.86,8.1,6.41
KwaZulu-Natal,Wheat,Clay,664.9,23.3,38.9,19.3,193.3,0.07,16.6,4.66
North West,Sunflower,Sandy Loam,705.6,21.4,49.5,196.4,275.0,1.5,5.3,3.78
Limpopo,Maize,Clay,649.8,17.4,41.2,89.1,100.4,1.24,31.0,6.53
North West,Maize,Sandy Loam,635.2,33.1,39.5,131.4,210.2,0.7,15.9,6.1
Mpumalanga,Wheat,Loam,442.2,13.3,28.0,178.2,276.0,2.58,48.9,4.36
Free State,Maize,Loam,595.5,20.2,31.6,101.0,154.8,0.85,54.7,7.64
KwaZulu-Natal,Soybean,Sandy,505.9,22.7,22.1,167.0,187.5,2.25,17.3,1.83
Free State,Maize,Clay,640.1,22.8,31.1,276.8,177.6,0.94,11.0,6.79
Mpumalanga,Sunflower,Clay,809.5,17.7,50.9,152.4,222.4,0.24,32.1,3.86
Limpopo,Maize,Sandy Loam,838.3,27.0,47.5,201.5,134.0,1.39,24.9,7.83
North West,Wheat,Sandy Loam,659.8,22.4,28.4,49.5,271.5,0.3,24.6,5.29
North West,Soybean,Sandy,698.4,26.3,33.2,0.0,77.6,2.29,34.6,3.07
KwaZulu-Natal,Maize,Loam,562.1,18.6,29.6,79.0,255.1,3.6,54.3,7.15
North West,Soybean,Sandy,353.8,25.8,17.6,0.0,64.0,0.34,18.7,1.38
Mpumalanga,Wheat,Loam,702.2,19.9,31.7,171.9,130.9,2.45,15.1,5.38
KwaZulu-Natal,Soybean,Sandy,766.1,21.5,42.0,10.2,278.9,0.35,96.9,4.0
KwaZulu-Natal,Sunflower,Sandy Loam,720.3,24.3,33.3,205.2,135.0,0.98,33.0,2.89
North West,Soybean,Clay,389.9,17.4,23.7,97.9,234.5,2.45,7.1,2.67
Free State,Soybean,Clay,490.7,23.1,21.7,0.0,105.0,3.4,22.0,1.99
Mpumalanga,Wheat,Sandy,210.0,22.3,8.9,63.5,158.7,1.95,14.5,1.33
Free State,Soybean,Loam,563.8,22.9,31.5,231.2,210.4,3.41,23.9,4.34
Limpopo,Maize,Sandy,663.7,22.7,33.2,100.1,260.1,2.73,17.1,6.28
Limpopo,Wheat,Loam,683.0,23.5,47.6,105.4,75.9,1.16,19.1,4.05
Limpopo,Sunflower,Loam,598.0,19.6,32.7,251.3,156.4,3.99,8.1,3.36
Mpumalanga,Soybean,Sandy Loam,570.6,16.6,26.3,43.2,201.3,2.09,46.0,3.71
Free State,Sunflower,Sandy Loam,483.9,25.2,27.0,185.2,195.5,2.39,32.4,3.16
Limpopo,Maize,Sandy Loam,591.8,23.1,27.4,197.5,233.1,0.87,47.5,7.68
North West,Sunflower,Sandy Loam,167.5,28.8,5.0,110.2,187.6,1.22,25.9,0.55
Free State,Sunflower,Sandy Loam,373.2,21.7,18.1,57.4,85.3,0.89,37.2,2.11
KwaZulu-Natal,Maize,Loam,476.2,22.3,23.6,84.4,293.2,2.83,5.0,7.37
North West,Sunflower,Loam,520.3,16.4,27.0,0.0,121.8,3.09,29.7,2.23
Free State,Maize,Sandy,672.4,22.8,31.7,170.2,133.2,2.77,19.1,5.52
Mpumalanga,Sunflower,Sandy,245.6,27.4,15.9,130.7,174.0,4.23,18.0,0.99
North West,Wheat,Loam,705.0,24.8,37.3,33.6,73.5,0.48,52.6,4.44
Free State,Sunflower,Sandy Loam,1003.3,23.5,57.2,0.0,244.0,3.06,20.8,4.13
KwaZulu-Natal,Maize,Loam,480.3,27.1,23.7,45.6,120.1,1.03,20.1,5.99
Mpumalanga,Sunflower,Sandy,585.6,25.6,31.2,0.0,132.6,2.93,26.6,2.28
Mpumalanga,Soybean,Sandy Loam,397.9,27.2,20.5,201.2,185.8,4.5,61.1,7.709999999999999
Limpopo,Sunflower,Clay,482.1,23.6,12.8,155.0,259.3,3.23,28.8,2.33
Limpopo,Wheat,Sandy,218.8,19.5,13.6,131.2,200.8,2.79,1.5,2.26
KwaZulu-Natal,Maize,Loam,873.4,23.6,50.3,154.4,198.8,0.21,2.2,9.94
KwaZulu-Natal,Wheat,Loam,566.9,25.4,30.3,85.9,124.0,4.51,17.2,4.47
KwaZulu-Natal,Soybean,Loam,704.6,29.2,42.6,196.3,175.9,1.0,4.8,5.43
Limpopo,Maize,Sandy,511.5,20.9,32.3,84.3,105.5,3.06,13.9,4.79
North West,Soybean,Sandy Loam,269.3,19.4,14.5,207.5,163.5,1.22,14.8,2.97
North West,Maize,Loam,718.4,18.8,45.3,155.1,20.0,2.51,68.2,6.9
Mpumalanga,Sunflower,Sandy Loam,512.2,19.4,39.7,206.2,188.1,0.38,3.7,2.63
Free State,Maize,Loam,541.7,17.1,26.8,72.9,206.0,1.04,3.6,7.37
North West,Wheat,Sandy,513.7,22.6,27.8,65.0,220.4,1.71,26.3,3.72
North West,Sunflower,Clay,747.4,16.1,48.4,137.5,157.0,1.04,19.7,3.65
North West,Maize,Loam,597.0,17.7,32.8,0.0,205.5,0.29,1.0,7.48
Mpumalanga,Maize,Sandy,852.7,19.8,43.7,127.8,204.5,0.76,5.3,7.67
KwaZulu-Natal,Wheat,Clay,744.1,25.4,37.6,163.5,129.9,5.07,17.3,3.43
KwaZulu-Natal,Sunflower,Clay,409.5,12.0,23.3,105.6,263.7,4.82,35.9,2.12
KwaZulu-Natal,Sunflower,Clay,738.0,23.5,35.8,60.5,202.0,3.4,35.2,2.32
KwaZulu-Natal,Maize,Sandy Loam,508.1,20.0,27.3,133.8,92.5,0.23,8.9,5.99
Mpumalanga,Soybean,Sandy Loam,472.3,17.3,33.0,194.5,88.4,2.77,10.6,2.95
Mpumalanga,Wheat,Sandy,599.2,22.0,33.1,162.7,268.1,2.0,18.4,4.27
Free State,Sunflower,Sandy Loam,613.6,19.5,30.2,186.5,166.1,1.96,11.6,2.81
Free State,Wheat,Clay,566.1,19.0,30.6,309.1,170.0,1.02,21.6,5.05
Limpopo,Maize,Sandy Loam,516.1,22.7,25.2,155.0,150.5,0.44,19.8,6.47
North West,Wheat,Sandy,546.8,27.6,35.1,175.1,148.8,3.68,8.9,3.13
North West,Sunflower,Sandy Loam,646.9,15.2,,139.5,202.9,3.22,2.7,3.51
Mpumalanga,Sunflower,Clay,752.0,22.4,45.1,140.6,204.8,0.55,54.1,3.13
North West,Sunflower,Loam,742.1,22.1,44.5,215.1,231.6,1.8,2.1,4.0
Limpopo,Soybean,Sandy,562.0,24.1,33.7,204.0,105.2,1.23,18.4,3.43
Free State,Maize,Loam,583.1,20.7,31.0,56.0,166.3,3.44,43.5,7.19
Mpumalanga,Sunflower,Sandy,772.6,19.3,45.5,15.2,261.6,3.68,5.5,2.82
North West,Maize,Loam,595.9,19.2,28.7,139.6,229.4,2.75,162.1,7.29
North West,Sunflower,Sandy,481.0,27.0,24.0,196.9,161.2,3.44,14.8,2.25
KwaZulu-Natal,Maize,Sandy Loam,440.2,23.7,26.3,349.6,279.2,5.42,1.4,6.59
North West,Sunflower,Clay,742.7,21.1,39.7,0.0,200.1,4.65,9.7,2.39
KwaZulu-Natal,Soybean,Sandy,372.8,22.8,20.7,233.4,159.4,2.07,4.9,2.63
North West,Soybean,Clay,530.5,24.0,33.7,54.4,54.6,2.93,29.6,2.67
KwaZulu-Natal,Soybean,Clay,603.4,22.6,36.0,0.0,187.9,1.55,28.6,2.97
Free State,Sunflower,Sandy,503.1,16.5,25.4,8.7,182.5,2.96,3.1,1.24
Limpopo,Soybean,Clay,445.7,21.1,30.4,283.1,220.3,2.09,40.3,3.63
Free State,Wheat,Sandy,490.1,21.1,28.9,94.5,231.1,1.49,32.6,3.68
North West,Sunflower,Sandy Loam,729.3,23.7,31.1,89.2,162.8,1.71,13.8,3.18
Limpopo,Soybean,Sandy,542.3,19.3,29.2,156.2,187.5,5.89,17.0,2.72
Mpumalanga,Soybean,Clay,399.5,23.4,14.2,235.0,196.7,2.61,1.0,2.6
KwaZulu-Natal,Wheat,Sandy,776.4,17.7,46.0,116.3,207.7,6.44,9.5,3.99
KwaZulu-Natal,Sunflower,Clay,625.2,19.6,45.9,47.6,110.9,6.34,6.0,1.83
North West,Sunflower,Clay,385.8,23.7,28.5,311.2,274.3,1.87,8.0,3.16
Mpumalanga,Wheat,Sandy,934.6,19.6,49.9,0.0,220.1,1.24,54.6,5.53
KwaZulu-Natal,Wheat,Clay,945.5,23.9,57.2,10.9,196.3,1.93,21.2,5.13
KwaZulu-Natal,Sunflower,Sandy,503.8,21.8,26.3,146.1,225.8,1.66,43.6,2.16
Free State,Wheat,Sandy,300.3,20.3,14.7,88.8,159.0,2.41,1.1,2.22
Limpopo,Maize,Loam,593.7,26.5,31.6,155.6,168.7,1.93,12.9,7.27
Mpumalanga,Sunflower,Loam,729.2,23.2,45.1,106.5,230.9,2.27,12.7,3.71
KwaZulu-Natal,Sunflower,Sandy Loam,536.7,22.4,25.6,123.0,103.0,1.72,15.0,2.52
KwaZulu-Natal,Maize,Sandy,605.9,21.0,34.7,152.4,121.8,6.4,33.1,4.38
Mpumalanga,Maize,Sandy Loam,783.0,23.5,40.2,176.9,219.9,6.23,26.6,8.16
KwaZulu-Natal,Soybean,Loam,503.5,27.7,27.4,58.5,187.5,1.82,1.4,3.66
KwaZulu-Natal,Wheat,Sandy,532.5,32.3,25.6,83.6,148.3,3.31,68.2,2.07
Free State,Wheat,Sandy Loam,636.5,16.4,42.6,134.4,93.8,4.75,6.5,4.26
Mpumalanga,Maize,Sandy Loam,694.3,14.5,30.2,68.2,239.4,1.61,7.4,7.78
Limpopo,Soybean,Loam,504.2,17.1,33.1,153.5,113.1,0.78,12.1,3.66
North West,Sunflower,Sandy Loam,596.5,22.2,28.1,238.8,192.0,0.83,28.3,3.47
North West,Soybean,Clay,486.5,19.3,29.6,136.3,184.4,3.5,40.8,2.82
Limpopo,Maize,Sandy,668.9,19.0,32.7,91.3,242.6,0.66,23.8,6.47
Limpopo,Soybean,Loam,479.2,16.7,20.4,132.7,177.8,3.04,35.1,3.85
KwaZulu-Natal,Sunflower,Sandy Loam,697.5,20.2,36.3,206.0,169.6,2.89,46.4,3.1
North West,Sunflower,Loam,386.8,16.7,21.1,0.0,150.1,3.88,30.0,2.27
Free State,Wheat,Loam,770.8,22.8,45.0,388.3,156.4,2.07,12.7,5.75
KwaZulu-Natal,Wheat,Clay,538.1,19.9,19.4,210.9,223.2,4.14,2.9,5.05
Free State,Soybean,Sandy Loam,506.2,18.5,29.0,161.4,197.5,1.43,14.5,3.59
Free State,Maize,Loam,600.0,19.5,42.2,126.9,297.4,1.97,14.5,7.81
Free State,Wheat,Clay,660.8,28.0,32.2,0.0,276.0,1.25,39.8,4.31
Limpopo,Wheat,Sandy Loam,206.4,17.7,15.6,184.6,151.5,4.98,4.2,2.78
KwaZulu-Natal,Soybean,Loam,600.6,16.6,25.0,13.4,134.0,2.01,50.1,3.39
Mpumalanga,Sunflower,Clay,575.6,16.7,25.1,181.7,238.1,3.26,27.7,2.78
Free State,Sunflower,Clay,428.7,23.9,20.7,0.0,214.2,1.8,51.7,1.78
Limpopo,Wheat,Sandy Loam,797.3,22.1,43.0,139.0,141.6,1.35,1.0,4.86
Limpopo,Maize,Clay,812.6,23.8,46.0,169.6,271.0,3.58,15.2,7.19
Limpopo,Soybean,Sandy,758.2,17.7,44.0,224.7,168.8,0.82,22.3,4.29
Mpumalanga,Sunflower,Clay,542.4,14.5,29.9,180.3,230.2,2.73,2.0,3.48
Mpumalanga,Soybean,Loam,567.9,14.6,32.3,150.8,144.7,2.27,4.8,3.85
Limpopo,Soybean,Sandy,422.3,22.3,20.9,98.1,131.7,1.37,4.6,1.71
KwaZulu-Natal,Soybean,Clay,708.8,20.4,43.4,56.9,128.2,3.33,23.3,3.64
Free State,Wheat,Sandy,253.5,22.4,13.2,145.7,144.2,3.57,1.5,2.07
North West,Wheat,Clay,472.6,24.5,22.2,163.6,208.9,5.96,21.1,3.19
North West,Soybean,Sandy Loam,244.5,23.8,19.3,180.8,178.9,2.85,25.1,1.88
Free State,Maize,Loam,540.3,20.1,26.9,160.5,166.3,2.72,4.2,6.42
KwaZulu-Natal,Sunflower,Sandy Loam,369.6,18.5,15.3,15.9,237.8,1.31,13.1,2.11
North West,Wheat,Loam,644.6,15.1,32.1,99.7,245.5,2.19,16.9,5.25
Free State,Sunflower,Loam,637.5,21.7,41.1,205.8,186.4,1.91,62.2,2.74
Limpopo,Sunflower,Loam,536.2,20.1,36.5,0.0,143.1,1.45,8.9,2.16
Limpopo,Wheat,Sandy Loam,362.4,27.3,21.9,10.5,235.3,3.9,5.6,2.59
North West,Maize,Clay,487.8,22.8,28.0,259.3,111.3,0.84,12.8,5.62
Free State,Wheat,Loam,405.6,29.1,20.9,186.5,163.5,3.32,15.3,3.47
North West,Sunflower,Clay,391.6,20.3,22.2,98.6,162.0,4.19,40.7,1.82
North West,Wheat,Loam,343.8,18.6,16.0,143.9,139.5,2.49,19.4,3.16
North West,Sunflower,Sandy,530.0,26.5,29.0,55.0,98.4,5.11,7.2,1.57
Limpopo,Sunflower,Sandy,459.9,19.0,24.0,159.1,196.9,1.92,54.4,2.43
Limpopo,Maize,Sandy,506.2,27.1,16.1,39.7,145.1,3.3,1.6,4.48
Free State,Sunflower,Loam,617.6,21.9,29.9,137.4,120.0,4.53,16.4,2.85
Limpopo,Maize,Clay,505.8,27.7,32.5,88.5,300.5,1.98,2.4,6.14
Mpumalanga,Maize,Clay,788.9,20.0,39.6,274.7,288.3,0.84,43.9,8.84
Mpumalanga,Wheat,Loam,575.6,23.3,26.9,71.7,220.8,0.89,3.7,4.31
Free State,Maize,Sandy Loam,436.2,17.4,27.0,70.9,107.0,3.98,12.1,5.54
Free State,Maize,Sandy,705.9,24.7,37.0,110.5,249.7,4.03,40.5,6.36
Mpumalanga,Wheat,Loam,676.9,28.8,40.4,174.1,227.6,0.9,37.3,4.91
