date,province,rainfall_mm,avg_temp_c
2021-01-01,Free State,2.9,11.5
2021-01-02,Free State,0.0,16.3
2021-01-03,Free State,0.0,15.3
2021-01-04,Free State,0.0,16.7
2021-01-05,Free State,2.3,19.1
2021-01-06,Free State,6.3,19.1
2021-01-07,Free State,2.9,15.8
2021-01-08,Free State,0.0,14.8
2021-01-09,Free State,0.0,16.9
2021-01-10,Free State,0.0,15.5
2021-01-11,Free State,5.8,16.6
2021-01-12,Free State,0.0,15.0
2021-01-13,Free State,0.0,16.4
2021-01-14,Free State,6.0,14.8
2021-01-15,Free State,8.9,17.8
2021-01-16,Free State,2.4,15.1
2021-01-17,Free State,9.3,17.0
2021-01-18,Free State,0.0,14.1
2021-01-19,Free State,6.3,17.2
2021-01-20,Free State,5.1,14.6
2021-01-21,Free State,0.0,16.4
2021-01-22,Free State,4.7,17.6
2021-01-23,Free State,5.1,15.8
2021-01-24,Free State,1.1,14.5
2021-01-25,Free State,20.4,16.8
2021-01-26,Free State,0.0,14.8
2021-01-27,Free State,15.9,15.5
2021-01-28,Free State,0.0,16.5
2021-01-29,Free State,0.0,18.2
2021-01-30,Free State,7.1,16.2
2021-01-31,Free State,0.0,16.3
2021-02-01,Free State,2.1,17.4
2021-02-02,Free State,11.9,16.4
2021-02-03,Free State,0.0,17.3
2021-02-04,Free State,0.0,18.0
2021-02-05,Free State,0.0,15.9
2021-02-06,Free State,6.1,11.5
2021-02-07,Free State,13.0,15.2
2021-02-08,Free State,0.0,18.3
2021-02-09,Free State,1.7,16.5
2021-02-10,Free State,2.3,16.1
2021-02-11,Free State,0.0,18.4
2021-02-12,Free State,12.9,16.5
2021-02-13,Free State,0.0,13.6
2021-02-14,Free State,3.0,14.5
2021-02-15,Free State,0.0,17.5
2021-02-16,Free State,3.8,16.8
2021-02-17,Free State,0.0,19.1
2021-02-18,Free State,0.0,15.9
2021-02-19,Free State,2.8,16.6
2021-02-20,Free State,0.0,15.8
2021-02-21,Free State,0.0,16.4
2021-02-22,Free State,0.0,14.4
2021-02-23,Free State,0.0,16.7
2021-02-24,Free State,0.0,17.3
2021-02-25,Free State,0.0,17.2
2021-02-26,Free State,4.2,20.7
2021-02-27,Free State,5.4,20.3
2021-02-28,Free State,7.1,16.5
2021-03-01,Free State,3.4,14.6
2021-03-02,Free State,5.6,17.6
2021-03-03,Free State,10.4,18.4
2021-03-04,Free State,0.0,16.6
2021-03-05,Free State,1.0,16.8
2021-03-06,Free State,1.4,20.5
2021-03-07,Free State,0.0,17.8
2021-03-08,Free State,7.7,19.2
2021-03-09,Free State,0.0,16.9
2021-03-10,Free State,3.7,18.3
2021-03-11,Free State,0.0,18.0
2021-03-12,Free State,0.0,17.6
2021-03-13,Free State,5.0,20.4
2021-03-14,Free State,3.0,16.7
2021-03-15,Free State,0.0,19.3
2021-03-16,Free State,0.0,18.4
2021-03-17,Free State,0.0,19.6
2021-03-18,Free State,0.0,18.6
2021-03-19,Free State,1.6,20.5
2021-03-20,Free State,1.7,17.9
2021-03-21,Free State,1.8,21.1
2021-03-22,Free State,0.0,19.4
2021-03-23,Free State,0.0,17.6
2021-03-24,Free State,3.8,20.7
2021-03-25,Free State,4.2,19.5
2021-03-26,Free State,1.2,17.3
2021-03-27,Free State,4.6,20.4
2021-03-28,Free State,0.0,21.6
2021-03-29,Free State,0.0,22.1
2021-03-30,Free State,0.0,19.7
2021-03-31,Free State,0.0,20.6
2021-04-01,Free State,5.5,20.5
2021-04-02,Free State,0.0,22.8
2021-04-03,Free State,0.0,19.4
2021-04-04,Free State,0.0,20.0
2021-04-05,Free State,0.0,19.6
2021-04-06,Free State,0.0,18.8
2021-04-07,Free State,0.0,21.4
2021-04-08,Free State,0.0,23.6
2021-04-09,Free State,3.0,21.0
2021-04-10,Free State,1.4,20.0
2021-04-11,Free State,2.1,21.7
2021-04-12,Free State,0.0,22.4
2021-04-13,Free State,0.0,21.4
2021-04-14,Free State,0.0,23.9
2021-04-15,Free State,0.0,20.7
2021-04-16,Free State,0.0,21.5
2021-04-17,Free State,0.0,22.5
2021-04-18,Free State,0.0,22.8
2021-04-19,Free State,0.0,22.4
2021-04-20,Free State,3.0,20.5
2021-04-21,Free State,0.0,26.0
2021-04-22,Free State,4.1,22.2
2021-04-23,Free State,0.0,22.9
2021-04-24,Free State,0.0,23.7
2021-04-25,Free State,0.0,21.9
2021-04-26,Free State,0.0,23.1
2021-04-27,Free State,0.0,22.1
2021-04-28,Free State,0.0,23.8
2021-04-29,Free State,0.0,22.9
2021-04-30,Free State,0.0,23.8
2021-05-01,Free State,0.0,21.9
2021-05-02,Free State,0.0,22.4
2021-05-03,Free State,0.0,21.7
2021-05-04,Free State,2.4,22.7
2021-05-05,Free State,0.0,20.0
2021-05-06,Free State,0.0,23.5
2021-05-07,Free State,0.0,23.3
2021-05-08,Free State,0.0,24.4
2021-05-09,Free State,1.6,24.4
2021-05-10,Free State,0.0,26.3
2021-05-11,Free State,0.0,28.4
2021-05-12,Free State,0.0,26.3
2021-05-13,Free State,0.0,24.0
2021-05-14,Free State,0.0,24.0
2021-05-15,Free State,0.0,26.2
2021-05-16,Free State,0.0,22.4
2021-05-17,Free State,0.0,24.6
2021-05-18,Free State,0.0,24.8
2021-05-19,Free State,0.0,26.1
2021-05-20,Free State,0.0,26.2
2021-05-21,Free State,0.0,24.3
2021-05-22,Free State,0.0,24.8
2021-05-23,Free State,0.0,26.2
2021-05-24,Free State,0.0,24.4
2021-05-25,Free State,0.0,27.5
2021-05-26,Free State,0.0,26.7
2021-05-27,Free State,0.0,26.1
2021-05-28,Free State,0.0,26.5
2021-05-29,Free State,0.0,25.3
2021-05-30,Free State,0.0,25.2
2021-05-31,Free State,0.0,25.5
2021-06-01,Free State,0.0,27.0
2021-06-02,Free State,0.0,26.6
2021-06-03,Free State,0.0,25.8
2021-06-04,Free State,0.0,27.6
2021-06-05,Free State,0.0,26.3
2021-06-06,Free State,0.0,25.6
2021-06-07,Free State,0.0,27.0
2021-06-08,Free State,0.0,25.2
2021-06-09,Free State,0.0,24.3
2021-06-10,Free State,0.0,26.8
2021-06-11,Free State,0.0,25.9
2021-06-12,Free State,0.0,26.6
2021-06-13,Free State,0.0,25.6
2021-06-14,Free State,0.0,28.9
2021-06-15,Free State,0.0,26.1
2021-06-16,Free State,0.0,26.5
2021-06-17,Free State,0.0,27.8
2021-06-18,Free State,0.0,25.2
2021-06-19,Free State,0.0,25.2
2021-06-20,Free State,0.0,28.0
2021-06-21,Free State,0.5,26.8
2021-06-22,Free State,0.0,26.1
2021-06-23,Free State,0.0,28.4
2021-06-24,Free State,0.0,26.3
2021-06-25,Free State,0.0,27.2
2021-06-26,Free State,0.0,26.3
2021-06-27,Free State,0.0,28.1
2021-06-28,Free State,0.0,29.7
2021-06-29,Free State,0.0,24.9
2021-06-30,Free State,0.0,27.9
2021-07-01,Free State,0.0,29.1
2021-07-02,Free State,0.0,27.2
2021-07-03,Free State,0.0,26.1
2021-07-04,Free State,0.0,28.5
2021-07-05,Free State,0.0,29.4
2021-07-06,Free State,0.0,29.2
2021-07-07,Free State,0.0,28.5
2021-07-08,Free State,0.0,28.1
2021-07-09,Free State,0.0,26.6
2021-07-10,Free State,0.0,29.3
2021-07-11,Free State,0.0,29.2
2021-07-12,Free State,0.0,26.3
2021-07-13,Free State,0.0,28.5
2021-07-14,Free State,0.0,29.0
2021-07-15,Free State,0.0,29.3
2021-07-16,Free State,0.0,27.9
2021-07-17,Free State,0.0,26.7
2021-07-18,Free State,0.0,27.2
2021-07-19,Free State,0.0,26.5
2021-07-20,Free State,0.0,27.9
2021-07-21,Free State,0.0,27.6
2021-07-22,Free State,0.0,31.2
2021-07-23,Free State,0.0,29.3
2021-07-24,Free State,0.0,29.4
2021-07-25,Free State,0.0,28.6
2021-07-26,Free State,0.0,27.4
2021-07-27,Free State,0.0,27.5
2021-07-28,Free State,0.0,27.6
2021-07-29,Free State,0.0,28.1
2021-07-30,Free State,0.0,28.4
2021-07-31,Free State,0.0,27.8
2021-08-01,Free State,0.0,27.4
2021-08-02,Free State,0.0,26.9
2021-08-03,Free State,0.0,25.6
2021-08-04,Free State,0.0,29.6
2021-08-05,Free State,0.0,31.0
2021-08-06,Free State,0.0,29.4
2021-08-07,Free State,0.0,25.7
2021-08-08,Free State,0.0,28.7
2021-08-09,Free State,0.0,29.1
2021-08-10,Free State,0.0,26.9
2021-08-11,Free State,0.0,28.2
2021-08-12,Free State,0.0,26.7
2021-08-13,Free State,0.0,29.6
2021-08-14,Free State,0.0,27.8
2021-08-15,Free State,0.0,25.9
2021-08-16,Free State,0.0,28.2
2021-08-17,Free State,0.0,28.7
2021-08-18,Free State,0.0,27.4
2021-08-19,Free State,0.0,27.7
2021-08-20,Free State,0.0,26.9
2021-08-21,Free State,0.0,25.2
2021-08-22,Free State,0.0,26.6
2021-08-23,Free State,0.0,27.6
2021-08-24,Free State,0.0,26.5
2021-08-25,Free State,0.0,27.9
2021-08-26,Free State,0.0,26.0
2021-08-27,Free State,0.0,26.0
2021-08-28,Free State,0.0,27.7
2021-08-29,Free State,0.0,26.7
2021-08-30,Free State,0.0,25.7
2021-08-31,Free State,0.0,27.8
2021-09-01,Free State,0.0,25.1
2021-09-02,Free State,0.0,25.0
2021-09-03,Free State,0.0,21.8
2021-09-04,Free State,0.0,25.1
2021-09-05,Free State,0.0,27.8
2021-09-06,Free State,0.0,22.7
2021-09-07,Free State,0.0,24.3
2021-09-08,Free State,0.0,26.3
2021-09-09,Free State,0.0,22.2
2021-09-10,Free State,0.0,24.7
2021-09-11,Free State,0.0,27.1
2021-09-12,Free State,0.0,28.4
2021-09-13,Free State,0.0,25.6
2021-09-14,Free State,0.0,23.7
2021-09-15,Free State,0.0,23.6
2021-09-16,Free State,0.0,25.2
2021-09-17,Free State,0.0,25.3
2021-09-18,Free State,0.0,27.5
2021-09-19,Free State,0.0,26.1
2021-09-20,Free State,0.0,24.7
2021-09-21,Free State,0.0,24.0
2021-09-22,Free State,0.0,28.9
2021-09-23,Free State,0.0,25.2
2021-09-24,Free State,0.0,23.2
2021-09-25,Free State,0.0,23.8
2021-09-26,Free State,0.0,22.7
2021-09-27,Free State,0.0,20.3
2021-09-28,Free State,0.0,24.3
2021-09-29,Free State,0.0,26.4
2021-09-30,Free State,0.0,21.2
2021-10-01,Free State,0.0,23.6
2021-10-02,Free State,0.0,22.3
2021-10-03,Free State,0.0,24.1
2021-10-04,Free State,0.0,22.9
2021-10-05,Free State,0.0,21.1
2021-10-06,Free State,0.0,21.5
2021-10-07,Free State,0.0,21.7
2021-10-08,Free State,0.0,24.8
2021-10-09,Free State,0.0,24.6
2021-10-10,Free State,0.0,22.1
2021-10-11,Free State,0.0,24.3
2021-10-12,Free State,0.0,22.1
2021-10-13,Free State,0.9,21.8
2021-10-14,Free State,0.0,22.3
2021-10-15,Free State,0.0,22.5
2021-10-16,Free State,0.0,21.1
2021-10-17,Free State,0.0,21.9
2021-10-18,Free State,0.3,22.9
2021-10-19,Free State,0.9,21.9
2021-10-20,Free State,0.0,21.6
2021-10-21,Free State,0.0,22.2
2021-10-22,Free State,0.0,22.4
2021-10-23,Free State,0.0,21.2
2021-10-24,Free State,0.0,20.4
2021-10-25,Free State,0.0,21.3
2021-10-26,Free State,0.0,18.6
2021-10-27,Free State,1.2,20.5
2021-10-28,Free State,0.9,17.0
2021-10-29,Free State,0.0,18.1
2021-10-30,Free State,0.0,17.8
2021-10-31,Free State,0.0,22.0
2021-11-01,Free State,0.0,20.4
2021-11-02,Free State,0.0,18.4
2021-11-03,Free State,0.0,20.9
2021-11-04,Free State,0.0,21.5
2021-11-05,Free State,0.0,20.7
2021-11-06,Free State,0.0,19.6
2021-11-07,Free State,0.0,20.1
2021-11-08,Free State,2.6,21.0
2021-11-09,Free State,0.0,18.9
2021-11-10,Free State,0.0,19.5
2021-11-11,Free State,0.0,19.0
2021-11-12,Free State,0.0,16.9
2021-11-13,Free State,0.0,20.6
2021-11-14,Free State,4.1,22.2
2021-11-15,Free State,7.6,17.7
2021-11-16,Free State,0.0,20.4
2021-11-17,Free State,0.0,17.6
2021-11-18,Free State,0.0,18.9
2021-11-19,Free State,0.0,20.9
2021-11-20,Free State,0.0,17.8
2021-11-21,Free State,0.0,18.5
2021-11-22,Free State,0.0,15.7
2021-11-23,Free State,0.0,17.3
2021-11-24,Free State,0.0,15.4
2021-11-25,Free State,0.0,18.8
2021-11-26,Free State,3.8,19.3
2021-11-27,Free State,0.0,17.7
2021-11-28,Free State,0.0,18.4
2021-11-29,Free State,0.4,17.4
2021-11-30,Free State,5.7,18.9
2021-12-01,Free State,3.7,17.9
2021-12-02,Free State,8.7,14.7
2021-12-03,Free State,0.0,19.0
2021-12-04,Free State,0.0,16.9
2021-12-05,Free State,0.0,15.5
2021-12-06,Free State,0.7,16.7
2021-12-07,Free State,0.0,14.4
2021-12-08,Free State,0.0,15.4
2021-12-09,Free State,0.9,17.4
2021-12-10,Free State,0.0,17.5
2021-12-11,Free State,0.0,17.5
2021-12-12,Free State,0.0,17.0
2021-12-13,Free State,0.0,15.9
2021-12-14,Free State,7.3,16.8
2021-12-15,Free State,0.0,16.2
2021-12-16,Free State,0.0,14.3
2021-12-17,Free State,0.0,15.6
2021-12-18,Free State,0.0,18.0
2021-12-19,Free State,0.0,19.0
2021-12-20,Free State,8.2,17.6
2021-12-21,Free State,2.1,18.9
2021-12-22,Free State,0.0,16.6
2021-12-23,Free State,3.6,19.1
2021-12-24,Free State,0.0,19.5
2021-12-25,Free State,0.0,13.8
2021-12-26,Free State,0.0,16.7
2021-12-27,Free State,2.5,16.4
2021-12-28,Free State,0.0,15.6
2021-12-29,Free State,0.0,17.0
2021-12-30,Free State,0.0,16.3
2021-12-31,Free State,0.0,15.1
2022-01-01,Free State,10.1,16.1
2022-01-02,Free State,0.0,18.0
2022-01-03,Free State,0.0,16.4
2022-01-04,Free State,1.4,17.0
2022-01-05,Free State,1.1,15.7
2022-01-06,Free State,0.1,16.7
2022-01-07,Free State,0.0,14.2
2022-01-08,Free State,4.2,15.3
2022-01-09,Free State,0.0,15.9
2022-01-10,Free State,0.6,14.1
2022-01-11,Free State,3.0,14.8
2022-01-12,Free State,0.0,16.5
2022-01-13,Free State,3.5,16.2
2022-01-14,Free State,0.0,17.2
2022-01-15,Free State,16.4,15.1
2022-01-16,Free State,4.7,16.1
2022-01-17,Free State,0.0,15.0
2022-01-18,Free State,0.0,17.1
2022-01-19,Free State,0.0,17.8
2022-01-20,Free State,0.0,16.7
2022-01-21,Free State,0.0,17.6
2022-01-22,Free State,1.5,16.1
2022-01-23,Free State,8.8,17.3
2022-01-24,Free State,0.0,16.2
2022-01-25,Free State,0.0,14.6
2022-01-26,Free State,0.0,16.5
2022-01-27,Free State,2.5,14.6
2022-01-28,Free State,3.2,19.7
2022-01-29,Free State,0.0,15.7
2022-01-30,Free State,3.5,17.2
2022-01-31,Free State,0.0,16.2
2022-02-01,Free State,0.0,14.4
2022-02-02,Free State,1.7,13.4
2022-02-03,Free State,0.0,17.4
2022-02-04,Free State,0.0,18.7
2022-02-05,Free State,11.6,15.3
2022-02-06,Free State,0.0,13.9
2022-02-07,Free State,0.0,16.0
2022-02-08,Free State,0.0,15.1
2022-02-09,Free State,3.0,15.6
2022-02-10,Free State,0.0,17.5
2022-02-11,Free State,6.6,16.6
2022-02-12,Free State,0.6,15.4
2022-02-13,Free State,0.0,17.6
2022-02-14,Free State,3.8,17.8
2022-02-15,Free State,0.0,16.3
2022-02-16,Free State,0.0,17.1
2022-02-17,Free State,0.0,17.7
2022-02-18,Free State,0.0,17.6
2022-02-19,Free State,0.0,17.1
2022-02-20,Free State,0.0,19.3
2022-02-21,Free State,5.2,18.1
2022-02-22,Free State,3.8,16.6
2022-02-23,Free State,0.0,16.6
2022-02-24,Free State,0.0,16.5
2022-02-25,Free State,0.0,18.4
2022-02-26,Free State,0.0,16.6
2022-02-27,Free State,1.7,16.9
2022-02-28,Free State,0.0,19.2
2022-03-01,Free State,5.9,18.0
2022-03-02,Free State,0.0,19.6
2022-03-03,Free State,0.0,19.1
2022-03-04,Free State,0.0,16.2
2022-03-05,Free State,9.1,17.9
2022-03-06,Free State,3.3,19.6
2022-03-07,Free State,11.5,16.3
2022-03-08,Free State,0.0,18.9
2022-03-09,Free State,0.0,18.3
2022-03-10,Free State,1.2,15.8
2022-03-11,Free State,0.4,18.7
2022-03-12,Free State,0.0,17.3
2022-03-13,Free State,0.8,16.9
2022-03-14,Free State,0.0,18.8
2022-03-15,Free State,0.0,15.9
2022-03-16,Free State,0.0,17.9
2022-03-17,Free State,0.0,22.8
2022-03-18,Free State,0.0,20.1
2022-03-19,Free State,0.0,17.9
2022-03-20,Free State,0.0,21.4
2022-03-21,Free State,0.0,17.9
2022-03-22,Free State,0.0,18.6
2022-03-23,Free State,0.0,17.8
2022-03-24,Free State,0.0,20.0
2022-03-25,Free State,0.0,21.8
2022-03-26,Free State,3.4,18.4
2022-03-27,Free State,0.0,16.9
2022-03-28,Free State,0.0,21.7
2022-03-29,Free State,0.0,22.5
2022-03-30,Free State,0.0,17.3
2022-03-31,Free State,6.2,21.0
2022-04-01,Free State,0.0,20.8
2022-04-02,Free State,1.4,19.4
2022-04-03,Free State,0.0,18.6
2022-04-04,Free State,0.0,22.2
2022-04-05,Free State,1.4,21.1
2022-04-06,Free State,3.7,21.3
2022-04-07,Free State,0.0,20.1
2022-04-08,Free State,0.0,19.9
2022-04-09,Free State,0.0,17.6
2022-04-10,Free State,0.0,21.0
2022-04-11,Free State,0.0,23.6
2022-04-12,Free State,0.0,20.2
2022-04-13,Free State,0.0,19.4
2022-04-14,Free State,0.0,22.4
2022-04-15,Free State,0.0,22.8
2022-04-16,Free State,0.3,21.1
2022-04-17,Free State,0.0,21.6
2022-04-18,Free State,5.9,22.6
2022-04-19,Free State,0.0,22.1
2022-04-20,Free State,0.0,23.9
2022-04-21,Free State,0.0,26.1
2022-04-22,Free State,0.7,20.0
2022-04-23,Free State,0.0,24.5
2022-04-24,Free State,0.0,23.0
2022-04-25,Free State,0.0,25.0
2022-04-26,Free State,0.0,24.1
2022-04-27,Free State,0.0,23.2
2022-04-28,Free State,0.0,24.3
2022-04-29,Free State,0.0,22.7
2022-04-30,Free State,0.0,22.2
2022-05-01,Free State,0.0,24.7
2022-05-02,Free State,1.2,22.3
2022-05-03,Free State,0.0,24.7
2022-05-04,Free State,0.0,23.9
2022-05-05,Free State,0.0,20.4
2022-05-06,Free State,0.0,23.1
2022-05-07,Free State,0.0,24.6
2022-05-08,Free State,0.0,23.6
2022-05-09,Free State,0.0,20.5
2022-05-10,Free State,0.0,26.4
2022-05-11,Free State,0.0,24.7
2022-05-12,Free State,0.0,25.2
2022-05-13,Free State,0.6,24.0
2022-05-14,Free State,0.0,25.6
2022-05-15,Free State,0.0,27.6
2022-05-16,Free State,0.0,23.8
2022-05-17,Free State,0.0,27.5
2022-05-18,Free State,0.0,25.7
2022-05-19,Free State,0.0,23.9
2022-05-20,Free State,0.0,28.6
2022-05-21,Free State,0.0,26.0
2022-05-22,Free State,0.0,26.5
2022-05-23,Free State,0.0,25.1
2022-05-24,Free State,0.0,24.4
2022-05-25,Free State,0.0,26.0
2022-05-26,Free State,0.0,28.2
2022-05-27,Free State,0.0,25.4
2022-05-28,Free State,0.0,25.9
2022-05-29,Free State,0.0,28.2
2022-05-30,Free State,0.0,25.7
2022-05-31,Free State,0.0,26.9
2022-06-01,Free State,0.0,27.6
2022-06-02,Free State,0.0,26.0
2022-06-03,Free State,0.0,26.9
2022-06-04,Free State,0.0,27.5
2022-06-05,Free State,0.0,25.9
2022-06-06,Free State,0.0,27.8
2022-06-07,Free State,0.0,25.8
2022-06-08,Free State,0.0,25.7
2022-06-09,Free State,0.0,24.5
2022-06-10,Free State,0.0,26.1
2022-06-11,Free State,0.0,25.7
2022-06-12,Free State,0.0,26.4
2022-06-13,Free State,0.0,27.9
2022-06-14,Free State,0.0,24.5
2022-06-15,Free State,0.0,24.2
2022-06-16,Free State,0.0,26.1
2022-06-17,Free State,0.0,27.9
2022-06-18,Free State,0.0,27.7
2022-06-19,Free State,0.0,26.2
2022-06-20,Free State,0.0,29.1
2022-06-21,Free State,0.0,26.4
2022-06-22,Free State,0.0,28.2
2022-06-23,Free State,0.0,27.0
2022-06-24,Free State,0.0,26.3
2022-06-25,Free State,0.0,26.7
2022-06-26,Free State,0.0,28.7
2022-06-27,Free State,0.0,28.2
2022-06-28,Free State,0.0,29.2
2022-06-29,Free State,0.0,28.3
2022-06-30,Free State,0.0,25.3
2022-07-01,Free State,0.0,31.0
2022-07-02,Free State,0.0,28.4
2022-07-03,Free State,0.0,28.6
2022-07-04,Free State,0.0,27.3
2022-07-05,Free State,0.0,29.6
2022-07-06,Free State,0.0,26.3
2022-07-07,Free State,0.0,28.8
2022-07-08,Free State,0.0,24.8
2022-07-09,Free State,0.0,29.0
2022-07-10,Free State,0.0,26.3
2022-07-11,Free State,0.0,28.4
2022-07-12,Free State,0.0,30.0
2022-07-13,Free State,0.0,29.2
2022-07-14,Free State,0.0,29.8
2022-07-15,Free State,0.0,29.7
2022-07-16,Free State,0.0,27.2
2022-07-17,Free State,0.0,28.9
2022-07-18,Free State,0.0,25.4
2022-07-19,Free State,0.0,27.0
2022-07-20,Free State,0.0,30.1
2022-07-21,Free State,0.0,27.4
2022-07-22,Free State,0.0,25.2
2022-07-23,Free State,0.0,31.0
2022-07-24,Free State,0.0,28.8
2022-07-25,Free State,0.0,29.1
2022-07-26,Free State,0.0,26.4
2022-07-27,Free State,0.0,28.3
2022-07-28,Free State,0.0,28.3
2022-07-29,Free State,0.0,26.6
2022-07-30,Free State,0.0,27.6
2022-07-31,Free State,0.0,25.6
2022-08-01,Free State,0.0,27.3
2022-08-02,Free State,0.0,29.2
2022-08-03,Free State,0.0,26.6
2022-08-04,Free State,0.0,30.6
2022-08-05,Free State,0.0,25.5
2022-08-06,Free State,0.0,27.2
2022-08-07,Free State,0.0,26.6
2022-08-08,Free State,0.0,27.3
2022-08-09,Free State,0.0,29.6
2022-08-10,Free State,0.0,26.0
2022-08-11,Free State,0.0,26.8
2022-08-12,Free State,0.0,28.4
2022-08-13,Free State,0.0,27.5
2022-08-14,Free State,0.0,27.6
2022-08-15,Free State,0.0,25.8
2022-08-16,Free State,0.0,27.1
2022-08-17,Free State,0.0,28.8
2022-08-18,Free State,0.0,24.7
2022-08-19,Free State,0.0,26.0
2022-08-20,Free State,0.0,24.2
2022-08-21,Free State,0.0,27.7
2022-08-22,Free State,0.0,28.7
2022-08-23,Free State,0.0,26.5
2022-08-24,Free State,0.0,25.2
2022-08-25,Free State,0.0,25.2
2022-08-26,Free State,0.0,26.2
2022-08-27,Free State,0.0,26.1
2022-08-28,Free State,0.0,27.8
2022-08-29,Free State,0.0,25.4
2022-08-30,Free State,0.0,27.0
2022-08-31,Free State,0.0,25.8
2022-09-01,Free State,0.0,25.1
2022-09-02,Free State,0.0,25.6
2022-09-03,Free State,0.0,26.5
2022-09-04,Free State,0.0,27.3
2022-09-05,Free State,0.0,25.5
2022-09-06,Free State,0.0,24.0
2022-09-07,Free State,0.0,27.2
2022-09-08,Free State,0.0,24.3
2022-09-09,Free State,0.0,25.9
2022-09-10,Free State,0.0,25.4
2022-09-11,Free State,0.0,25.1
2022-09-12,Free State,0.0,24.6
2022-09-13,Free State,0.0,26.1
2022-09-14,Free State,0.0,19.7
2022-09-15,Free State,0.0,26.7
2022-09-16,Free State,0.0,23.6
2022-09-17,Free State,0.0,25.5
2022-09-18,Free State,0.0,25.3
2022-09-19,Free State,0.0,26.6
2022-09-20,Free State,0.0,24.9
2022-09-21,Free State,0.0,23.2
2022-09-22,Free State,0.0,22.0
2022-09-23,Free State,0.0,23.8
2022-09-24,Free State,0.0,21.3
2022-09-25,Free State,0.0,23.2
2022-09-26,Free State,0.0,23.6
2022-09-27,Free State,0.0,22.9
2022-09-28,Free State,0.0,23.9
2022-09-29,Free State,0.0,23.4
2022-09-30,Free State,0.0,23.1
2022-10-01,Free State,0.0,19.9
2022-10-02,Free State,0.0,21.5
2022-10-03,Free State,1.1,24.3
2022-10-04,Free State,0.0,24.4
2022-10-05,Free State,0.0,20.3
2022-10-06,Free State,0.0,21.8
2022-10-07,Free State,0.0,24.5
2022-10-08,Free State,0.0,21.7
2022-10-09,Free State,0.0,22.5
2022-10-10,Free State,0.0,24.8
2022-10-11,Free State,0.0,21.9
2022-10-12,Free State,0.0,21.6
2022-10-13,Free State,0.0,22.0
2022-10-14,Free State,0.0,25.0
2022-10-15,Free State,0.0,22.7
2022-10-16,Free State,0.0,22.0
2022-10-17,Free State,0.0,21.1
2022-10-18,Free State,0.0,22.6
2022-10-19,Free State,0.0,22.7
2022-10-20,Free State,0.0,20.0
2022-10-21,Free State,0.0,22.5
2022-10-22,Free State,0.0,21.1
2022-10-23,Free State,0.0,21.3
2022-10-24,Free State,0.0,19.8
2022-10-25,Free State,0.0,20.4
2022-10-26,Free State,0.0,19.4
2022-10-27,Free State,1.2,19.2
2022-10-28,Free State,0.0,21.3
2022-10-29,Free State,0.0,20.1
2022-10-30,Free State,0.0,18.6
2022-10-31,Free State,0.0,23.7
2022-11-01,Free State,0.0,18.7
2022-11-02,Free State,0.0,21.9
2022-11-03,Free State,0.0,17.9
2022-11-04,Free State,0.0,20.7
2022-11-05,Free State,0.0,19.6
2022-11-06,Free State,0.0,18.9
2022-11-07,Free State,0.0,20.1
2022-11-08,Free State,0.9,19.8
2022-11-09,Free State,0.0,18.3
2022-11-10,Free State,0.0,18.2
2022-11-11,Free State,0.0,17.0
2022-11-12,Free State,0.0,19.7
2022-11-13,Free State,0.0,17.3
2022-11-14,Free State,3.5,19.1
2022-11-15,Free State,0.0,19.9
2022-11-16,Free State,0.0,19.2
2022-11-17,Free State,0.0,17.8
2022-11-18,Free State,0.0,20.1
2022-11-19,Free State,0.0,18.1
2022-11-20,Free State,0.0,16.6
2022-11-21,Free State,3.6,18.1
2022-11-22,Free State,0.0,19.3
2022-11-23,Free State,0.0,17.3
2022-11-24,Free State,0.0,19.6
2022-11-25,Free State,6.0,17.0
2022-11-26,Free State,0.0,17.1
2022-11-27,Free State,0.0,16.4
2022-11-28,Free State,0.4,19.0
2022-11-29,Free State,0.0,17.8
2022-11-30,Free State,0.2,16.3
2022-12-01,Free State,0.0,17.1
2022-12-02,Free State,0.0,13.0
2022-12-03,Free State,7.5,18.7
2022-12-04,Free State,0.0,17.2
2022-12-05,Free State,6.3,13.8
2022-12-06,Free State,12.2,15.2
2022-12-07,Free State,0.0,16.7
2022-12-08,Free State,10.7,15.3
2022-12-09,Free State,0.0,18.4
2022-12-10,Free State,4.8,17.7
2022-12-11,Free State,0.0,17.6
2022-12-12,Free State,0.0,13.1
2022-12-13,Free State,0.0,16.2
2022-12-14,Free State,0.0,15.8
2022-12-15,Free State,0.0,15.4
2022-12-16,Free State,0.4,16.2
2022-12-17,Free State,0.0,15.0
2022-12-18,Free State,0.0,17.0
2022-12-19,Free State,0.0,17.8
2022-12-20,Free State,7.2,17.6
2022-12-21,Free State,0.0,16.3
2022-12-22,Free State,0.0,19.5
2022-12-23,Free State,1.1,18.2
2022-12-24,Free State,12.4,16.3
2022-12-25,Free State,0.0,15.7
2022-12-26,Free State,0.0,18.4
2022-12-27,Free State,0.0,17.8
2022-12-28,Free State,24.7,14.2
2022-12-29,Free State,0.0,17.9
2022-12-30,Free State,4.8,16.0
2022-12-31,Free State,0.0,14.9
2023-01-01,Free State,8.0,13.2
2023-01-02,Free State,0.0,15.7
2023-01-03,Free State,0.0,16.1
2023-01-04,Free State,0.0,18.5
2023-01-05,Free State,6.3,17.5
2023-01-06,Free State,0.0,15.2
2023-01-07,Free State,3.5,16.6
2023-01-08,Free State,0.0,17.3
2023-01-09,Free State,3.0,16.2
2023-01-10,Free State,2.0,15.1
2023-01-11,Free State,0.0,15.2
2023-01-12,Free State,4.2,16.6
2023-01-13,Free State,0.0,16.6
2023-01-14,Free State,0.0,15.6
2023-01-15,Free State,2.1,12.1
2023-01-16,Free State,0.0,14.1
2023-01-17,Free State,1.9,16.9
2023-01-18,Free State,0.0,12.8
2023-01-19,Free State,0.0,17.8
2023-01-20,Free State,0.0,17.6
2023-01-21,Free State,0.4,16.1
2023-01-22,Free State,0.0,16.9
2023-01-23,Free State,0.0,16.8
2023-01-24,Free State,1.5,15.9
2023-01-25,Free State,4.2,14.0
2023-01-26,Free State,0.0,17.6
2023-01-27,Free State,0.0,18.2
2023-01-28,Free State,0.0,14.3
2023-01-29,Free State,0.0,14.1
2023-01-30,Free State,0.0,16.0
2023-01-31,Free State,6.5,15.3
2023-02-01,Free State,0.0,16.5
2023-02-02,Free State,1.4,18.1
2023-02-03,Free State,0.0,12.9
2023-02-04,Free State,0.0,18.7
2023-02-05,Free State,0.0,15.8
2023-02-06,Free State,0.0,17.2
2023-02-07,Free State,0.0,17.4
2023-02-08,Free State,3.3,17.6
2023-02-09,Free State,0.0,16.6
2023-02-10,Free State,1.0,17.0
2023-02-11,Free State,0.0,17.1
2023-02-12,Free State,1.7,15.7
2023-02-13,Free State,8.0,14.1
2023-02-14,Free State,0.0,15.0
2023-02-15,Free State,4.1,16.7
2023-02-16,Free State,3.7,15.7
2023-02-17,Free State,0.0,15.8
2023-02-18,Free State,0.0,19.7
2023-02-19,Free State,0.0,18.3
2023-02-20,Free State,0.0,16.7
2023-02-21,Free State,0.0,18.2
2023-02-22,Free State,0.0,16.6
2023-02-23,Free State,0.3,17.5
2023-02-24,Free State,4.1,18.0
2023-02-25,Free State,0.0,16.8
2023-02-26,Free State,0.0,16.5
2023-02-27,Free State,0.0,19.4
2023-02-28,Free State,0.0,18.6
2023-03-01,Free State,0.0,14.3
2023-03-02,Free State,4.5,16.8
2023-03-03,Free State,0.0,16.7
2023-03-04,Free State,0.0,17.0
2023-03-05,Free State,0.0,19.3
2023-03-06,Free State,3.4,18.1
2023-03-07,Free State,0.0,16.1
2023-03-08,Free State,0.0,17.7
2023-03-09,Free State,0.0,19.1
2023-03-10,Free State,0.0,18.1
2023-03-11,Free State,0.0,17.5
2023-03-12,Free State,0.0,19.1
2023-03-13,Free State,0.0,21.1
2023-03-14,Free State,0.0,19.4
2023-03-15,Free State,0.0,20.8
2023-03-16,Free State,0.0,18.1
2023-03-17,Free State,0.0,19.0
2023-03-18,Free State,0.0,19.1
2023-03-19,Free State,0.0,19.4
2023-03-20,Free State,0.0,19.9
2023-03-21,Free State,1.9,18.0
2023-03-22,Free State,0.0,20.4
2023-03-23,Free State,0.0,17.1
2023-03-24,Free State,0.3,17.7
2023-03-25,Free State,0.0,23.0
2023-03-26,Free State,0.0,19.1
2023-03-27,Free State,0.0,21.0
2023-03-28,Free State,0.0,22.6
2023-03-29,Free State,0.0,16.7
2023-03-30,Free State,0.2,21.9
2023-03-31,Free State,0.0,21.3
2023-04-01,Free State,0.0,22.9
2023-04-02,Free State,4.0,18.8
2023-04-03,Free State,0.0,22.8
2023-04-04,Free State,0.0,19.6
2023-04-05,Free State,0.0,22.4
2023-04-06,Free State,0.0,20.9
2023-04-07,Free State,0.0,22.2
2023-04-08,Free State,0.0,21.2
2023-04-09,Free State,0.0,18.5
2023-04-10,Free State,0.0,16.7
2023-04-11,Free State,2.6,21.8
2023-04-12,Free State,0.0,21.2
2023-04-13,Free State,4.5,22.3
2023-04-14,Free State,0.0,21.4
2023-04-15,Free State,0.0,24.9
2023-04-16,Free State,0.0,22.3
2023-04-17,Free State,0.0,21.4
2023-04-18,Free State,0.0,22.7
2023-04-19,Free State,0.0,21.6
2023-04-20,Free State,0.0,22.5
2023-04-21,Free State,1.3,20.7
2023-04-22,Free State,0.0,22.6
2023-04-23,Free State,0.5,22.0
2023-04-24,Free State,0.0,21.1
2023-04-25,Free State,2.7,25.9
2023-04-26,Free State,0.0,21.4
2023-04-27,Free State,2.1,23.1
2023-04-28,Free State,0.0,22.0
2023-04-29,Free State,0.0,23.8
2023-04-30,Free State,0.0,21.5
2023-05-01,Free State,1.6,24.8
2023-05-02,Free State,0.0,26.7
2023-05-03,Free State,0.0,22.4
2023-05-04,Free State,0.0,25.6
2023-05-05,Free State,0.0,23.3
2023-05-06,Free State,0.0,26.3
2023-05-07,Free State,0.0,27.4
2023-05-08,Free State,0.0,23.8
2023-05-09,Free State,0.0,22.0
2023-05-10,Free State,1.6,25.8
2023-05-11,Free State,0.0,24.8
2023-05-12,Free State,0.0,25.3
2023-05-13,Free State,0.0,24.2
2023-05-14,Free State,0.0,23.4
2023-05-15,Free State,0.0,26.6
2023-05-16,Free State,0.0,25.4
2023-05-17,Free State,0.0,22.9
2023-05-18,Free State,0.0,26.1
2023-05-19,Free State,0.0,25.9
2023-05-20,Free State,0.0,24.8
2023-05-21,Free State,0.0,27.8
2023-05-22,Free State,0.0,24.5
2023-05-23,Free State,0.0,25.3
2023-05-24,Free State,0.0,26.8
2023-05-25,Free State,0.0,25.8
2023-05-26,Free State,0.0,23.7
2023-05-27,Free State,0.0,26.1
2023-05-28,Free State,0.0,25.3
2023-05-29,Free State,0.0,27.3
2023-05-30,Free State,0.0,26.3
2023-05-31,Free State,0.0,26.3
2023-06-01,Free State,0.0,24.7
2023-06-02,Free State,0.0,26.0
2023-06-03,Free State,0.0,27.9
2023-06-04,Free State,0.0,25.3
2023-06-05,Free State,0.0,26.5
2023-06-06,Free State,0.0,25.2
2023-06-07,Free State,0.0,24.9
2023-06-08,Free State,0.0,26.6
2023-06-09,Free State,0.0,27.1
2023-06-10,Free State,0.0,29.8
2023-06-11,Free State,0.0,26.2
2023-06-12,Free State,0.0,26.9
2023-06-13,Free State,0.0,25.2
2023-06-14,Free State,0.0,28.0
2023-06-15,Free State,0.0,27.7
2023-06-16,Free State,0.0,29.4
2023-06-17,Free State,0.0,28.9
2023-06-18,Free State,0.0,27.8
2023-06-19,Free State,0.0,26.6
2023-06-20,Free State,0.0,27.7
2023-06-21,Free State,0.0,27.3
2023-06-22,Free State,0.0,28.9
2023-06-23,Free State,0.0,28.8
2023-06-24,Free State,0.0,27.1
2023-06-25,Free State,0.0,25.4
2023-06-26,Free State,0.0,29.6
2023-06-27,Free State,0.0,28.5
2023-06-28,Free State,0.0,27.2
2023-06-29,Free State,0.0,28.5
2023-06-30,Free State,0.0,27.9
2023-07-01,Free State,0.0,29.8
2023-07-02,Free State,0.0,24.9
2023-07-03,Free State,0.0,27.2
2023-07-04,Free State,0.0,30.3
2023-07-05,Free State,0.0,28.7
2023-07-06,Free State,0.0,30.6
2023-07-07,Free State,0.0,26.1
2023-07-08,Free State,0.0,29.5
2023-07-09,Free State,0.0,29.5
2023-07-10,Free State,0.0,25.4
2023-07-11,Free State,0.0,27.5
2023-07-12,Free State,0.0,27.8
2023-07-13,Free State,0.0,25.6
2023-07-14,Free State,0.0,27.6
2023-07-15,Free State,0.0,29.3
2023-07-16,Free State,0.0,27.4
2023-07-17,Free State,0.0,28.4
2023-07-18,Free State,0.0,28.4
2023-07-19,Free State,0.0,28.0
2023-07-20,Free State,0.0,26.9
2023-07-21,Free State,0.0,29.0
2023-07-22,Free State,0.0,25.6
2023-07-23,Free State,0.0,28.0
2023-07-24,Free State,0.0,30.0
2023-07-25,Free State,0.0,27.3
2023-07-26,Free State,0.0,26.8
2023-07-27,Free State,0.0,29.0
2023-07-28,Free State,0.0,28.1
2023-07-29,Free State,0.0,29.0
2023-07-30,Free State,0.0,27.9
2023-07-31,Free State,0.0,24.2
2023-08-01,Free State,0.0,29.6
2023-08-02,Free State,0.0,30.9
2023-08-03,Free State,0.0,29.7
2023-08-04,Free State,0.0,22.4
2023-08-05,Free State,0.0,28.3
2023-08-06,Free State,0.0,26.9
2023-08-07,Free State,0.0,26.0
2023-08-08,Free State,0.0,27.7
2023-08-09,Free State,0.0,27.3
2023-08-10,Free State,0.0,28.2
2023-08-11,Free State,0.0,27.5
2023-08-12,Free State,0.0,25.7
2023-08-13,Free State,0.0,26.5
2023-08-14,Free State,0.0,26.2
2023-08-15,Free State,0.0,24.7
2023-08-16,Free State,0.0,25.1
2023-08-17,Free State,0.0,26.8
2023-08-18,Free State,0.0,29.2
2023-08-19,Free State,0.0,26.2
2023-08-20,Free State,0.0,25.8
2023-08-21,Free State,0.0,25.1
2023-08-22,Free State,0.0,26.9
2023-08-23,Free State,0.0,28.6
2023-08-24,Free State,0.0,29.7
2023-08-25,Free State,0.0,27.1
2023-08-26,Free State,0.0,26.8
2023-08-27,Free State,0.0,25.7
2023-08-28,Free State,0.0,25.9
2023-08-29,Free State,0.0,27.3
2023-08-30,Free State,0.0,25.9
2023-08-31,Free State,0.0,26.0
2023-09-01,Free State,0.0,26.1
2023-09-02,Free State,0.0,25.2
2023-09-03,Free State,0.0,25.9
2023-09-04,Free State,0.0,22.9
2023-09-05,Free State,0.0,26.7
2023-09-06,Free State,0.0,29.3
2023-09-07,Free State,0.0,24.9
2023-09-08,Free State,0.0,26.2
2023-09-09,Free State,0.0,26.8
2023-09-10,Free State,0.0,27.4
2023-09-11,Free State,0.0,25.0
2023-09-12,Free State,0.0,22.6
2023-09-13,Free State,0.0,25.6
2023-09-14,Free State,0.0,25.3
2023-09-15,Free State,0.0,24.5
2023-09-16,Free State,0.0,24.7
2023-09-17,Free State,0.0,25.1
2023-09-18,Free State,0.0,25.3
2023-09-19,Free State,0.0,25.1
2023-09-20,Free State,0.0,24.2
2023-09-21,Free State,0.0,25.1
2023-09-22,Free State,0.0,24.0
2023-09-23,Free State,0.0,25.3
2023-09-24,Free State,0.0,23.3
2023-09-25,Free State,0.0,24.2
2023-09-26,Free State,0.0,21.6
2023-09-27,Free State,0.0,23.3
2023-09-28,Free State,0.0,24.7
2023-09-29,Free State,0.0,22.2
2023-09-30,Free State,0.0,23.1
2023-10-01,Free State,0.0,19.9
2023-10-02,Free State,0.0,21.4
2023-10-03,Free State,0.0,21.6
2023-10-04,Free State,0.0,23.4
2023-10-05,Free State,0.0,23.6
2023-10-06,Free State,0.0,22.9
2023-10-07,Free State,0.0,22.3
2023-10-08,Free State,0.0,22.2
2023-10-09,Free State,0.0,23.8
2023-10-10,Free State,0.0,22.9
2023-10-11,Free State,1.1,22.0
2023-10-12,Free State,0.0,24.3
2023-10-13,Free State,0.0,25.2
2023-10-14,Free State,0.0,20.3
2023-10-15,Free State,0.0,22.9
2023-10-16,Free State,0.0,26.6
2023-10-17,Free State,0.0,22.3
2023-10-18,Free State,0.0,21.9
2023-10-19,Free State,0.0,21.6
2023-10-20,Free State,0.0,22.3
2023-10-21,Free State,0.0,22.6
2023-10-22,Free State,0.0,19.5
2023-10-23,Free State,0.0,21.2
2023-10-24,Free State,0.0,17.7
2023-10-25,Free State,0.0,20.7
2023-10-26,Free State,0.0,19.6
2023-10-27,Free State,0.0,21.4
2023-10-28,Free State,0.0,18.3
2023-10-29,Free State,0.0,19.9
2023-10-30,Free State,0.0,22.0
2023-10-31,Free State,0.0,19.4
2023-11-01,Free State,2.4,17.5
2023-11-02,Free State,0.0,20.6
2023-11-03,Free State,0.0,19.3
2023-11-04,Free State,0.0,19.8
2023-11-05,Free State,0.6,18.9
2023-11-06,Free State,0.0,22.8
2023-11-07,Free State,0.0,17.4
2023-11-08,Free State,0.0,23.9
2023-11-09,Free State,0.0,19.0
2023-11-10,Free State,0.0,19.7
2023-11-11,Free State,0.0,18.5
2023-11-12,Free State,0.0,18.4
2023-11-13,Free State,0.0,18.0
2023-11-14,Free State,11.7,20.0
2023-11-15,Free State,0.0,16.9
2023-11-16,Free State,4.2,19.5
2023-11-17,Free State,0.0,15.6
2023-11-18,Free State,0.0,19.2
2023-11-19,Free State,0.0,19.9
2023-11-20,Free State,0.0,16.7
2023-11-21,Free State,0.0,19.5
2023-11-22,Free State,0.0,18.5
2023-11-23,Free State,0.0,20.7
2023-11-24,Free State,0.0,17.0
2023-11-25,Free State,0.0,22.4
2023-11-26,Free State,0.0,14.5
2023-11-27,Free State,0.0,17.5
2023-11-28,Free State,0.0,15.4
2023-11-29,Free State,0.0,20.6
2023-11-30,Free State,0.0,17.4
2023-12-01,Free State,0.0,17.5
2023-12-02,Free State,0.0,18.3
2023-12-03,Free State,0.2,17.6
2023-12-04,Free State,0.0,16.6
2023-12-05,Free State,0.0,15.5
2023-12-06,Free State,0.0,17.6
2023-12-07,Free State,0.3,17.9
2023-12-08,Free State,4.8,18.3
2023-12-09,Free State,11.3,20.0
2023-12-10,Free State,0.0,13.9
2023-12-11,Free State,0.0,17.0
2023-12-12,Free State,0.0,18.8
2023-12-13,Free State,0.0,16.8
2023-12-14,Free State,0.0,13.4
2023-12-15,Free State,0.0,14.9
2023-12-16,Free State,0.0,17.3
2023-12-17,Free State,0.0,17.2
2023-12-18,Free State,4.0,17.7
2023-12-19,Free State,0.0,15.5
2023-12-20,Free State,0.0,17.0
2023-12-21,Free State,0.0,15.1
2023-12-22,Free State,0.0,16.9
2023-12-23,Free State,0.0,16.5
2023-12-24,Free State,4.8,15.2
2023-12-25,Free State,0.0,18.7
2023-12-26,Free State,0.0,13.8
2023-12-27,Free State,0.0,16.1
2023-12-28,Free State,0.0,15.0
2023-12-29,Free State,0.0,19.0
2023-12-30,Free State,0.0,17.1
2023-12-31,Free State,3.8,15.2
2024-01-01,Free State,0.0,15.8
2024-01-02,Free State,3.8,18.9
2024-01-03,Free State,8.7,14.7
2024-01-04,Free State,0.0,13.5
2024-01-05,Free State,0.0,16.5
2024-01-06,Free State,5.5,16.5
2024-01-07,Free State,0.0,17.1
2024-01-08,Free State,0.0,17.1
2024-01-09,Free State,0.0,18.7
2024-01-10,Free State,0.0,13.4
2024-01-11,Free State,3.0,14.2
2024-01-12,Free State,7.9,17.0
2024-01-13,Free State,0.0,14.3
2024-01-14,Free State,0.0,13.8
2024-01-15,Free State,11.9,18.8
2024-01-16,Free State,0.0,13.6
2024-01-17,Free State,3.9,15.5
2024-01-18,Free State,9.3,15.9
2024-01-19,Free State,0.0,18.0
2024-01-20,Free State,0.0,13.2
2024-01-21,Free State,0.0,16.7
2024-01-22,Free State,0.0,14.7
2024-01-23,Free State,0.0,17.0
2024-01-24,Free State,2.9,14.7
2024-01-25,Free State,0.0,18.4
2024-01-26,Free State,0.0,14.8
2024-01-27,Free State,0.0,12.4
2024-01-28,Free State,0.0,15.0
2024-01-29,Free State,0.0,15.8
2024-01-30,Free State,0.0,17.8
2024-01-31,Free State,0.0,14.3
2024-02-01,Free State,15.2,14.4
2024-02-02,Free State,4.4,17.7
2024-02-03,Free State,0.0,14.3
2024-02-04,Free State,5.6,16.1
2024-02-05,Free State,0.0,16.1
2024-02-06,Free State,0.0,16.8
2024-02-07,Free State,3.0,15.3
2024-02-08,Free State,2.2,15.1
2024-02-09,Free State,0.0,17.0
2024-02-10,Free State,2.0,15.2
2024-02-11,Free State,0.0,14.6
2024-02-12,Free State,0.0,18.5
2024-02-13,Free State,0.0,17.5
2024-02-14,Free State,0.0,19.4
2024-02-15,Free State,0.0,18.0
2024-02-16,Free State,0.0,15.0
2024-02-17,Free State,0.0,17.1
2024-02-18,Free State,0.0,15.5
2024-02-19,Free State,0.0,14.6
2024-02-20,Free State,0.0,16.4
2024-02-21,Free State,0.0,18.6
2024-02-22,Free State,0.0,17.7
2024-02-23,Free State,0.0,15.2
2024-02-24,Free State,0.0,16.6
2024-02-25,Free State,0.0,17.2
2024-02-26,Free State,0.0,15.0
2024-02-27,Free State,0.0,18.6
2024-02-28,Free State,0.0,17.3
2024-02-29,Free State,0.0,15.6
2024-03-01,Free State,0.0,15.6
2024-03-02,Free State,0.0,19.5
2024-03-03,Free State,0.0,17.4
2024-03-04,Free State,0.0,19.8
2024-03-05,Free State,6.6,20.4
2024-03-06,Free State,0.0,19.7
2024-03-07,Free State,17.7,17.4
2024-03-08,Free State,0.0,14.6
2024-03-09,Free State,0.0,18.9
2024-03-10,Free State,0.0,21.6
2024-03-11,Free State,0.0,18.5
2024-03-12,Free State,0.0,15.7
2024-03-13,Free State,0.0,17.7
2024-03-14,Free State,15.6,18.6
2024-03-15,Free State,10.3,17.3
2024-03-16,Free State,0.0,15.2
2024-03-17,Free State,0.0,19.0
2024-03-18,Free State,0.0,18.0
2024-03-19,Free State,1.0,21.9
2024-03-20,Free State,0.0,19.5
2024-03-21,Free State,0.0,20.2
2024-03-22,Free State,0.0,19.4
2024-03-23,Free State,2.8,19.8
2024-03-24,Free State,0.0,17.3
2024-03-25,Free State,0.0,18.3
2024-03-26,Free State,0.0,21.6
2024-03-27,Free State,0.0,20.4
2024-03-28,Free State,0.0,19.5
2024-03-29,Free State,0.0,21.0
2024-03-30,Free State,0.0,21.1
2024-03-31,Free State,0.0,23.4
2024-04-01,Free State,0.0,20.8
2024-04-02,Free State,0.0,19.0
2024-04-03,Free State,0.0,20.6
2024-04-04,Free State,0.0,21.8
2024-04-05,Free State,0.4,22.4
2024-04-06,Free State,0.0,18.6
2024-04-07,Free State,0.0,21.5
2024-04-08,Free State,0.0,19.9
2024-04-09,Free State,3.4,20.5
2024-04-10,Free State,0.0,22.7
2024-04-11,Free State,0.0,22.7
2024-04-12,Free State,0.0,20.6
2024-04-13,Free State,0.0,21.5
2024-04-14,Free State,0.0,21.1
2024-04-15,Free State,0.0,26.3
2024-04-16,Free State,0.0,22.5
2024-04-17,Free State,3.4,20.9
2024-04-18,Free State,0.0,24.3
2024-04-19,Free State,0.0,24.4
2024-04-20,Free State,0.0,25.2
2024-04-21,Free State,0.0,25.7
2024-04-22,Free State,0.0,23.8
2024-04-23,Free State,0.0,22.3
2024-04-24,Free State,0.0,22.6
2024-04-25,Free State,0.0,22.6
2024-04-26,Free State,0.0,22.5
2024-04-27,Free State,0.0,25.1
2024-04-28,Free State,0.0,23.3
2024-04-29,Free State,0.0,24.9
2024-04-30,Free State,0.0,24.5
2024-05-01,Free State,0.0,22.0
2024-05-02,Free State,0.0,21.1
2024-05-03,Free State,0.0,21.9
2024-05-04,Free State,0.0,23.3
2024-05-05,Free State,0.0,24.2
2024-05-06,Free State,0.0,23.1
2024-05-07,Free State,0.0,25.2
2024-05-08,Free State,0.0,23.5
2024-05-09,Free State,0.0,24.8
2024-05-10,Free State,0.0,24.7
2024-05-11,Free State,0.0,27.2
2024-05-12,Free State,0.0,23.2
2024-05-13,Free State,0.0,28.1
2024-05-14,Free State,0.0,24.0
2024-05-15,Free State,0.0,22.9
2024-05-16,Free State,0.0,24.7
2024-05-17,Free State,0.0,30.0
2024-05-18,Free State,0.0,26.5
2024-05-19,Free State,0.0,26.2
2024-05-20,Free State,0.0,26.6
2024-05-21,Free State,0.0,24.3
2024-05-22,Free State,0.0,26.0
2024-05-23,Free State,0.0,25.6
2024-05-24,Free State,0.0,28.4
2024-05-25,Free State,0.0,25.6
2024-05-26,Free State,0.0,25.3
2024-05-27,Free State,0.0,24.2
2024-05-28,Free State,0.0,26.2
2024-05-29,Free State,0.0,26.5
2024-05-30,Free State,0.0,24.4
2024-05-31,Free State,0.0,26.9
2024-06-01,Free State,0.0,26.7
2024-06-02,Free State,0.0,27.9
2024-06-03,Free State,0.0,28.3
2024-06-04,Free State,0.0,26.7
2024-06-05,Free State,0.0,25.0
2024-06-06,Free State,0.0,25.4
2024-06-07,Free State,0.0,29.4
2024-06-08,Free State,0.0,27.0
2024-06-09,Free State,0.0,29.5
2024-06-10,Free State,0.0,27.7
2024-06-11,Free State,0.0,28.1
2024-06-12,Free State,0.0,28.4
2024-06-13,Free State,0.0,25.3
2024-06-14,Free State,0.0,27.6
2024-06-15,Free State,0.0,25.3
2024-06-16,Free State,0.0,26.8
2024-06-17,Free State,0.0,28.3
2024-06-18,Free State,0.0,25.8
2024-06-19,Free State,0.0,28.2
2024-06-20,Free State,0.0,25.2
2024-06-21,Free State,0.0,29.2
2024-06-22,Free State,0.0,26.5
2024-06-23,Free State,0.0,26.0
2024-06-24,Free State,0.0,25.4
2024-06-25,Free State,0.0,26.8
2024-06-26,Free State,0.0,24.8
2024-06-27,Free State,0.0,26.9
2024-06-28,Free State,0.0,29.4
2024-06-29,Free State,0.0,27.5
2024-06-30,Free State,0.0,26.0
2024-07-01,Free State,0.0,28.2
2024-07-02,Free State,0.0,28.0
2024-07-03,Free State,0.0,30.8
2024-07-04,Free State,0.0,29.1
2024-07-05,Free State,0.0,28.4
2024-07-06,Free State,0.0,29.3
2024-07-07,Free State,0.0,27.7
2024-07-08,Free State,0.0,27.8
2024-07-09,Free State,0.0,30.5
2024-07-10,Free State,0.0,25.5
2024-07-11,Free State,0.0,29.4
2024-07-12,Free State,0.0,27.8
2024-07-13,Free State,0.0,27.6
2024-07-14,Free State,0.0,27.2
2024-07-15,Free State,0.0,28.2
2024-07-16,Free State,0.0,27.9
2024-07-17,Free State,0.0,27.4
2024-07-18,Free State,0.0,26.9
2024-07-19,Free State,0.0,25.1
2024-07-20,Free State,0.0,26.9
2024-07-21,Free State,0.0,27.2
2024-07-22,Free State,0.0,28.2
2024-07-23,Free State,0.0,30.9
2024-07-24,Free State,0.0,27.0
2024-07-25,Free State,0.0,26.4
2024-07-26,Free State,0.0,26.8
2024-07-27,Free State,0.0,28.1
2024-07-28,Free State,0.0,28.7
2024-07-29,Free State,0.0,28.9
2024-07-30,Free State,0.0,29.1
2024-07-31,Free State,0.0,29.2
2024-08-01,Free State,0.0,27.3
2024-08-02,Free State,0.0,30.8
2024-08-03,Free State,0.0,27.2
2024-08-04,Free State,0.0,27.8
2024-08-05,Free State,0.0,29.6
2024-08-06,Free State,0.0,28.4
2024-08-07,Free State,0.0,24.2
2024-08-08,Free State,0.0,27.5
2024-08-09,Free State,0.0,28.8
2024-08-10,Free State,0.0,25.4
2024-08-11,Free State,0.0,28.5
2024-08-12,Free State,0.0,27.9
2024-08-13,Free State,0.0,29.1
2024-08-14,Free State,0.0,26.2
2024-08-15,Free State,0.0,28.7
2024-08-16,Free State,0.0,27.4
2024-08-17,Free State,0.0,29.7
2024-08-18,Free State,0.0,31.2
2024-08-19,Free State,0.0,29.3
2024-08-20,Free State,0.0,27.6
2024-08-21,Free State,0.0,30.3
2024-08-22,Free State,0.0,27.7
2024-08-23,Free State,0.0,25.4
2024-08-24,Free State,0.0,26.6
2024-08-25,Free State,0.0,27.7
2024-08-26,Free State,0.0,27.8
2024-08-27,Free State,0.0,24.8
2024-08-28,Free State,0.0,24.8
2024-08-29,Free State,0.0,25.8
2024-08-30,Free State,0.0,27.1
2024-08-31,Free State,0.0,27.2
2024-09-01,Free State,0.0,26.3
2024-09-02,Free State,0.0,24.8
2024-09-03,Free State,0.0,28.6
2024-09-04,Free State,0.0,24.3
2024-09-05,Free State,0.0,27.7
2024-09-06,Free State,0.0,26.8
2024-09-07,Free State,0.0,27.6
2024-09-08,Free State,0.0,24.9
2024-09-09,Free State,0.0,25.2
2024-09-10,Free State,0.0,25.5
2024-09-11,Free State,0.0,24.6
2024-09-12,Free State,0.0,25.5
2024-09-13,Free State,0.0,27.5
2024-09-14,Free State,0.0,23.1
2024-09-15,Free State,0.0,24.0
2024-09-16,Free State,0.0,23.7
2024-09-17,Free State,0.0,24.6
2024-09-18,Free State,0.0,24.5
2024-09-19,Free State,0.0,25.7
2024-09-20,Free State,0.0,24.5
2024-09-21,Free State,0.0,24.8
2024-09-22,Free State,0.0,24.9
2024-09-23,Free State,0.0,24.6
2024-09-24,Free State,0.0,25.2
2024-09-25,Free State,0.0,23.8
2024-09-26,Free State,0.0,26.4
2024-09-27,Free State,0.0,27.6
2024-09-28,Free State,0.0,24.8
2024-09-29,Free State,0.0,23.9
2024-09-30,Free State,0.0,24.4
2024-10-01,Free State,0.0,21.8
2024-10-02,Free State,0.0,23.6
2024-10-03,Free State,0.0,22.1
2024-10-04,Free State,0.0,23.9
2024-10-05,Free State,0.0,21.9
2024-10-06,Free State,0.0,22.4
2024-10-07,Free State,0.0,20.0
2024-10-08,Free State,0.0,20.9
2024-10-09,Free State,0.0,23.1
2024-10-10,Free State,0.0,21.2
2024-10-11,Free State,0.0,24.0
2024-10-12,Free State,0.0,20.9
2024-10-13,Free State,0.0,22.9
2024-10-14,Free State,0.0,20.9
2024-10-15,Free State,0.0,22.6
2024-10-16,Free State,0.0,19.6
2024-10-17,Free State,0.0,21.1
2024-10-18,Free State,0.0,20.4
2024-10-19,Free State,0.0,22.9
2024-10-20,Free State,0.0,22.2
2024-10-21,Free State,0.0,19.5
2024-10-22,Free State,0.0,20.9
2024-10-23,Free State,0.0,20.0
2024-10-24,Free State,0.0,22.5
2024-10-25,Free State,0.0,22.9
2024-10-26,Free State,0.0,18.7
2024-10-27,Free State,0.0,22.0
2024-10-28,Free State,0.0,19.4
2024-10-29,Free State,0.0,20.2
2024-10-30,Free State,0.0,20.5
2024-10-31,Free State,0.0,23.1
2024-11-01,Free State,0.0,18.7
2024-11-02,Free State,0.0,21.4
2024-11-03,Free State,0.0,18.3
2024-11-04,Free State,0.0,18.1
2024-11-05,Free State,0.0,19.9
2024-11-06,Free State,0.0,19.8
2024-11-07,Free State,0.0,15.4
2024-11-08,Free State,0.0,21.3
2024-11-09,Free State,0.0,16.3
2024-11-10,Free State,0.0,19.2
2024-11-11,Free State,0.0,21.3
2024-11-12,Free State,0.0,22.5
2024-11-13,Free State,0.0,18.6
2024-11-14,Free State,0.5,16.9
2024-11-15,Free State,0.0,20.9
2024-11-16,Free State,0.0,20.1
2024-11-17,Free State,0.8,18.0
2024-11-18,Free State,0.0,17.7
2024-11-19,Free State,0.0,17.5
2024-11-20,Free State,0.0,18.0
2024-11-21,Free State,0.0,18.9
2024-11-22,Free State,0.0,17.5
2024-11-23,Free State,0.0,17.6
2024-11-24,Free State,11.3,19.1
2024-11-25,Free State,0.0,15.9
2024-11-26,Free State,0.0,17.4
2024-11-27,Free State,0.0,15.4
2024-11-28,Free State,0.0,18.0
2024-11-29,Free State,0.0,14.9
2024-11-30,Free State,0.0,19.0
2024-12-01,Free State,0.0,15.7
2024-12-02,Free State,0.0,14.9
2024-12-03,Free State,0.0,17.0
2024-12-04,Free State,0.0,20.0
2024-12-05,Free State,0.0,18.4
2024-12-06,Free State,0.0,14.4
2024-12-07,Free State,0.0,15.2
2024-12-08,Free State,0.0,16.6
2024-12-09,Free State,0.0,20.5
2024-12-10,Free State,0.0,15.6
2024-12-11,Free State,0.0,15.6
2024-12-12,Free State,0.0,19.2
2024-12-13,Free State,0.0,17.2
2024-12-14,Free State,0.0,18.4
2024-12-15,Free State,0.0,15.7
2024-12-16,Free State,3.8,16.6
2024-12-17,Free State,0.0,18.7
2024-12-18,Free State,0.0,16.4
2024-12-19,Free State,0.0,18.3
2024-12-20,Free State,0.0,17.1
2024-12-21,Free State,0.0,14.9
2024-12-22,Free State,0.0,16.4
2024-12-23,Free State,0.0,17.9
2024-12-24,Free State,0.0,17.4
2024-12-25,Free State,3.3,16.3
2024-12-26,Free State,0.0,13.5
2024-12-27,Free State,0.0,13.6
2024-12-28,Free State,0.0,13.9
2024-12-29,Free State,4.0,15.5
2024-12-30,Free State,0.0,15.6
2024-12-31,Free State,5.9,14.0
2025-01-01,Free State,0.0,17.7
2025-01-02,Free State,9.3,14.3
2025-01-03,Free State,0.0,14.1
2025-01-04,Free State,0.0,16.2
2025-01-05,Free State,0.0,17.5
2025-01-06,Free State,0.0,19.2
2025-01-07,Free State,0.0,16.9
2025-01-08,Free State,0.0,18.4
2025-01-09,Free State,0.0,14.2
2025-01-10,Free State,0.0,19.3
2025-01-11,Free State,0.0,13.2
2025-01-12,Free State,0.0,15.3
2025-01-13,Free State,1.2,16.8
2025-01-14,Free State,2.3,13.6
2025-01-15,Free State,0.0,14.6
2025-01-16,Free State,0.0,14.4
2025-01-17,Free State,0.0,15.5
2025-01-18,Free State,0.0,18.1
2025-01-19,Free State,0.0,16.0
2025-01-20,Free State,0.0,15.3
2025-01-21,Free State,7.0,11.7
2025-01-22,Free State,0.0,16.7
2025-01-23,Free State,0.0,17.2
2025-01-24,Free State,0.0,13.5
2025-01-25,Free State,0.0,16.0
2025-01-26,Free State,14.3,16.4
2025-01-27,Free State,0.0,17.6
2025-01-28,Free State,0.0,15.1
2025-01-29,Free State,0.0,14.9
2025-01-30,Free State,0.0,15.5
2025-01-31,Free State,10.5,18.2
2025-02-01,Free State,5.6,17.8
2025-02-02,Free State,1.1,16.3
2025-02-03,Free State,0.0,17.8
2025-02-04,Free State,0.0,12.8
2025-02-05,Free State,0.0,17.6
2025-02-06,Free State,0.0,14.7
2025-02-07,Free State,2.1,19.1
2025-02-08,Free State,0.0,14.9
2025-02-09,Free State,0.0,15.3
2025-02-10,Free State,0.0,17.4
2025-02-11,Free State,0.0,17.6
2025-02-12,Free State,1.8,16.0
2025-02-13,Free State,0.0,17.3
2025-02-14,Free State,0.9,17.5
2025-02-15,Free State,0.0,17.4
2025-02-16,Free State,0.0,16.3
2025-02-17,Free State,0.0,17.7
2025-02-18,Free State,0.0,19.1
2025-02-19,Free State,0.0,15.2
2025-02-20,Free State,0.0,15.9
2025-02-21,Free State,0.0,17.2
2025-02-22,Free State,0.1,15.7
2025-02-23,Free State,0.0,14.6
2025-02-24,Free State,5.0,19.0
2025-02-25,Free State,0.0,14.1
2025-02-26,Free State,0.0,16.9
2025-02-27,Free State,0.0,18.7
2025-02-28,Free State,0.0,18.0
2025-03-01,Free State,4.3,17.1
2025-03-02,Free State,0.0,16.1
2025-03-03,Free State,3.1,18.4
2025-03-04,Free State,0.8,16.5
2025-03-05,Free State,0.0,18.4
2025-03-06,Free State,0.0,18.3
2025-03-07,Free State,2.6,18.4
2025-03-08,Free State,0.0,17.3
2025-03-09,Free State,0.0,21.4
2025-03-10,Free State,0.0,18.9
2025-03-11,Free State,0.2,18.1
2025-03-12,Free State,0.0,19.0
2025-03-13,Free State,0.0,17.5
2025-03-14,Free State,0.0,18.2
2025-03-15,Free State,0.0,22.4
2025-03-16,Free State,3.6,17.8
2025-03-17,Free State,10.5,18.9
2025-03-18,Free State,0.0,18.4
2025-03-19,Free State,14.6,17.6
2025-03-20,Free State,0.0,19.9
2025-03-21,Free State,0.0,19.4
2025-03-22,Free State,9.5,20.8
2025-03-23,Free State,0.0,20.8
2025-03-24,Free State,0.0,21.0
2025-03-25,Free State,0.0,18.4
2025-03-26,Free State,0.0,20.8
2025-03-27,Free State,0.0,20.9
2025-03-28,Free State,0.0,18.5
2025-03-29,Free State,0.0,19.7
2025-03-30,Free State,0.0,18.1
2025-03-31,Free State,0.0,21.3
2025-04-01,Free State,0.0,21.4
2025-04-02,Free State,0.0,22.7
2025-04-03,Free State,0.0,20.3
2025-04-04,Free State,0.0,21.4
2025-04-05,Free State,0.0,22.3
2025-04-06,Free State,0.0,19.8
2025-04-07,Free State,0.0,19.7
2025-04-08,Free State,0.0,20.1
2025-04-09,Free State,0.0,20.7
2025-04-10,Free State,0.0,20.0
2025-04-11,Free State,2.0,20.4
2025-04-12,Free State,0.0,22.9
2025-04-13,Free State,0.0,21.5
2025-04-14,Free State,0.0,22.2
2025-04-15,Free State,0.0,21.0
2025-04-16,Free State,0.0,21.0
2025-04-17,Free State,0.0,22.5
2025-04-18,Free State,0.0,22.4
2025-04-19,Free State,0.0,23.5
2025-04-20,Free State,0.0,24.3
2025-04-21,Free State,0.0,21.5
2025-04-22,Free State,0.0,23.9
2025-04-23,Free State,0.0,21.1
2025-04-24,Free State,0.0,25.9
2025-04-25,Free State,1.9,21.7
2025-04-26,Free State,0.0,24.0
2025-04-27,Free State,0.0,21.5
2025-04-28,Free State,0.0,23.0
2025-04-29,Free State,0.0,25.6
2025-04-30,Free State,0.0,22.2
2025-05-01,Free State,0.0,26.8
2025-05-02,Free State,0.0,23.6
2025-05-03,Free State,0.0,25.2
2025-05-04,Free State,0.0,24.4
2025-05-05,Free State,0.0,24.6
2025-05-06,Free State,0.0,21.9
2025-05-07,Free State,0.0,23.4
2025-05-08,Free State,0.0,26.0
2025-05-09,Free State,0.0,23.8
2025-05-10,Free State,0.0,24.6
2025-05-11,Free State,0.0,22.2
2025-05-12,Free State,0.0,23.8
2025-05-13,Free State,0.0,26.4
2025-05-14,Free State,0.0,22.8
2025-05-15,Free State,0.0,25.9
2025-05-16,Free State,0.0,25.2
2025-05-17,Free State,0.0,24.7
2025-05-18,Free State,0.0,24.7
2025-05-19,Free State,0.0,24.5
2025-05-20,Free State,0.0,24.7
2025-05-21,Free State,0.0,26.8
2025-05-22,Free State,0.0,24.8
2025-05-23,Free State,0.0,28.3
2025-05-24,Free State,0.0,26.1
2025-05-25,Free State,0.0,24.8
2025-05-26,Free State,0.0,27.3
2025-05-27,Free State,0.0,26.8
2025-05-28,Free State,0.0,23.5
2025-05-29,Free State,0.0,24.5
2025-05-30,Free State,0.0,25.9
2025-05-31,Free State,0.0,23.8
2025-06-01,Free State,0.0,29.4
2025-06-02,Free State,0.0,27.6
2025-06-03,Free State,0.0,26.4
2025-06-04,Free State,0.0,26.0
2025-06-05,Free State,0.0,25.6
2025-06-06,Free State,0.0,23.7
2025-06-07,Free State,0.0,24.1
2025-06-08,Free State,0.0,29.6
2025-06-09,Free State,0.0,29.2
2025-06-10,Free State,0.0,26.0
2025-06-11,Free State,0.0,28.3
2025-06-12,Free State,0.0,27.7
2025-06-13,Free State,0.0,28.0
2025-06-14,Free State,0.0,24.9
2025-06-15,Free State,0.0,24.4
2025-06-16,Free State,0.0,29.0
2025-06-17,Free State,0.0,24.3
2025-06-18,Free State,0.0,27.1
2025-06-19,Free State,0.0,26.8
2025-06-20,Free State,0.0,26.7
2025-06-21,Free State,0.0,27.9
2025-06-22,Free State,0.0,26.5
2025-06-23,Free State,0.0,28.1
2025-06-24,Free State,0.0,27.8
2025-06-25,Free State,0.0,30.7
2025-06-26,Free State,0.0,25.6
2025-06-27,Free State,0.0,27.7
2025-06-28,Free State,0.0,28.3
2025-06-29,Free State,0.0,27.3
2025-06-30,Free State,0.0,25.8
2025-07-01,Free State,0.0,29.7
2025-07-02,Free State,0.0,28.3
2025-07-03,Free State,0.0,25.9
2025-07-04,Free State,0.0,28.5
2025-07-05,Free State,0.0,30.4
2025-07-06,Free State,0.0,27.8
2025-07-07,Free State,0.0,27.9
2025-07-08,Free State,0.0,30.3
2025-07-09,Free State,0.0,26.5
2025-07-10,Free State,0.0,30.6
2025-07-11,Free State,0.0,29.4
2025-07-12,Free State,0.0,26.6
2025-07-13,Free State,0.0,27.0
2025-07-14,Free State,0.0,27.2
2025-07-15,Free State,0.0,25.2
2025-07-16,Free State,0.0,28.4
2025-07-17,Free State,0.0,26.7
2025-07-18,Free State,0.0,28.4
2025-07-19,Free State,0.0,26.1
2025-07-20,Free State,0.0,29.4
2025-07-21,Free State,0.0,29.1
2025-07-22,Free State,0.0,26.9
2025-07-23,Free State,0.0,28.5
2025-07-24,Free State,0.0,28.1
2025-07-25,Free State,0.0,30.2
2025-07-26,Free State,0.0,26.4
2025-07-27,Free State,0.0,27.7
2025-07-28,Free State,0.0,26.9
2025-07-29,Free State,0.0,27.9
2025-07-30,Free State,0.0,28.6
2025-07-31,Free State,0.0,26.8
2025-08-01,Free State,0.0,27.2
2025-08-02,Free State,0.0,29.2
2025-08-03,Free State,0.0,29.8
2025-08-04,Free State,0.0,28.4
2025-08-05,Free State,0.0,27.5
2025-08-06,Free State,0.0,27.3
2025-08-07,Free State,0.0,28.4
2025-08-08,Free State,0.0,27.9
2025-08-09,Free State,0.0,25.0
2025-08-10,Free State,0.0,28.3
2025-08-11,Free State,0.0,26.1
2025-08-12,Free State,0.0,25.3
2025-08-13,Free State,0.0,24.8
2025-08-14,Free State,0.0,27.0
2025-08-15,Free State,0.0,25.7
2025-08-16,Free State,0.0,23.7
2025-08-17,Free State,0.0,26.6
2025-08-18,Free State,0.0,26.3
2025-08-19,Free State,0.0,26.8
2025-08-20,Free State,0.0,26.0
2025-08-21,Free State,0.0,29.7
2025-08-22,Free State,0.0,27.6
2025-08-23,Free State,0.0,26.0
2025-08-24,Free State,0.0,26.6
2025-08-25,Free State,0.0,28.8
2025-08-26,Free State,0.0,28.0
2025-08-27,Free State,0.0,24.4
2025-08-28,Free State,0.0,25.0
2025-08-29,Free State,0.0,25.2
2025-08-30,Free State,0.0,25.7
2025-08-31,Free State,0.0,25.4
2025-09-01,Free State,0.0,26.2
2025-09-02,Free State,0.0,27.2
2025-09-03,Free State,0.0,27.4
2025-09-04,Free State,0.0,25.5
2025-09-05,Free State,0.0,23.4
2025-09-06,Free State,0.0,24.2
2025-09-07,Free State,0.0,24.9
2025-09-08,Free State,0.0,23.8
2025-09-09,Free State,0.0,27.3
2025-09-10,Free State,0.0,23.7
2025-09-11,Free State,0.0,26.3
2025-09-12,Free State,0.0,22.8
2025-09-13,Free State,0.0,26.2
2025-09-14,Free State,0.0,24.9
2025-09-15,Free State,0.0,27.3
2025-09-16,Free State,0.0,23.2
2025-09-17,Free State,0.0,24.0
2025-09-18,Free State,0.0,24.2
2025-09-19,Free State,0.0,24.4
2025-09-20,Free State,0.0,24.1
2025-09-21,Free State,0.0,24.0
2025-09-22,Free State,0.0,23.9
2025-09-23,Free State,0.0,21.2
2025-09-24,Free State,0.0,25.7
2025-09-25,Free State,0.0,28.4
2025-09-26,Free State,0.0,24.4
2025-09-27,Free State,0.0,22.2
2025-09-28,Free State,0.0,22.3
2025-09-29,Free State,0.0,24.6
2025-09-30,Free State,0.0,24.2
2025-10-01,Free State,0.0,23.1
2025-10-02,Free State,0.0,24.5
2025-10-03,Free State,0.0,20.2
2025-10-04,Free State,0.0,24.3
2025-10-05,Free State,0.0,23.5
2025-10-06,Free State,0.0,21.5
2025-10-07,Free State,0.0,20.8
2025-10-08,Free State,0.0,23.0
2025-10-09,Free State,0.0,24.8
2025-10-10,Free State,0.4,22.3
2025-10-11,Free State,0.0,21.2
2025-10-12,Free State,0.0,22.7
2025-10-13,Free State,0.0,25.0
2025-10-14,Free State,0.0,22.8
2025-10-15,Free State,0.0,22.9
2025-10-16,Free State,0.0,23.8
2025-10-17,Free State,0.0,22.6
2025-10-18,Free State,0.0,20.6
2025-10-19,Free State,0.0,19.0
2025-10-20,Free State,0.0,20.2
2025-10-21,Free State,0.0,19.8
2025-10-22,Free State,0.0,22.3
2025-10-23,Free State,0.0,22.5
2025-10-24,Free State,0.0,21.4
2025-10-25,Free State,0.0,19.1
2025-10-26,Free State,0.0,23.6
2025-10-27,Free State,0.0,20.2
2025-10-28,Free State,0.0,21.6
2025-10-29,Free State,0.0,20.7
2025-10-30,Free State,0.0,20.9
2025-10-31,Free State,0.0,21.3
2025-11-01,Free State,0.0,19.3
2025-11-02,Free State,0.0,22.2
2025-11-03,Free State,0.0,17.8
2025-11-04,Free State,0.0,18.5
2025-11-05,Free State,0.0,21.9
2025-11-06,Free State,0.0,20.7
2025-11-07,Free State,0.0,23.6
2025-11-08,Free State,0.0,19.8
2025-11-09,Free State,0.0,22.1
2025-11-10,Free State,0.0,16.7
2025-11-11,Free State,0.0,17.3
2025-11-12,Free State,0.0,20.6
2025-11-13,Free State,0.0,16.6
2025-11-14,Free State,0.0,18.8
2025-11-15,Free State,0.0,20.8
2025-11-16,Free State,0.0,19.7
2025-11-17,Free State,0.0,18.9
2025-11-18,Free State,0.0,18.1
2025-11-19,Free State,0.0,19.0
2025-11-20,Free State,0.0,19.4
2025-11-21,Free State,0.0,17.5
2025-11-22,Free State,0.0,19.0
2025-11-23,Free State,0.0,19.9
2025-11-24,Free State,0.0,17.9
2025-11-25,Free State,0.0,18.3
2025-11-26,Free State,2.2,18.8
2025-11-27,Free State,0.0,18.8
2025-11-28,Free State,0.0,19.3
2025-11-29,Free State,0.0,16.3
2025-11-30,Free State,2.9,17.0
2025-12-01,Free State,0.0,17.0
2025-12-02,Free State,0.0,16.3
2025-12-03,Free State,0.0,14.9
2025-12-04,Free State,0.0,12.6
2025-12-05,Free State,0.0,19.2
2025-12-06,Free State,0.0,15.0
2025-12-07,Free State,0.0,19.7
2025-12-08,Free State,0.0,18.3
2025-12-09,Free State,4.4,16.6
2025-12-10,Free State,0.0,18.0
2025-12-11,Free State,0.0,17.7
2025-12-12,Free State,0.0,15.3
2025-12-13,Free State,0.7,16.9
2025-12-14,Free State,1.0,15.4
2025-12-15,Free State,0.0,17.8
2025-12-16,Free State,0.0,15.7
2025-12-17,Free State,0.0,16.6
2025-12-18,Free State,0.0,16.5
2025-12-19,Free State,0.0,16.8
2025-12-20,Free State,0.0,19.1
2025-12-21,Free State,0.0,16.2
2025-12-22,Free State,11.3,18.3
2025-12-23,Free State,0.0,17.2
2025-12-24,Free State,0.0,18.6
2025-12-25,Free State,0.8,15.9
2025-12-26,Free State,0.0,17.4
2025-12-27,Free State,0.0,16.2
2025-12-28,Free State,0.0,11.8
2025-12-29,Free State,0.0,14.6
2025-12-30,Free State,0.0,17.1
2021-01-01,Mpumalanga,0.0,15.8
2021-01-02,Mpumalanga,6.2,16.2
2021-01-03,Mpumalanga,0.0,15.0
2021-01-04,Mpumalanga,0.0,15.9
2021-01-05,Mpumalanga,0.0,15.4
2021-01-06,Mpumalanga,0.0,15.9
2021-01-07,Mpumalanga,2.3,15.4
2021-01-08,Mpumalanga,0.0,16.8
2021-01-09,Mpumalanga,0.0,17.3
2021-01-10,Mpumalanga,0.0,15.5
2021-01-11,Mpumalanga,6.4,14.8
2021-01-12,Mpumalanga,0.0,17.1
2021-01-13,Mpumalanga,0.0,16.3
2021-01-14,Mpumalanga,5.3,15.5
2021-01-15,Mpumalanga,8.6,18.1
2021-01-16,Mpumalanga,3.5,15.2
2021-01-17,Mpumalanga,0.0,13.0
2021-01-18,Mpumalanga,4.2,14.9
2021-01-19,Mpumalanga,2.9,18.4
2021-01-20,Mpumalanga,0.0,15.5
2021-01-21,Mpumalanga,3.8,15.3
2021-01-22,Mpumalanga,7.8,16.1
2021-01-23,Mpumalanga,6.9,17.6
2021-01-24,Mpumalanga,0.0,15.9
2021-01-25,Mpumalanga,0.0,17.0
2021-01-26,Mpumalanga,9.1,15.8
2021-01-27,Mpumalanga,0.0,17.0
2021-01-28,Mpumalanga,0.0,16.4
2021-01-29,Mpumalanga,8.8,15.6
2021-01-30,Mpumalanga,7.0,16.6
2021-01-31,Mpumalanga,1.1,15.4
2021-02-01,Mpumalanga,16.9,14.2
2021-02-02,Mpumalanga,0.0,16.3
2021-02-03,Mpumalanga,0.0,14.4
2021-02-04,Mpumalanga,4.3,17.2
2021-02-05,Mpumalanga,5.9,16.3
2021-02-06,Mpumalanga,1.4,18.6
2021-02-07,Mpumalanga,0.0,16.0
2021-02-08,Mpumalanga,5.8,16.5
2021-02-09,Mpumalanga,0.0,14.3
2021-02-10,Mpumalanga,6.5,14.9
2021-02-11,Mpumalanga,0.0,14.1
2021-02-12,Mpumalanga,0.0,18.3
2021-02-13,Mpumalanga,6.2,16.0
2021-02-14,Mpumalanga,0.0,18.8
2021-02-15,Mpumalanga,0.0,12.8
2021-02-16,Mpumalanga,2.8,19.2
2021-02-17,Mpumalanga,0.0,16.8
2021-02-18,Mpumalanga,4.6,17.5
2021-02-19,Mpumalanga,0.0,15.5
2021-02-20,Mpumalanga,1.4,17.9
2021-02-21,Mpumalanga,0.0,16.6
2021-02-22,Mpumalanga,0.0,15.4
2021-02-23,Mpumalanga,0.0,15.5
2021-02-24,Mpumalanga,0.0,15.5
2021-02-25,Mpumalanga,0.0,18.0
2021-02-26,Mpumalanga,0.0,16.5
2021-02-27,Mpumalanga,0.0,15.1
2021-02-28,Mpumalanga,0.0,18.2
2021-03-01,Mpumalanga,0.0,14.5
2021-03-02,Mpumalanga,0.0,19.8
2021-03-03,Mpumalanga,0.0,20.8
2021-03-04,Mpumalanga,0.0,16.0
2021-03-05,Mpumalanga,0.0,19.6
2021-03-06,Mpumalanga,4.9,18.6
2021-03-07,Mpumalanga,10.0,17.4
2021-03-08,Mpumalanga,2.3,17.6
2021-03-09,Mpumalanga,0.0,19.3
2021-03-10,Mpumalanga,1.2,18.4
2021-03-11,Mpumalanga,0.0,14.6
2021-03-12,Mpumalanga,0.0,21.7
2021-03-13,Mpumalanga,2.5,19.3
2021-03-14,Mpumalanga,0.0,18.7
2021-03-15,Mpumalanga,0.7,17.8
2021-03-16,Mpumalanga,2.1,18.6
2021-03-17,Mpumalanga,0.0,20.9
2021-03-18,Mpumalanga,0.0,19.5
2021-03-19,Mpumalanga,0.0,19.8
2021-03-20,Mpumalanga,26.9,17.4
2021-03-21,Mpumalanga,0.0,18.9
2021-03-22,Mpumalanga,4.2,19.5
2021-03-23,Mpumalanga,12.6,20.6
2021-03-24,Mpumalanga,2.4,19.0
2021-03-25,Mpumalanga,4.2,21.1
2021-03-26,Mpumalanga,11.5,18.1
2021-03-27,Mpumalanga,3.4,20.1
2021-03-28,Mpumalanga,0.0,19.9
2021-03-29,Mpumalanga,12.0,17.9
2021-03-30,Mpumalanga,5.3,20.2
2021-03-31,Mpumalanga,4.8,19.5
2021-04-01,Mpumalanga,0.0,22.6
2021-04-02,Mpumalanga,5.0,19.9
2021-04-03,Mpumalanga,0.0,21.2
2021-04-04,Mpumalanga,0.0,18.9
2021-04-05,Mpumalanga,3.5,21.2
2021-04-06,Mpumalanga,0.0,20.3
2021-04-07,Mpumalanga,17.2,19.9
2021-04-08,Mpumalanga,0.0,25.4
2021-04-09,Mpumalanga,0.0,20.7
2021-04-10,Mpumalanga,0.0,21.0
2021-04-11,Mpumalanga,1.0,22.8
2021-04-12,Mpumalanga,0.0,20.4
2021-04-13,Mpumalanga,0.0,22.3
2021-04-14,Mpumalanga,2.1,22.5
2021-04-15,Mpumalanga,0.0,22.2
2021-04-16,Mpumalanga,0.0,25.4
2021-04-17,Mpumalanga,0.0,20.9
2021-04-18,Mpumalanga,3.4,24.5
2021-04-19,Mpumalanga,0.0,23.0
2021-04-20,Mpumalanga,0.0,23.8
2021-04-21,Mpumalanga,15.0,23.0
2021-04-22,Mpumalanga,0.0,25.4
2021-04-23,Mpumalanga,0.0,22.2
2021-04-24,Mpumalanga,0.0,23.5
2021-04-25,Mpumalanga,2.8,24.9
2021-04-26,Mpumalanga,0.0,22.2
2021-04-27,Mpumalanga,0.0,24.6
2021-04-28,Mpumalanga,0.0,23.2
2021-04-29,Mpumalanga,0.0,21.5
2021-04-30,Mpumalanga,0.0,21.2
2021-05-01,Mpumalanga,0.0,23.4
2021-05-02,Mpumalanga,0.0,25.1
2021-05-03,Mpumalanga,0.0,20.6
2021-05-04,Mpumalanga,0.0,24.1
2021-05-05,Mpumalanga,0.0,25.2
2021-05-06,Mpumalanga,0.0,22.1
2021-05-07,Mpumalanga,0.0,23.1
2021-05-08,Mpumalanga,0.0,25.1
2021-05-09,Mpumalanga,5.3,25.6
2021-05-10,Mpumalanga,0.0,26.8
2021-05-11,Mpumalanga,0.0,23.6
2021-05-12,Mpumalanga,0.0,23.3
2021-05-13,Mpumalanga,0.0,27.1
2021-05-14,Mpumalanga,0.0,23.6
2021-05-15,Mpumalanga,0.0,25.6
2021-05-16,Mpumalanga,0.0,28.2
2021-05-17,Mpumalanga,0.0,26.2
2021-05-18,Mpumalanga,0.0,26.3
2021-05-19,Mpumalanga,0.0,27.1
2021-05-20,Mpumalanga,0.1,26.1
2021-05-21,Mpumalanga,0.0,26.6
2021-05-22,Mpumalanga,0.0,24.9
2021-05-23,Mpumalanga,0.0,27.3
2021-05-24,Mpumalanga,0.0,26.3
2021-05-25,Mpumalanga,0.0,23.5
2021-05-26,Mpumalanga,0.0,26.2
2021-05-27,Mpumalanga,0.0,22.6
2021-05-28,Mpumalanga,0.0,27.0
2021-05-29,Mpumalanga,0.0,25.7
2021-05-30,Mpumalanga,0.0,29.0
2021-05-31,Mpumalanga,0.0,26.9
2021-06-01,Mpumalanga,0.0,27.6
2021-06-02,Mpumalanga,0.0,24.8
2021-06-03,Mpumalanga,0.0,27.4
2021-06-04,Mpumalanga,0.0,25.5
2021-06-05,Mpumalanga,0.0,28.2
2021-06-06,Mpumalanga,0.0,24.9
2021-06-07,Mpumalanga,0.0,26.8
2021-06-08,Mpumalanga,0.0,25.0
2021-06-09,Mpumalanga,0.0,27.0
2021-06-10,Mpumalanga,0.0,29.9
2021-06-11,Mpumalanga,0.0,28.0
2021-06-12,Mpumalanga,0.0,26.9
2021-06-13,Mpumalanga,0.0,23.3
2021-06-14,Mpumalanga,0.0,26.3
2021-06-15,Mpumalanga,0.4,27.9
2021-06-16,Mpumalanga,0.0,26.4
2021-06-17,Mpumalanga,0.0,29.4
2021-06-18,Mpumalanga,0.0,27.4
2021-06-19,Mpumalanga,0.0,29.0
2021-06-20,Mpumalanga,0.0,27.7
2021-06-21,Mpumalanga,0.0,27.0
2021-06-22,Mpumalanga,0.0,26.8
2021-06-23,Mpumalanga,0.0,26.0
2021-06-24,Mpumalanga,0.0,29.2
2021-06-25,Mpumalanga,0.0,27.0
2021-06-26,Mpumalanga,0.0,28.4
2021-06-27,Mpumalanga,0.0,26.9
2021-06-28,Mpumalanga,0.0,26.1
2021-06-29,Mpumalanga,0.0,28.6
2021-06-30,Mpumalanga,0.0,26.6
2021-07-01,Mpumalanga,0.0,27.2
2021-07-02,Mpumalanga,0.0,25.9
2021-07-03,Mpumalanga,0.0,27.1
2021-07-04,Mpumalanga,0.1,27.9
2021-07-05,Mpumalanga,0.0,27.5
2021-07-06,Mpumalanga,0.0,29.1
2021-07-07,Mpumalanga,0.0,28.1
2021-07-08,Mpumalanga,0.0,32.6
2021-07-09,Mpumalanga,0.0,28.6
2021-07-10,Mpumalanga,0.2,25.4
2021-07-11,Mpumalanga,0.0,27.7
2021-07-12,Mpumalanga,0.0,27.8
2021-07-13,Mpumalanga,0.0,27.1
2021-07-14,Mpumalanga,0.0,28.1
2021-07-15,Mpumalanga,0.0,27.0
2021-07-16,Mpumalanga,0.0,28.5
2021-07-17,Mpumalanga,0.0,25.1
2021-07-18,Mpumalanga,0.0,29.7
2021-07-19,Mpumalanga,0.0,25.6
2021-07-20,Mpumalanga,0.0,27.6
2021-07-21,Mpumalanga,0.0,26.9
2021-07-22,Mpumalanga,0.0,28.4
2021-07-23,Mpumalanga,0.0,27.7
2021-07-24,Mpumalanga,0.0,28.3
2021-07-25,Mpumalanga,0.0,29.6
2021-07-26,Mpumalanga,0.0,29.1
2021-07-27,Mpumalanga,0.0,28.0
2021-07-28,Mpumalanga,0.0,28.6
2021-07-29,Mpumalanga,0.0,30.8
2021-07-30,Mpumalanga,0.0,29.0
2021-07-31,Mpumalanga,0.0,27.4
2021-08-01,Mpumalanga,0.0,29.7
2021-08-02,Mpumalanga,0.0,28.3
2021-08-03,Mpumalanga,0.0,26.3
2021-08-04,Mpumalanga,0.0,27.4
2021-08-05,Mpumalanga,0.0,25.5
2021-08-06,Mpumalanga,0.0,24.2
2021-08-07,Mpumalanga,0.0,26.2
2021-08-08,Mpumalanga,0.0,27.7
2021-08-09,Mpumalanga,0.0,27.7
2021-08-10,Mpumalanga,0.0,25.4
2021-08-11,Mpumalanga,0.0,23.9
2021-08-12,Mpumalanga,0.0,29.6
2021-08-13,Mpumalanga,0.0,27.5
2021-08-14,Mpumalanga,0.0,29.6
2021-08-15,Mpumalanga,0.0,29.5
2021-08-16,Mpumalanga,0.0,28.3
2021-08-17,Mpumalanga,0.0,27.2
2021-08-18,Mpumalanga,0.0,26.5
2021-08-19,Mpumalanga,0.0,28.1
2021-08-20,Mpumalanga,0.0,26.7
2021-08-21,Mpumalanga,0.0,26.0
2021-08-22,Mpumalanga,0.0,23.7
2021-08-23,Mpumalanga,0.0,26.7
2021-08-24,Mpumalanga,0.0,28.4
2021-08-25,Mpumalanga,0.0,28.6
2021-08-26,Mpumalanga,0.0,26.7
2021-08-27,Mpumalanga,0.0,25.2
2021-08-28,Mpumalanga,0.0,27.8
2021-08-29,Mpumalanga,0.0,26.4
2021-08-30,Mpumalanga,0.0,25.8
2021-08-31,Mpumalanga,0.0,24.1
2021-09-01,Mpumalanga,0.0,29.3
2021-09-02,Mpumalanga,0.0,27.2
2021-09-03,Mpumalanga,0.0,27.3
2021-09-04,Mpumalanga,0.0,24.7
2021-09-05,Mpumalanga,0.0,26.0
2021-09-06,Mpumalanga,0.0,25.7
2021-09-07,Mpumalanga,0.0,26.9
2021-09-08,Mpumalanga,3.0,27.7
2021-09-09,Mpumalanga,0.0,23.4
2021-09-10,Mpumalanga,0.0,23.9
2021-09-11,Mpumalanga,0.0,26.3
2021-09-12,Mpumalanga,0.0,24.5
2021-09-13,Mpumalanga,0.0,26.4
2021-09-14,Mpumalanga,0.0,24.6
2021-09-15,Mpumalanga,0.0,23.2
2021-09-16,Mpumalanga,0.0,22.3
2021-09-17,Mpumalanga,0.0,25.6
2021-09-18,Mpumalanga,0.0,25.5
2021-09-19,Mpumalanga,0.0,26.1
2021-09-20,Mpumalanga,0.0,25.1
2021-09-21,Mpumalanga,0.0,18.8
2021-09-22,Mpumalanga,0.0,25.1
2021-09-23,Mpumalanga,0.0,22.1
2021-09-24,Mpumalanga,0.0,21.4
2021-09-25,Mpumalanga,0.0,21.1
2021-09-26,Mpumalanga,0.0,20.9
2021-09-27,Mpumalanga,0.0,24.3
2021-09-28,Mpumalanga,0.0,22.7
2021-09-29,Mpumalanga,0.0,21.4
2021-09-30,Mpumalanga,0.0,23.6
2021-10-01,Mpumalanga,0.0,21.8
2021-10-02,Mpumalanga,0.0,24.9
2021-10-03,Mpumalanga,0.0,25.5
2021-10-04,Mpumalanga,0.0,22.9
2021-10-05,Mpumalanga,0.1,25.2
2021-10-06,Mpumalanga,0.0,25.1
2021-10-07,Mpumalanga,0.0,23.0
2021-10-08,Mpumalanga,0.0,25.4
2021-10-09,Mpumalanga,0.0,21.8
2021-10-10,Mpumalanga,0.0,19.7
2021-10-11,Mpumalanga,1.7,20.2
2021-10-12,Mpumalanga,0.0,21.4
2021-10-13,Mpumalanga,0.0,23.1
2021-10-14,Mpumalanga,0.0,20.4
2021-10-15,Mpumalanga,0.0,21.1
2021-10-16,Mpumalanga,0.0,20.1
2021-10-17,Mpumalanga,0.0,20.9
2021-10-18,Mpumalanga,0.0,23.8
2021-10-19,Mpumalanga,2.0,22.2
2021-10-20,Mpumalanga,0.0,20.7
2021-10-21,Mpumalanga,0.0,23.3
2021-10-22,Mpumalanga,0.0,21.4
2021-10-23,Mpumalanga,0.0,21.5
2021-10-24,Mpumalanga,0.0,22.9
2021-10-25,Mpumalanga,0.0,20.5
2021-10-26,Mpumalanga,0.0,22.3
2021-10-27,Mpumalanga,0.0,22.1
2021-10-28,Mpumalanga,0.0,20.5
2021-10-29,Mpumalanga,0.0,18.5
2021-10-30,Mpumalanga,0.0,20.6
2021-10-31,Mpumalanga,0.0,22.1
2021-11-01,Mpumalanga,0.0,21.6
2021-11-02,Mpumalanga,0.0,22.8
2021-11-03,Mpumalanga,4.8,19.4
2021-11-04,Mpumalanga,0.0,21.2
2021-11-05,Mpumalanga,0.0,18.4
2021-11-06,Mpumalanga,0.0,20.2
2021-11-07,Mpumalanga,0.0,21.4
2021-11-08,Mpumalanga,0.0,21.0
2021-11-09,Mpumalanga,0.0,19.7
2021-11-10,Mpumalanga,0.0,19.1
2021-11-11,Mpumalanga,0.0,17.9
2021-11-12,Mpumalanga,0.0,18.9
2021-11-13,Mpumalanga,4.8,17.2
2021-11-14,Mpumalanga,1.3,18.6
2021-11-15,Mpumalanga,0.0,16.3
2021-11-16,Mpumalanga,0.0,16.9
2021-11-17,Mpumalanga,0.0,20.1
2021-11-18,Mpumalanga,3.1,19.9
2021-11-19,Mpumalanga,0.0,18.2
2021-11-20,Mpumalanga,0.0,18.7
2021-11-21,Mpumalanga,0.0,18.8
2021-11-22,Mpumalanga,0.0,19.1
2021-11-23,Mpumalanga,0.5,18.9
2021-11-24,Mpumalanga,2.1,16.2
2021-11-25,Mpumalanga,0.0,14.5
2021-11-26,Mpumalanga,0.0,16.6
2021-11-27,Mpumalanga,0.7,17.8
2021-11-28,Mpumalanga,0.0,19.4
2021-11-29,Mpumalanga,1.7,18.2
2021-11-30,Mpumalanga,7.4,18.6
2021-12-01,Mpumalanga,0.0,16.4
2021-12-02,Mpumalanga,9.6,17.5
2021-12-03,Mpumalanga,0.0,17.7
2021-12-04,Mpumalanga,0.0,16.4
2021-12-05,Mpumalanga,8.3,15.8
2021-12-06,Mpumalanga,3.2,17.0
2021-12-07,Mpumalanga,0.0,18.3
2021-12-08,Mpumalanga,9.1,15.9
2021-12-09,Mpumalanga,0.0,16.9
2021-12-10,Mpumalanga,8.9,19.1
2021-12-11,Mpumalanga,0.0,16.3
2021-12-12,Mpumalanga,15.5,17.0
2021-12-13,Mpumalanga,10.0,16.8
2021-12-14,Mpumalanga,5.7,16.6
2021-12-15,Mpumalanga,11.4,19.3
2021-12-16,Mpumalanga,0.0,17.2
2021-12-17,Mpumalanga,0.0,14.4
2021-12-18,Mpumalanga,4.5,19.0
2021-12-19,Mpumalanga,1.2,17.0
2021-12-20,Mpumalanga,0.0,16.0
2021-12-21,Mpumalanga,0.0,18.6
2021-12-22,Mpumalanga,0.0,15.3
2021-12-23,Mpumalanga,0.0,19.0
2021-12-24,Mpumalanga,0.0,16.6
2021-12-25,Mpumalanga,0.0,17.9
2021-12-26,Mpumalanga,0.0,21.0
2021-12-27,Mpumalanga,0.0,16.6
2021-12-28,Mpumalanga,4.3,16.1
2021-12-29,Mpumalanga,8.9,14.7
2021-12-30,Mpumalanga,1.1,16.0
2021-12-31,Mpumalanga,0.0,14.6
2022-01-01,Mpumalanga,0.0,15.9
2022-01-02,Mpumalanga,0.0,20.5
2022-01-03,Mpumalanga,8.9,16.3
2022-01-04,Mpumalanga,0.0,15.3
2022-01-05,Mpumalanga,0.0,15.8
2022-01-06,Mpumalanga,7.9,15.5
2022-01-07,Mpumalanga,0.0,17.6
2022-01-08,Mpumalanga,0.5,15.9
2022-01-09,Mpumalanga,0.0,18.4
2022-01-10,Mpumalanga,0.0,15.5
2022-01-11,Mpumalanga,0.0,15.6
2022-01-12,Mpumalanga,0.0,14.7
2022-01-13,Mpumalanga,0.0,15.4
2022-01-14,Mpumalanga,0.0,13.4
2022-01-15,Mpumalanga,10.5,12.8
2022-01-16,Mpumalanga,0.0,16.9
2022-01-17,Mpumalanga,0.0,13.4
2022-01-18,Mpumalanga,4.3,16.6
2022-01-19,Mpumalanga,0.0,15.3
2022-01-20,Mpumalanga,0.0,17.4
2022-01-21,Mpumalanga,10.6,13.4
2022-01-22,Mpumalanga,1.4,16.9
2022-01-23,Mpumalanga,0.3,16.6
2022-01-24,Mpumalanga,10.6,16.6
2022-01-25,Mpumalanga,4.4,17.8
2022-01-26,Mpumalanga,0.0,16.2
2022-01-27,Mpumalanga,6.2,12.5
2022-01-28,Mpumalanga,3.8,16.8
2022-01-29,Mpumalanga,0.0,16.7
2022-01-30,Mpumalanga,0.0,15.8
2022-01-31,Mpumalanga,10.3,15.0
2022-02-01,Mpumalanga,7.3,15.7
2022-02-02,Mpumalanga,8.2,18.5
2022-02-03,Mpumalanga,0.0,14.9
2022-02-04,Mpumalanga,0.0,13.7
2022-02-05,Mpumalanga,14.2,14.2
2022-02-06,Mpumalanga,15.3,16.4
2022-02-07,Mpumalanga,20.2,19.0
2022-02-08,Mpumalanga,0.0,19.8
2022-02-09,Mpumalanga,0.0,17.5
2022-02-10,Mpumalanga,3.0,15.1
2022-02-11,Mpumalanga,0.9,15.3
2022-02-12,Mpumalanga,10.1,18.0
2022-02-13,Mpumalanga,8.3,18.7
2022-02-14,Mpumalanga,0.0,15.8
2022-02-15,Mpumalanga,8.4,19.0
2022-02-16,Mpumalanga,9.2,16.5
2022-02-17,Mpumalanga,19.8,18.0
2022-02-18,Mpumalanga,0.0,18.7
2022-02-19,Mpumalanga,0.0,14.8
2022-02-20,Mpumalanga,3.5,17.8
2022-02-21,Mpumalanga,21.5,19.3
2022-02-22,Mpumalanga,0.1,16.4
2022-02-23,Mpumalanga,0.0,15.7
2022-02-24,Mpumalanga,7.0,18.1
2022-02-25,Mpumalanga,0.0,17.6
2022-02-26,Mpumalanga,0.0,17.0
2022-02-27,Mpumalanga,0.0,17.6
2022-02-28,Mpumalanga,2.0,15.1
2022-03-01,Mpumalanga,0.0,18.3
2022-03-02,Mpumalanga,0.0,20.2
2022-03-03,Mpumalanga,0.2,16.8
2022-03-04,Mpumalanga,5.8,16.7
2022-03-05,Mpumalanga,5.3,18.3
2022-03-06,Mpumalanga,12.1,22.4
2022-03-07,Mpumalanga,9.8,19.8
2022-03-08,Mpumalanga,0.0,18.1
2022-03-09,Mpumalanga,0.0,18.4
2022-03-10,Mpumalanga,0.0,20.2
2022-03-11,Mpumalanga,2.7,17.1
2022-03-12,Mpumalanga,0.0,19.5
2022-03-13,Mpumalanga,2.5,17.0
2022-03-14,Mpumalanga,0.0,20.1
2022-03-15,Mpumalanga,0.0,18.4
2022-03-16,Mpumalanga,4.6,19.2
2022-03-17,Mpumalanga,0.0,18.5
2022-03-18,Mpumalanga,1.0,20.2
2022-03-19,Mpumalanga,0.0,18.9
2022-03-20,Mpumalanga,0.0,22.5
2022-03-21,Mpumalanga,0.0,21.5
2022-03-22,Mpumalanga,0.0,17.5
2022-03-23,Mpumalanga,0.0,19.9
2022-03-24,Mpumalanga,3.4,20.8
2022-03-25,Mpumalanga,0.0,19.1
2022-03-26,Mpumalanga,0.0,21.7
2022-03-27,Mpumalanga,2.9,21.6
2022-03-28,Mpumalanga,0.5,19.9
2022-03-29,Mpumalanga,0.0,21.6
2022-03-30,Mpumalanga,0.0,16.6
2022-03-31,Mpumalanga,0.0,22.4
2022-04-01,Mpumalanga,3.4,21.8
2022-04-02,Mpumalanga,0.0,18.9
2022-04-03,Mpumalanga,3.1,21.0
2022-04-04,Mpumalanga,0.0,17.7
2022-04-05,Mpumalanga,0.0,19.7
2022-04-06,Mpumalanga,9.2,22.6
2022-04-07,Mpumalanga,0.0,21.0
2022-04-08,Mpumalanga,0.0,21.0
2022-04-09,Mpumalanga,0.0,21.3
2022-04-10,Mpumalanga,0.0,21.2
2022-04-11,Mpumalanga,0.0,22.9
2022-04-12,Mpumalanga,0.0,20.6
2022-04-13,Mpumalanga,4.2,22.3
2022-04-14,Mpumalanga,5.9,20.1
2022-04-15,Mpumalanga,1.0,23.0
2022-04-16,Mpumalanga,0.0,21.5
2022-04-17,Mpumalanga,0.0,22.0
2022-04-18,Mpumalanga,0.0,21.6
2022-04-19,Mpumalanga,0.0,21.9
2022-04-20,Mpumalanga,0.0,20.9
2022-04-21,Mpumalanga,0.0,23.0
2022-04-22,Mpumalanga,0.0,23.4
2022-04-23,Mpumalanga,0.0,20.7
2022-04-24,Mpumalanga,0.0,21.9
2022-04-25,Mpumalanga,2.3,22.9
2022-04-26,Mpumalanga,0.0,22.1
2022-04-27,Mpumalanga,1.4,22.8
2022-04-28,Mpumalanga,0.0,25.6
2022-04-29,Mpumalanga,0.0,21.8
2022-04-30,Mpumalanga,0.0,19.9
2022-05-01,Mpumalanga,0.0,22.6
2022-05-02,Mpumalanga,0.0,23.1
2022-05-03,Mpumalanga,0.0,23.0
2022-05-04,Mpumalanga,0.0,24.2
2022-05-05,Mpumalanga,0.0,22.4
2022-05-06,Mpumalanga,0.0,22.2
2022-05-07,Mpumalanga,0.0,23.1
2022-05-08,Mpumalanga,0.0,23.2
2022-05-09,Mpumalanga,0.0,27.5
2022-05-10,Mpumalanga,2.3,26.7
2022-05-11,Mpumalanga,0.0,22.0
2022-05-12,Mpumalanga,0.0,21.7
2022-05-13,Mpumalanga,0.0,24.5
2022-05-14,Mpumalanga,0.8,27.6
2022-05-15,Mpumalanga,0.0,25.8
2022-05-16,Mpumalanga,0.0,24.9
2022-05-17,Mpumalanga,0.0,24.3
2022-05-18,Mpumalanga,0.0,26.7
2022-05-19,Mpumalanga,1.5,25.5
2022-05-20,Mpumalanga,0.0,27.9
2022-05-21,Mpumalanga,0.0,22.8
2022-05-22,Mpumalanga,0.0,26.1
2022-05-23,Mpumalanga,0.0,24.7
2022-05-24,Mpumalanga,0.0,26.3
2022-05-25,Mpumalanga,0.0,26.1
2022-05-26,Mpumalanga,0.0,26.6
2022-05-27,Mpumalanga,0.1,27.3
2022-05-28,Mpumalanga,0.0,28.0
2022-05-29,Mpumalanga,0.0,29.0
2022-05-30,Mpumalanga,0.0,26.1
2022-05-31,Mpumalanga,0.0,25.4
2022-06-01,Mpumalanga,0.0,24.4
2022-06-02,Mpumalanga,0.0,27.0
2022-06-03,Mpumalanga,0.0,27.6
2022-06-04,Mpumalanga,0.0,24.4
2022-06-05,Mpumalanga,0.0,28.2
2022-06-06,Mpumalanga,0.0,26.4
2022-06-07,Mpumalanga,0.0,24.8
2022-06-08,Mpumalanga,0.0,25.5
2022-06-09,Mpumalanga,0.0,25.4
2022-06-10,Mpumalanga,0.0,25.5
2022-06-11,Mpumalanga,0.0,27.8
2022-06-12,Mpumalanga,0.0,28.3
2022-06-13,Mpumalanga,0.0,29.6
2022-06-14,Mpumalanga,0.0,26.0
2022-06-15,Mpumalanga,0.0,27.7
2022-06-16,Mpumalanga,0.0,26.2
2022-06-17,Mpumalanga,1.3,27.3
2022-06-18,Mpumalanga,0.0,25.1
2022-06-19,Mpumalanga,0.0,25.7
2022-06-20,Mpumalanga,0.0,28.6
2022-06-21,Mpumalanga,0.0,25.2
2022-06-22,Mpumalanga,0.0,28.4
2022-06-23,Mpumalanga,0.0,26.5
2022-06-24,Mpumalanga,0.0,24.7
2022-06-25,Mpumalanga,0.0,23.8
2022-06-26,Mpumalanga,0.0,29.8
2022-06-27,Mpumalanga,0.0,24.8
2022-06-28,Mpumalanga,0.0,27.6
2022-06-29,Mpumalanga,0.0,28.3
2022-06-30,Mpumalanga,0.0,25.8
2022-07-01,Mpumalanga,0.0,27.0
2022-07-02,Mpumalanga,0.0,28.5
2022-07-03,Mpumalanga,0.0,28.3
2022-07-04,Mpumalanga,0.0,27.2
2022-07-05,Mpumalanga,0.0,28.2
2022-07-06,Mpumalanga,0.0,27.7
2022-07-07,Mpumalanga,0.0,26.5
2022-07-08,Mpumalanga,0.2,29.7
2022-07-09,Mpumalanga,0.0,28.3
2022-07-10,Mpumalanga,0.0,25.2
2022-07-11,Mpumalanga,0.0,28.8
2022-07-12,Mpumalanga,0.0,27.1
2022-07-13,Mpumalanga,0.0,27.6
2022-07-14,Mpumalanga,0.0,28.0
2022-07-15,Mpumalanga,0.0,26.8
2022-07-16,Mpumalanga,0.0,30.7
2022-07-17,Mpumalanga,0.0,25.8
2022-07-18,Mpumalanga,0.0,28.1
2022-07-19,Mpumalanga,0.0,28.6
2022-07-20,Mpumalanga,0.0,28.1
2022-07-21,Mpumalanga,0.0,27.7
2022-07-22,Mpumalanga,0.0,27.4
2022-07-23,Mpumalanga,0.0,26.8
2022-07-24,Mpumalanga,0.0,26.7
2022-07-25,Mpumalanga,0.0,29.7
2022-07-26,Mpumalanga,0.0,27.3
2022-07-27,Mpumalanga,0.0,31.1
2022-07-28,Mpumalanga,0.0,28.9
2022-07-29,Mpumalanga,0.0,23.9
2022-07-30,Mpumalanga,0.0,29.2
2022-07-31,Mpumalanga,0.0,27.7
2022-08-01,Mpumalanga,0.0,25.7
2022-08-02,Mpumalanga,0.0,29.7
2022-08-03,Mpumalanga,0.0,27.1
2022-08-04,Mpumalanga,0.0,26.9
2022-08-05,Mpumalanga,0.0,28.2
2022-08-06,Mpumalanga,0.0,29.3
2022-08-07,Mpumalanga,0.0,27.8
2022-08-08,Mpumalanga,0.0,27.6
2022-08-09,Mpumalanga,0.0,26.5
2022-08-10,Mpumalanga,0.0,29.2
2022-08-11,Mpumalanga,0.0,27.6
2022-08-12,Mpumalanga,0.0,27.0
2022-08-13,Mpumalanga,0.0,26.8
2022-08-14,Mpumalanga,0.0,28.8
2022-08-15,Mpumalanga,0.0,26.8
2022-08-16,Mpumalanga,0.0,28.7
2022-08-17,Mpumalanga,0.0,26.4
2022-08-18,Mpumalanga,0.0,28.2
2022-08-19,Mpumalanga,0.0,27.3
2022-08-20,Mpumalanga,0.0,25.5
2022-08-21,Mpumalanga,0.0,26.8
2022-08-22,Mpumalanga,0.0,23.6
2022-08-23,Mpumalanga,0.0,25.7
2022-08-24,Mpumalanga,0.0,24.4
2022-08-25,Mpumalanga,0.0,29.7
2022-08-26,Mpumalanga,0.0,24.3
2022-08-27,Mpumalanga,0.0,30.4
2022-08-28,Mpumalanga,0.0,27.2
2022-08-29,Mpumalanga,0.0,25.6
2022-08-30,Mpumalanga,0.0,27.5
2022-08-31,Mpumalanga,0.0,25.3
2022-09-01,Mpumalanga,0.0,24.1
2022-09-02,Mpumalanga,0.0,26.2
2022-09-03,Mpumalanga,0.0,27.1
2022-09-04,Mpumalanga,0.0,27.9
2022-09-05,Mpumalanga,0.0,26.6
2022-09-06,Mpumalanga,0.0,25.0
2022-09-07,Mpumalanga,0.0,27.8
2022-09-08,Mpumalanga,0.0,27.4
2022-09-09,Mpumalanga,0.0,26.0
2022-09-10,Mpumalanga,0.0,27.3
2022-09-11,Mpumalanga,0.0,28.7
2022-09-12,Mpumalanga,0.0,24.5
2022-09-13,Mpumalanga,0.0,23.9
2022-09-14,Mpumalanga,0.0,24.3
2022-09-15,Mpumalanga,0.0,23.0
2022-09-16,Mpumalanga,0.0,25.8
2022-09-17,Mpumalanga,0.0,22.4
2022-09-18,Mpumalanga,0.0,26.7
2022-09-19,Mpumalanga,0.0,23.7
2022-09-20,Mpumalanga,0.0,26.6
2022-09-21,Mpumalanga,0.0,20.6
2022-09-22,Mpumalanga,0.0,23.8
2022-09-23,Mpumalanga,0.0,22.4
2022-09-24,Mpumalanga,0.0,26.2
2022-09-25,Mpumalanga,0.0,26.6
2022-09-26,Mpumalanga,0.0,20.5
2022-09-27,Mpumalanga,0.0,25.2
2022-09-28,Mpumalanga,0.0,25.4
2022-09-29,Mpumalanga,0.0,24.2
2022-09-30,Mpumalanga,0.0,24.5
2022-10-01,Mpumalanga,0.0,24.3
2022-10-02,Mpumalanga,0.0,24.7
2022-10-03,Mpumalanga,0.0,21.7
2022-10-04,Mpumalanga,0.0,25.0
2022-10-05,Mpumalanga,0.0,23.4
2022-10-06,Mpumalanga,0.0,23.2
2022-10-07,Mpumalanga,0.0,23.8
2022-10-08,Mpumalanga,0.0,20.9
2022-10-09,Mpumalanga,0.0,20.4
2022-10-10,Mpumalanga,0.0,22.4
2022-10-11,Mpumalanga,0.0,24.8
2022-10-12,Mpumalanga,0.0,20.6
2022-10-13,Mpumalanga,0.0,22.5
2022-10-14,Mpumalanga,0.0,21.1
2022-10-15,Mpumalanga,0.0,20.8
2022-10-16,Mpumalanga,0.0,22.7
2022-10-17,Mpumalanga,0.0,23.0
2022-10-18,Mpumalanga,0.0,20.6
2022-10-19,Mpumalanga,0.0,23.7
2022-10-20,Mpumalanga,0.0,22.2
2022-10-21,Mpumalanga,0.0,21.1
2022-10-22,Mpumalanga,0.0,21.9
2022-10-23,Mpumalanga,0.0,24.3
2022-10-24,Mpumalanga,0.0,22.3
2022-10-25,Mpumalanga,0.0,20.0
2022-10-26,Mpumalanga,0.0,20.9
2022-10-27,Mpumalanga,0.0,21.0
2022-10-28,Mpumalanga,0.0,21.7
2022-10-29,Mpumalanga,0.0,21.0
2022-10-30,Mpumalanga,0.0,23.4
2022-10-31,Mpumalanga,0.0,20.1
2022-11-01,Mpumalanga,0.0,17.7
2022-11-02,Mpumalanga,0.0,20.6
2022-11-03,Mpumalanga,0.2,19.5
2022-11-04,Mpumalanga,2.0,17.8
2022-11-05,Mpumalanga,0.0,18.9
2022-11-06,Mpumalanga,0.6,19.3
2022-11-07,Mpumalanga,0.0,21.5
2022-11-08,Mpumalanga,0.0,17.4
2022-11-09,Mpumalanga,2.3,20.1
2022-11-10,Mpumalanga,0.0,22.8
2022-11-11,Mpumalanga,0.0,19.1
2022-11-12,Mpumalanga,0.0,19.0
2022-11-13,Mpumalanga,0.0,20.3
2022-11-14,Mpumalanga,0.0,19.9
2022-11-15,Mpumalanga,0.0,21.1
2022-11-16,Mpumalanga,0.0,18.7
2022-11-17,Mpumalanga,0.0,19.9
2022-11-18,Mpumalanga,6.3,19.8
2022-11-19,Mpumalanga,0.0,18.2
2022-11-20,Mpumalanga,0.0,18.4
2022-11-21,Mpumalanga,0.0,18.5
2022-11-22,Mpumalanga,0.0,16.6
2022-11-23,Mpumalanga,0.0,17.7
2022-11-24,Mpumalanga,0.0,20.5
2022-11-25,Mpumalanga,0.0,19.7
2022-11-26,Mpumalanga,0.0,17.2
2022-11-27,Mpumalanga,0.9,18.0
2022-11-28,Mpumalanga,0.0,19.4
2022-11-29,Mpumalanga,0.0,18.5
2022-11-30,Mpumalanga,6.3,19.0
2022-12-01,Mpumalanga,0.5,18.5
2022-12-02,Mpumalanga,0.0,18.0
2022-12-03,Mpumalanga,0.0,17.3
2022-12-04,Mpumalanga,0.1,15.7
2022-12-05,Mpumalanga,0.0,18.5
2022-12-06,Mpumalanga,3.0,17.0
2022-12-07,Mpumalanga,0.0,14.8
2022-12-08,Mpumalanga,0.0,16.4
2022-12-09,Mpumalanga,0.0,18.5
2022-12-10,Mpumalanga,0.0,14.2
2022-12-11,Mpumalanga,0.0,15.5
2022-12-12,Mpumalanga,0.0,17.2
2022-12-13,Mpumalanga,4.5,19.1
2022-12-14,Mpumalanga,1.4,18.4
2022-12-15,Mpumalanga,0.0,19.1
2022-12-16,Mpumalanga,0.0,17.1
2022-12-17,Mpumalanga,0.0,16.4
2022-12-18,Mpumalanga,10.8,17.9
2022-12-19,Mpumalanga,1.5,15.3
2022-12-20,Mpumalanga,4.0,15.1
2022-12-21,Mpumalanga,0.0,14.8
2022-12-22,Mpumalanga,0.0,18.1
2022-12-23,Mpumalanga,0.0,15.2
2022-12-24,Mpumalanga,17.9,17.9
2022-12-25,Mpumalanga,0.0,16.6
2022-12-26,Mpumalanga,0.0,18.0
2022-12-27,Mpumalanga,1.9,14.7
2022-12-28,Mpumalanga,0.0,15.3
2022-12-29,Mpumalanga,2.1,16.9
2022-12-30,Mpumalanga,15.8,15.6
2022-12-31,Mpumalanga,0.0,12.5
2023-01-01,Mpumalanga,0.0,14.1
2023-01-02,Mpumalanga,4.0,14.5
2023-01-03,Mpumalanga,0.0,14.6
2023-01-04,Mpumalanga,7.9,17.1
2023-01-05,Mpumalanga,0.0,16.6
2023-01-06,Mpumalanga,0.0,16.3
2023-01-07,Mpumalanga,0.0,19.1
2023-01-08,Mpumalanga,0.0,17.8
2023-01-09,Mpumalanga,0.0,17.2
2023-01-10,Mpumalanga,6.8,13.8
2023-01-11,Mpumalanga,0.0,16.1
2023-01-12,Mpumalanga,6.3,16.5
2023-01-13,Mpumalanga,0.0,15.4
2023-01-14,Mpumalanga,2.5,18.6
2023-01-15,Mpumalanga,1.1,16.1
2023-01-16,Mpumalanga,5.0,14.2
2023-01-17,Mpumalanga,0.0,14.5
2023-01-18,Mpumalanga,1.8,19.4
2023-01-19,Mpumalanga,0.0,15.4
2023-01-20,Mpumalanga,4.2,12.9
2023-01-21,Mpumalanga,2.1,15.1
2023-01-22,Mpumalanga,0.0,13.3
2023-01-23,Mpumalanga,0.0,17.4
2023-01-24,Mpumalanga,0.0,13.1
2023-01-25,Mpumalanga,0.0,14.0
2023-01-26,Mpumalanga,8.1,16.1
2023-01-27,Mpumalanga,2.3,17.8
2023-01-28,Mpumalanga,0.0,16.0
2023-01-29,Mpumalanga,11.3,14.3
2023-01-30,Mpumalanga,0.0,16.5
2023-01-31,Mpumalanga,0.0,15.5
2023-02-01,Mpumalanga,5.6,18.0
2023-02-02,Mpumalanga,0.0,17.6
2023-02-03,Mpumalanga,6.5,15.5
2023-02-04,Mpumalanga,4.0,17.5
2023-02-05,Mpumalanga,9.7,16.8
2023-02-06,Mpumalanga,0.0,18.5
2023-02-07,Mpumalanga,3.6,17.6
2023-02-08,Mpumalanga,0.0,17.3
2023-02-09,Mpumalanga,0.0,18.5
2023-02-10,Mpumalanga,0.0,16.6
2023-02-11,Mpumalanga,0.0,15.5
2023-02-12,Mpumalanga,0.0,17.0
2023-02-13,Mpumalanga,3.2,16.2
2023-02-14,Mpumalanga,0.0,17.7
2023-02-15,Mpumalanga,0.0,16.9
2023-02-16,Mpumalanga,0.0,17.5
2023-02-17,Mpumalanga,0.0,15.1
2023-02-18,Mpumalanga,0.0,17.8
2023-02-19,Mpumalanga,0.0,15.1
2023-02-20,Mpumalanga,0.0,18.6
2023-02-21,Mpumalanga,0.0,18.6
2023-02-22,Mpumalanga,0.0,17.8
2023-02-23,Mpumalanga,6.3,17.8
2023-02-24,Mpumalanga,0.0,17.0
2023-02-25,Mpumalanga,20.8,16.5
2023-02-26,Mpumalanga,0.0,17.5
2023-02-27,Mpumalanga,0.0,20.5
2023-02-28,Mpumalanga,0.0,18.0
2023-03-01,Mpumalanga,5.2,15.7
2023-03-02,Mpumalanga,0.0,15.2
2023-03-03,Mpumalanga,0.0,15.7
2023-03-04,Mpumalanga,16.2,17.4
2023-03-05,Mpumalanga,0.0,19.9
2023-03-06,Mpumalanga,0.0,16.6
2023-03-07,Mpumalanga,0.0,20.3
2023-03-08,Mpumalanga,8.2,18.5
2023-03-09,Mpumalanga,0.0,19.1
2023-03-10,Mpumalanga,0.0,19.1
2023-03-11,Mpumalanga,0.0,19.4
2023-03-12,Mpumalanga,5.3,18.0
2023-03-13,Mpumalanga,0.0,15.2
2023-03-14,Mpumalanga,0.0,17.9
2023-03-15,Mpumalanga,0.0,17.5
2023-03-16,Mpumalanga,0.0,19.4
2023-03-17,Mpumalanga,2.8,19.3
2023-03-18,Mpumalanga,0.0,18.7
2023-03-19,Mpumalanga,0.0,21.8
2023-03-20,Mpumalanga,0.0,18.3
2023-03-21,Mpumalanga,0.0,16.0
2023-03-22,Mpumalanga,0.0,19.7
2023-03-23,Mpumalanga,7.6,21.4
2023-03-24,Mpumalanga,0.0,20.1
2023-03-25,Mpumalanga,0.0,19.2
2023-03-26,Mpumalanga,4.6,20.2
2023-03-27,Mpumalanga,0.0,22.7
2023-03-28,Mpumalanga,0.0,18.7
2023-03-29,Mpumalanga,0.0,20.2
2023-03-30,Mpumalanga,0.0,21.2
2023-03-31,Mpumalanga,0.0,20.7
2023-04-01,Mpumalanga,0.0,20.1
2023-04-02,Mpumalanga,0.0,19.9
2023-04-03,Mpumalanga,0.0,20.2
2023-04-04,Mpumalanga,0.0,21.5
2023-04-05,Mpumalanga,0.0,21.6
2023-04-06,Mpumalanga,0.0,24.1
2023-04-07,Mpumalanga,0.0,18.7
2023-04-08,Mpumalanga,0.1,23.8
2023-04-09,Mpumalanga,0.0,20.9
2023-04-10,Mpumalanga,0.0,21.2
2023-04-11,Mpumalanga,0.0,22.7
2023-04-12,Mpumalanga,15.7,22.8
2023-04-13,Mpumalanga,0.0,23.4
2023-04-14,Mpumalanga,0.0,23.8
2023-04-15,Mpumalanga,0.0,21.8
2023-04-16,Mpumalanga,0.0,24.1
2023-04-17,Mpumalanga,0.0,21.1
2023-04-18,Mpumalanga,0.0,21.7
2023-04-19,Mpumalanga,0.0,22.0
2023-04-20,Mpumalanga,0.0,21.6
2023-04-21,Mpumalanga,0.0,22.6
2023-04-22,Mpumalanga,5.1,23.9
2023-04-23,Mpumalanga,0.0,23.7
2023-04-24,Mpumalanga,0.0,21.9
2023-04-25,Mpumalanga,0.0,21.9
2023-04-26,Mpumalanga,0.0,21.7
2023-04-27,Mpumalanga,11.4,23.2
2023-04-28,Mpumalanga,0.0,20.8
2023-04-29,Mpumalanga,0.0,22.0
2023-04-30,Mpumalanga,0.0,22.7
2023-05-01,Mpumalanga,0.0,25.1
2023-05-02,Mpumalanga,0.0,23.4
2023-05-03,Mpumalanga,0.0,25.2
2023-05-04,Mpumalanga,0.0,24.1
2023-05-05,Mpumalanga,0.0,23.2
2023-05-06,Mpumalanga,0.0,23.4
2023-05-07,Mpumalanga,0.0,22.3
2023-05-08,Mpumalanga,0.0,27.8
2023-05-09,Mpumalanga,0.0,26.0
2023-05-10,Mpumalanga,0.0,25.3
2023-05-11,Mpumalanga,0.0,22.5
2023-05-12,Mpumalanga,0.0,23.9
2023-05-13,Mpumalanga,0.0,23.2
2023-05-14,Mpumalanga,0.0,24.9
2023-05-15,Mpumalanga,0.9,23.5
2023-05-16,Mpumalanga,0.0,23.9
2023-05-17,Mpumalanga,0.0,23.7
2023-05-18,Mpumalanga,0.0,24.8
2023-05-19,Mpumalanga,0.0,25.3
2023-05-20,Mpumalanga,0.0,25.0
2023-05-21,Mpumalanga,0.0,27.7
2023-05-22,Mpumalanga,0.0,26.7
2023-05-23,Mpumalanga,0.0,24.4
2023-05-24,Mpumalanga,3.5,26.1
2023-05-25,Mpumalanga,0.0,24.7
2023-05-26,Mpumalanga,0.0,25.2
2023-05-27,Mpumalanga,0.0,26.6
2023-05-28,Mpumalanga,0.0,26.9
2023-05-29,Mpumalanga,0.0,25.1
2023-05-30,Mpumalanga,0.0,24.4
2023-05-31,Mpumalanga,0.0,26.3
2023-06-01,Mpumalanga,0.0,26.9
2023-06-02,Mpumalanga,0.0,25.4
2023-06-03,Mpumalanga,0.0,27.6
2023-06-04,Mpumalanga,0.0,27.4
2023-06-05,Mpumalanga,0.0,25.6
2023-06-06,Mpumalanga,0.0,28.3
2023-06-07,Mpumalanga,0.0,28.4
2023-06-08,Mpumalanga,0.0,29.8
2023-06-09,Mpumalanga,0.0,29.4
2023-06-10,Mpumalanga,0.0,25.5
2023-06-11,Mpumalanga,0.0,28.3
2023-06-12,Mpumalanga,0.0,28.3
2023-06-13,Mpumalanga,0.0,26.5
2023-06-14,Mpumalanga,0.0,27.8
2023-06-15,Mpumalanga,0.0,24.3
2023-06-16,Mpumalanga,0.0,24.3
2023-06-17,Mpumalanga,0.0,24.7
2023-06-18,Mpumalanga,0.0,27.9
2023-06-19,Mpumalanga,0.0,28.0
2023-06-20,Mpumalanga,0.0,27.0
2023-06-21,Mpumalanga,0.0,30.0
2023-06-22,Mpumalanga,0.0,29.0
2023-06-23,Mpumalanga,0.0,25.1
2023-06-24,Mpumalanga,0.0,27.3
2023-06-25,Mpumalanga,0.0,26.2
2023-06-26,Mpumalanga,0.0,28.3
2023-06-27,Mpumalanga,0.0,27.6
2023-06-28,Mpumalanga,0.0,26.4
2023-06-29,Mpumalanga,0.0,30.3
2023-06-30,Mpumalanga,0.0,27.8
2023-07-01,Mpumalanga,0.0,27.2
2023-07-02,Mpumalanga,0.0,27.4
2023-07-03,Mpumalanga,0.0,30.3
2023-07-04,Mpumalanga,0.0,29.2
2023-07-05,Mpumalanga,0.0,27.6
2023-07-06,Mpumalanga,0.0,26.4
2023-07-07,Mpumalanga,0.0,26.7
2023-07-08,Mpumalanga,0.0,27.2
2023-07-09,Mpumalanga,0.0,28.7
2023-07-10,Mpumalanga,0.0,29.1
2023-07-11,Mpumalanga,0.0,26.9
2023-07-12,Mpumalanga,0.0,29.2
2023-07-13,Mpumalanga,0.0,26.6
2023-07-14,Mpumalanga,0.0,27.1
2023-07-15,Mpumalanga,0.0,25.8
2023-07-16,Mpumalanga,0.0,25.8
2023-07-17,Mpumalanga,0.0,26.6
2023-07-18,Mpumalanga,0.0,28.0
2023-07-19,Mpumalanga,0.0,26.5
2023-07-20,Mpumalanga,0.0,30.2
2023-07-21,Mpumalanga,0.0,26.6
2023-07-22,Mpumalanga,0.0,28.2
2023-07-23,Mpumalanga,0.0,29.9
2023-07-24,Mpumalanga,0.0,28.1
2023-07-25,Mpumalanga,0.0,27.4
2023-07-26,Mpumalanga,0.0,28.1
2023-07-27,Mpumalanga,0.0,27.1
2023-07-28,Mpumalanga,0.0,26.4
2023-07-29,Mpumalanga,0.0,28.8
2023-07-30,Mpumalanga,0.0,27.0
2023-07-31,Mpumalanga,0.0,29.2
2023-08-01,Mpumalanga,0.0,29.0
2023-08-02,Mpumalanga,0.0,28.0
2023-08-03,Mpumalanga,0.0,29.2
2023-08-04,Mpumalanga,0.0,26.9
2023-08-05,Mpumalanga,0.0,28.8
2023-08-06,Mpumalanga,0.0,28.8
2023-08-07,Mpumalanga,0.0,27.1
2023-08-08,Mpumalanga,0.0,26.9
2023-08-09,Mpumalanga,0.0,28.0
2023-08-10,Mpumalanga,0.0,30.4
2023-08-11,Mpumalanga,0.0,27.1
2023-08-12,Mpumalanga,0.0,26.7
2023-08-13,Mpumalanga,0.0,29.1
2023-08-14,Mpumalanga,0.0,27.4
2023-08-15,Mpumalanga,0.0,28.5
2023-08-16,Mpumalanga,0.0,29.4
2023-08-17,Mpumalanga,0.0,24.3
2023-08-18,Mpumalanga,0.0,27.0
2023-08-19,Mpumalanga,0.0,26.7
2023-08-20,Mpumalanga,0.0,25.5
2023-08-21,Mpumalanga,0.0,24.0
2023-08-22,Mpumalanga,0.0,24.5
2023-08-23,Mpumalanga,0.0,26.9
2023-08-24,Mpumalanga,0.0,25.9
2023-08-25,Mpumalanga,0.0,25.5
2023-08-26,Mpumalanga,0.0,26.7
2023-08-27,Mpumalanga,0.0,25.5
2023-08-28,Mpumalanga,0.0,28.4
2023-08-29,Mpumalanga,0.0,25.5
2023-08-30,Mpumalanga,0.0,28.6
2023-08-31,Mpumalanga,0.0,26.2
2023-09-01,Mpumalanga,0.0,25.2
2023-09-02,Mpumalanga,0.0,25.0
2023-09-03,Mpumalanga,0.0,28.3
2023-09-04,Mpumalanga,0.0,27.0
2023-09-05,Mpumalanga,0.0,24.7
2023-09-06,Mpumalanga,0.0,26.0
2023-09-07,Mpumalanga,0.0,22.2
2023-09-08,Mpumalanga,0.0,23.6
2023-09-09,Mpumalanga,0.0,24.4
2023-09-10,Mpumalanga,0.0,24.3
2023-09-11,Mpumalanga,0.0,27.2
2023-09-12,Mpumalanga,0.0,22.4
2023-09-13,Mpumalanga,0.0,23.1
2023-09-14,Mpumalanga,0.0,25.8
2023-09-15,Mpumalanga,0.0,25.4
2023-09-16,Mpumalanga,0.0,24.4
2023-09-17,Mpumalanga,0.0,27.9
2023-09-18,Mpumalanga,0.0,25.7
2023-09-19,Mpumalanga,0.0,26.5
2023-09-20,Mpumalanga,0.0,24.5
2023-09-21,Mpumalanga,0.0,23.7
2023-09-22,Mpumalanga,0.0,23.6
2023-09-23,Mpumalanga,0.0,25.7
2023-09-24,Mpumalanga,0.0,25.4
2023-09-25,Mpumalanga,0.0,23.8
2023-09-26,Mpumalanga,0.0,24.7
2023-09-27,Mpumalanga,0.0,25.3
2023-09-28,Mpumalanga,0.0,23.0
2023-09-29,Mpumalanga,0.0,23.2
2023-09-30,Mpumalanga,0.0,24.3
2023-10-01,Mpumalanga,0.0,20.8
2023-10-02,Mpumalanga,0.0,24.1
2023-10-03,Mpumalanga,0.0,21.6
2023-10-04,Mpumalanga,0.0,24.6
2023-10-05,Mpumalanga,0.0,26.3
2023-10-06,Mpumalanga,0.0,22.0
2023-10-07,Mpumalanga,0.0,20.9
2023-10-08,Mpumalanga,0.0,22.5
2023-10-09,Mpumalanga,0.0,22.3
2023-10-10,Mpumalanga,0.0,23.6
2023-10-11,Mpumalanga,0.0,22.8
2023-10-12,Mpumalanga,0.0,21.9
2023-10-13,Mpumalanga,0.0,22.4
2023-10-14,Mpumalanga,0.0,20.5
2023-10-15,Mpumalanga,0.0,23.3
2023-10-16,Mpumalanga,0.0,24.4
2023-10-17,Mpumalanga,0.0,20.1
2023-10-18,Mpumalanga,0.0,19.4
2023-10-19,Mpumalanga,0.0,21.1
2023-10-20,Mpumalanga,0.0,19.7
2023-10-21,Mpumalanga,0.0,19.5
2023-10-22,Mpumalanga,0.0,19.3
2023-10-23,Mpumalanga,0.0,21.0
2023-10-24,Mpumalanga,0.0,20.5
2023-10-25,Mpumalanga,0.0,21.6
2023-10-26,Mpumalanga,0.0,20.1
2023-10-27,Mpumalanga,0.0,19.0
2023-10-28,Mpumalanga,0.0,20.7
2023-10-29,Mpumalanga,7.3,19.1
2023-10-30,Mpumalanga,0.0,21.3
2023-10-31,Mpumalanga,0.0,17.9
2023-11-01,Mpumalanga,0.0,17.1
2023-11-02,Mpumalanga,0.0,17.8
2023-11-03,Mpumalanga,0.0,19.5
2023-11-04,Mpumalanga,0.0,19.6
2023-11-05,Mpumalanga,0.0,20.2
2023-11-06,Mpumalanga,2.3,19.0
2023-11-07,Mpumalanga,0.0,18.5
2023-11-08,Mpumalanga,0.0,21.8
2023-11-09,Mpumalanga,0.0,21.3
2023-11-10,Mpumalanga,0.0,21.0
2023-11-11,Mpumalanga,0.0,19.8
2023-11-12,Mpumalanga,0.0,19.9
2023-11-13,Mpumalanga,0.0,18.0
2023-11-14,Mpumalanga,0.0,19.3
2023-11-15,Mpumalanga,0.0,17.6
2023-11-16,Mpumalanga,0.0,17.3
2023-11-17,Mpumalanga,0.0,16.4
2023-11-18,Mpumalanga,6.4,19.4
2023-11-19,Mpumalanga,0.0,18.9
2023-11-20,Mpumalanga,0.0,18.1
2023-11-21,Mpumalanga,0.4,17.8
2023-11-22,Mpumalanga,0.9,15.7
2023-11-23,Mpumalanga,0.0,18.7
2023-11-24,Mpumalanga,0.0,17.8
2023-11-25,Mpumalanga,0.3,19.5
2023-11-26,Mpumalanga,0.0,18.3
2023-11-27,Mpumalanga,0.0,19.1
2023-11-28,Mpumalanga,0.0,17.9
2023-11-29,Mpumalanga,6.8,18.1
2023-11-30,Mpumalanga,6.9,19.2
2023-12-01,Mpumalanga,0.0,17.4
2023-12-02,Mpumalanga,2.7,18.3
2023-12-03,Mpumalanga,0.0,16.9
2023-12-04,Mpumalanga,0.0,17.3
2023-12-05,Mpumalanga,0.0,19.8
2023-12-06,Mpumalanga,6.3,18.3
2023-12-07,Mpumalanga,0.0,16.5
2023-12-08,Mpumalanga,0.0,17.9
2023-12-09,Mpumalanga,0.0,15.3
2023-12-10,Mpumalanga,0.0,16.8
2023-12-11,Mpumalanga,0.0,15.6
2023-12-12,Mpumalanga,0.0,17.7
2023-12-13,Mpumalanga,13.9,16.7
2023-12-14,Mpumalanga,0.0,17.3
2023-12-15,Mpumalanga,0.0,18.0
2023-12-16,Mpumalanga,0.0,16.1
2023-12-17,Mpumalanga,0.0,16.1
2023-12-18,Mpumalanga,0.0,16.6
2023-12-19,Mpumalanga,0.0,15.3
2023-12-20,Mpumalanga,0.0,16.6
2023-12-21,Mpumalanga,0.0,16.6
2023-12-22,Mpumalanga,5.2,16.8
2023-12-23,Mpumalanga,0.0,17.1
2023-12-24,Mpumalanga,0.0,14.0
2023-12-25,Mpumalanga,0.0,14.5
2023-12-26,Mpumalanga,0.0,14.6
2023-12-27,Mpumalanga,6.0,16.5
2023-12-28,Mpumalanga,0.0,15.9
2023-12-29,Mpumalanga,10.9,12.9
2023-12-30,Mpumalanga,9.8,19.1
2023-12-31,Mpumalanga,0.0,13.2
2024-01-01,Mpumalanga,0.0,16.2
2024-01-02,Mpumalanga,2.1,17.0
2024-01-03,Mpumalanga,7.8,15.0
2024-01-04,Mpumalanga,0.0,17.1
2024-01-05,Mpumalanga,1.5,14.6
2024-01-06,Mpumalanga,2.1,16.3
2024-01-07,Mpumalanga,1.8,12.8
2024-01-08,Mpumalanga,2.7,17.8
2024-01-09,Mpumalanga,0.0,16.0
2024-01-10,Mpumalanga,1.2,13.6
2024-01-11,Mpumalanga,0.0,17.0
2024-01-12,Mpumalanga,0.0,18.5
2024-01-13,Mpumalanga,0.0,14.6
2024-01-14,Mpumalanga,17.8,15.7
2024-01-15,Mpumalanga,8.0,15.2
2024-01-16,Mpumalanga,0.0,14.8
2024-01-17,Mpumalanga,0.0,14.7
2024-01-18,Mpumalanga,0.7,15.0
2024-01-19,Mpumalanga,0.0,15.1
2024-01-20,Mpumalanga,3.5,15.5
2024-01-21,Mpumalanga,3.7,15.4
2024-01-22,Mpumalanga,0.0,17.2
2024-01-23,Mpumalanga,0.0,17.1
2024-01-24,Mpumalanga,3.1,13.8
2024-01-25,Mpumalanga,0.0,15.2
2024-01-26,Mpumalanga,6.1,18.0
2024-01-27,Mpumalanga,0.0,16.6
2024-01-28,Mpumalanga,0.0,16.7
2024-01-29,Mpumalanga,0.0,16.5
2024-01-30,Mpumalanga,0.0,15.8
2024-01-31,Mpumalanga,0.0,16.2
2024-02-01,Mpumalanga,0.0,15.6
2024-02-02,Mpumalanga,0.0,17.6
2024-02-03,Mpumalanga,0.0,15.7
2024-02-04,Mpumalanga,0.0,16.2
2024-02-05,Mpumalanga,0.0,17.5
2024-02-06,Mpumalanga,0.0,15.9
2024-02-07,Mpumalanga,0.0,16.4
2024-02-08,Mpumalanga,0.0,16.0
2024-02-09,Mpumalanga,0.0,16.4
2024-02-10,Mpumalanga,0.0,16.1
2024-02-11,Mpumalanga,0.0,15.8
2024-02-12,Mpumalanga,2.0,15.6
2024-02-13,Mpumalanga,1.2,16.5
2024-02-14,Mpumalanga,0.0,18.3
2024-02-15,Mpumalanga,6.8,17.8
2024-02-16,Mpumalanga,0.0,14.5
2024-02-17,Mpumalanga,0.0,16.3
2024-02-18,Mpumalanga,0.0,16.0
2024-02-19,Mpumalanga,0.0,14.7
2024-02-20,Mpumalanga,0.0,17.5
2024-02-21,Mpumalanga,0.0,17.0
2024-02-22,Mpumalanga,3.4,20.3
2024-02-23,Mpumalanga,0.0,16.8
2024-02-24,Mpumalanga,0.0,16.2
2024-02-25,Mpumalanga,0.5,16.1
2024-02-26,Mpumalanga,21.6,16.8
2024-02-27,Mpumalanga,3.0,18.5
2024-02-28,Mpumalanga,0.0,18.7
2024-02-29,Mpumalanga,0.0,22.1
2024-03-01,Mpumalanga,0.0,16.0
2024-03-02,Mpumalanga,0.0,18.0
2024-03-03,Mpumalanga,0.0,16.9
2024-03-04,Mpumalanga,17.9,18.5
2024-03-05,Mpumalanga,0.0,20.2
2024-03-06,Mpumalanga,0.0,19.5
2024-03-07,Mpumalanga,0.0,16.4
2024-03-08,Mpumalanga,0.0,19.4
2024-03-09,Mpumalanga,2.3,15.2
2024-03-10,Mpumalanga,0.0,14.9
2024-03-11,Mpumalanga,2.0,18.2
2024-03-12,Mpumalanga,0.0,19.6
2024-03-13,Mpumalanga,2.6,19.3
2024-03-14,Mpumalanga,2.2,21.7
2024-03-15,Mpumalanga,0.0,19.1
2024-03-16,Mpumalanga,0.0,18.9
2024-03-17,Mpumalanga,15.1,20.8
2024-03-18,Mpumalanga,0.0,18.6
2024-03-19,Mpumalanga,0.0,19.9
2024-03-20,Mpumalanga,2.0,20.1
2024-03-21,Mpumalanga,0.0,18.0
2024-03-22,Mpumalanga,0.0,20.1
2024-03-23,Mpumalanga,0.0,22.9
2024-03-24,Mpumalanga,0.0,21.5
2024-03-25,Mpumalanga,17.8,18.6
2024-03-26,Mpumalanga,0.0,23.5
2024-03-27,Mpumalanga,0.0,21.1
2024-03-28,Mpumalanga,0.0,20.8
2024-03-29,Mpumalanga,3.7,20.1
2024-03-30,Mpumalanga,0.0,21.4
2024-03-31,Mpumalanga,0.0,20.6
2024-04-01,Mpumalanga,0.0,20.6
2024-04-02,Mpumalanga,0.0,20.4
2024-04-03,Mpumalanga,0.0,22.2
2024-04-04,Mpumalanga,2.7,22.1
2024-04-05,Mpumalanga,0.0,20.7
2024-04-06,Mpumalanga,0.0,18.8
2024-04-07,Mpumalanga,0.0,21.2
2024-04-08,Mpumalanga,0.0,20.2
2024-04-09,Mpumalanga,0.0,20.6
2024-04-10,Mpumalanga,0.0,21.3
2024-04-11,Mpumalanga,0.0,20.0
2024-04-12,Mpumalanga,1.0,19.2
2024-04-13,Mpumalanga,0.0,22.2
2024-04-14,Mpumalanga,0.0,21.9
2024-04-15,Mpumalanga,0.0,22.0
2024-04-16,Mpumalanga,0.0,22.8
2024-04-17,Mpumalanga,0.0,21.2
2024-04-18,Mpumalanga,0.0,22.8
2024-04-19,Mpumalanga,2.8,24.4
2024-04-20,Mpumalanga,0.4,22.1
2024-04-21,Mpumalanga,0.0,25.4
2024-04-22,Mpumalanga,0.0,22.8
2024-04-23,Mpumalanga,0.0,21.5
2024-04-24,Mpumalanga,0.7,24.2
2024-04-25,Mpumalanga,0.0,22.8
2024-04-26,Mpumalanga,0.0,24.7
2024-04-27,Mpumalanga,0.0,23.8
2024-04-28,Mpumalanga,0.0,22.8
2024-04-29,Mpumalanga,0.0,25.7
2024-04-30,Mpumalanga,0.0,22.8
2024-05-01,Mpumalanga,0.0,20.4
2024-05-02,Mpumalanga,0.0,25.0
2024-05-03,Mpumalanga,0.0,24.3
2024-05-04,Mpumalanga,0.0,25.8
2024-05-05,Mpumalanga,0.0,22.7
2024-05-06,Mpumalanga,0.0,23.7
2024-05-07,Mpumalanga,0.0,23.7
2024-05-08,Mpumalanga,0.0,25.7
2024-05-09,Mpumalanga,0.0,25.4
2024-05-10,Mpumalanga,0.0,24.8
2024-05-11,Mpumalanga,0.0,24.9
2024-05-12,Mpumalanga,0.0,22.9
2024-05-13,Mpumalanga,0.0,25.9
2024-05-14,Mpumalanga,0.0,26.0
2024-05-15,Mpumalanga,0.0,28.4
2024-05-16,Mpumalanga,0.0,25.7
2024-05-17,Mpumalanga,0.0,26.1
2024-05-18,Mpumalanga,0.0,25.9
2024-05-19,Mpumalanga,0.0,24.2
2024-05-20,Mpumalanga,0.0,27.3
2024-05-21,Mpumalanga,0.0,25.4
2024-05-22,Mpumalanga,0.0,25.3
2024-05-23,Mpumalanga,0.0,25.4
2024-05-24,Mpumalanga,0.0,25.6
2024-05-25,Mpumalanga,0.0,25.1
2024-05-26,Mpumalanga,0.0,26.2
2024-05-27,Mpumalanga,0.0,25.8
2024-05-28,Mpumalanga,0.0,25.8
2024-05-29,Mpumalanga,0.0,26.8
2024-05-30,Mpumalanga,0.0,26.3
2024-05-31,Mpumalanga,0.0,25.4
2024-06-01,Mpumalanga,0.0,25.2
2024-06-02,Mpumalanga,0.0,26.5
2024-06-03,Mpumalanga,0.0,25.3
2024-06-04,Mpumalanga,0.0,25.3
2024-06-05,Mpumalanga,0.0,25.4
2024-06-06,Mpumalanga,0.0,27.0
2024-06-07,Mpumalanga,0.0,28.5
2024-06-08,Mpumalanga,0.0,27.3
2024-06-09,Mpumalanga,0.0,28.2
2024-06-10,Mpumalanga,0.0,26.8
2024-06-11,Mpumalanga,0.0,27.2
2024-06-12,Mpumalanga,0.0,29.5
2024-06-13,Mpumalanga,0.0,28.3
2024-06-14,Mpumalanga,0.0,28.5
2024-06-15,Mpumalanga,0.0,26.8
2024-06-16,Mpumalanga,0.0,27.2
2024-06-17,Mpumalanga,0.0,27.9
2024-06-18,Mpumalanga,0.0,26.4
2024-06-19,Mpumalanga,0.0,23.8
2024-06-20,Mpumalanga,0.0,28.0
2024-06-21,Mpumalanga,0.0,28.9
2024-06-22,Mpumalanga,0.0,27.6
2024-06-23,Mpumalanga,0.0,26.7
2024-06-24,Mpumalanga,0.0,27.1
2024-06-25,Mpumalanga,0.0,24.6
2024-06-26,Mpumalanga,0.0,27.2
2024-06-27,Mpumalanga,0.0,26.0
2024-06-28,Mpumalanga,0.0,26.7
2024-06-29,Mpumalanga,0.0,26.0
2024-06-30,Mpumalanga,0.0,25.9
2024-07-01,Mpumalanga,0.0,26.3
2024-07-02,Mpumalanga,0.0,28.8
2024-07-03,Mpumalanga,0.0,27.1
2024-07-04,Mpumalanga,0.0,26.2
2024-07-05,Mpumalanga,0.0,29.0
2024-07-06,Mpumalanga,0.0,28.1
2024-07-07,Mpumalanga,0.0,24.4
2024-07-08,Mpumalanga,0.0,29.4
2024-07-09,Mpumalanga,0.0,28.1
2024-07-10,Mpumalanga,0.0,29.1
2024-07-11,Mpumalanga,0.0,27.6
2024-07-12,Mpumalanga,0.0,30.4
2024-07-13,Mpumalanga,0.0,27.4
2024-07-14,Mpumalanga,0.0,24.0
2024-07-15,Mpumalanga,0.0,26.7
2024-07-16,Mpumalanga,0.0,28.8
2024-07-17,Mpumalanga,0.0,28.2
2024-07-18,Mpumalanga,0.0,27.8
2024-07-19,Mpumalanga,0.0,26.5
2024-07-20,Mpumalanga,0.0,28.0
2024-07-21,Mpumalanga,0.0,28.0
2024-07-22,Mpumalanga,0.0,27.9
2024-07-23,Mpumalanga,0.0,28.8
2024-07-24,Mpumalanga,0.0,28.2
2024-07-25,Mpumalanga,0.0,27.5
2024-07-26,Mpumalanga,0.0,26.4
2024-07-27,Mpumalanga,0.0,29.9
2024-07-28,Mpumalanga,0.0,30.8
2024-07-29,Mpumalanga,0.0,30.5
2024-07-30,Mpumalanga,0.0,28.9
2024-07-31,Mpumalanga,0.0,25.3
2024-08-01,Mpumalanga,0.0,25.1
2024-08-02,Mpumalanga,0.0,26.9
2024-08-03,Mpumalanga,0.0,27.6
2024-08-04,Mpumalanga,0.0,27.5
2024-08-05,Mpumalanga,0.0,27.9
2024-08-06,Mpumalanga,0.0,25.5
2024-08-07,Mpumalanga,0.0,30.0
2024-08-08,Mpumalanga,0.0,29.8
2024-08-09,Mpumalanga,0.0,25.5
2024-08-10,Mpumalanga,0.0,24.6
2024-08-11,Mpumalanga,0.0,27.3
2024-08-12,Mpumalanga,0.0,29.2
2024-08-13,Mpumalanga,0.0,27.2
2024-08-14,Mpumalanga,0.0,27.6
2024-08-15,Mpumalanga,0.0,26.5
2024-08-16,Mpumalanga,0.0,27.4
2024-08-17,Mpumalanga,0.0,28.5
2024-08-18,Mpumalanga,0.0,27.6
2024-08-19,Mpumalanga,0.0,27.8
2024-08-20,Mpumalanga,0.0,24.4
2024-08-21,Mpumalanga,0.0,30.1
2024-08-22,Mpumalanga,0.0,24.3
2024-08-23,Mpumalanga,0.0,27.0
2024-08-24,Mpumalanga,0.0,26.4
2024-08-25,Mpumalanga,0.0,26.4
2024-08-26,Mpumalanga,0.0,27.8
2024-08-27,Mpumalanga,0.0,25.4
2024-08-28,Mpumalanga,0.0,25.7
2024-08-29,Mpumalanga,0.0,24.6
2024-08-30,Mpumalanga,0.0,27.9
2024-08-31,Mpumalanga,0.0,26.6
2024-09-01,Mpumalanga,0.0,27.1
2024-09-02,Mpumalanga,0.0,27.2
2024-09-03,Mpumalanga,0.0,28.9
2024-09-04,Mpumalanga,0.0,28.6
2024-09-05,Mpumalanga,0.0,26.3
2024-09-06,Mpumalanga,0.0,25.9
2024-09-07,Mpumalanga,0.0,24.8
2024-09-08,Mpumalanga,0.0,26.7
2024-09-09,Mpumalanga,0.0,26.5
2024-09-10,Mpumalanga,0.0,24.3
2024-09-11,Mpumalanga,0.0,26.4
2024-09-12,Mpumalanga,0.0,26.7
2024-09-13,Mpumalanga,0.0,23.4
2024-09-14,Mpumalanga,0.0,25.3
2024-09-15,Mpumalanga,0.0,24.8
2024-09-16,Mpumalanga,0.0,24.8
2024-09-17,Mpumalanga,0.0,23.3
2024-09-18,Mpumalanga,0.0,21.9
2024-09-19,Mpumalanga,0.0,23.4
2024-09-20,Mpumalanga,0.0,23.1
2024-09-21,Mpumalanga,0.0,24.9
2024-09-22,Mpumalanga,0.0,24.8
2024-09-23,Mpumalanga,0.0,24.7
2024-09-24,Mpumalanga,0.0,22.0
2024-09-25,Mpumalanga,0.0,22.3
2024-09-26,Mpumalanga,0.0,23.0
2024-09-27,Mpumalanga,0.0,23.8
2024-09-28,Mpumalanga,0.0,23.2
2024-09-29,Mpumalanga,0.0,24.1
2024-09-30,Mpumalanga,0.0,25.0
2024-10-01,Mpumalanga,0.0,21.9
2024-10-02,Mpumalanga,0.0,21.9
2024-10-03,Mpumalanga,0.0,23.4
2024-10-04,Mpumalanga,0.0,23.0
2024-10-05,Mpumalanga,0.0,24.1
2024-10-06,Mpumalanga,0.0,22.9
2024-10-07,Mpumalanga,0.0,25.4
2024-10-08,Mpumalanga,0.0,20.3
2024-10-09,Mpumalanga,0.0,23.9
2024-10-10,Mpumalanga,0.0,22.8
2024-10-11,Mpumalanga,0.0,20.3
2024-10-12,Mpumalanga,0.0,19.2
2024-10-13,Mpumalanga,0.0,20.5
2024-10-14,Mpumalanga,0.0,23.9
2024-10-15,Mpumalanga,0.0,23.6
2024-10-16,Mpumalanga,0.0,21.7
2024-10-17,Mpumalanga,0.0,21.2
2024-10-18,Mpumalanga,0.0,20.4
2024-10-19,Mpumalanga,0.0,21.3
2024-10-20,Mpumalanga,0.0,20.7
2024-10-21,Mpumalanga,0.0,23.9
2024-10-22,Mpumalanga,0.0,19.4
2024-10-23,Mpumalanga,0.0,21.7
2024-10-24,Mpumalanga,0.0,23.7
2024-10-25,Mpumalanga,0.0,22.1
2024-10-26,Mpumalanga,0.0,19.2
2024-10-27,Mpumalanga,0.0,18.4
2024-10-28,Mpumalanga,0.9,21.1
2024-10-29,Mpumalanga,0.0,20.8
2024-10-30,Mpumalanga,0.0,22.3
2024-10-31,Mpumalanga,0.0,21.2
2024-11-01,Mpumalanga,0.0,19.5
2024-11-02,Mpumalanga,0.0,19.3
2024-11-03,Mpumalanga,0.0,18.1
2024-11-04,Mpumalanga,0.0,20.1
2024-11-05,Mpumalanga,0.0,17.7
2024-11-06,Mpumalanga,0.0,21.1
2024-11-07,Mpumalanga,0.0,20.5
2024-11-08,Mpumalanga,0.0,20.4
2024-11-09,Mpumalanga,0.0,17.5
2024-11-10,Mpumalanga,0.0,19.2
2024-11-11,Mpumalanga,0.3,18.7
2024-11-12,Mpumalanga,0.0,19.4
2024-11-13,Mpumalanga,0.0,19.9
2024-11-14,Mpumalanga,3.2,18.2
2024-11-15,Mpumalanga,0.0,18.2
2024-11-16,Mpumalanga,0.0,19.9
2024-11-17,Mpumalanga,0.0,17.1
2024-11-18,Mpumalanga,0.0,17.5
2024-11-19,Mpumalanga,0.0,18.6
2024-11-20,Mpumalanga,0.0,19.8
2024-11-21,Mpumalanga,0.8,17.0
2024-11-22,Mpumalanga,0.0,21.0
2024-11-23,Mpumalanga,0.0,16.2
2024-11-24,Mpumalanga,0.0,20.5
2024-11-25,Mpumalanga,0.0,19.9
2024-11-26,Mpumalanga,0.0,15.9
2024-11-27,Mpumalanga,0.0,15.5
2024-11-28,Mpumalanga,0.0,18.9
2024-11-29,Mpumalanga,1.5,17.2
2024-11-30,Mpumalanga,0.0,16.2
2024-12-01,Mpumalanga,0.0,20.4
2024-12-02,Mpumalanga,0.0,15.8
2024-12-03,Mpumalanga,0.0,16.4
2024-12-04,Mpumalanga,0.0,16.5
2024-12-05,Mpumalanga,0.0,13.2
2024-12-06,Mpumalanga,0.0,17.4
2024-12-07,Mpumalanga,0.0,15.9
2024-12-08,Mpumalanga,0.0,18.4
2024-12-09,Mpumalanga,0.0,18.5
2024-12-10,Mpumalanga,0.0,17.4
2024-12-11,Mpumalanga,0.0,17.4
2024-12-12,Mpumalanga,0.0,17.2
2024-12-13,Mpumalanga,0.0,15.8
2024-12-14,Mpumalanga,0.0,15.9
2024-12-15,Mpumalanga,0.0,18.8
2024-12-16,Mpumalanga,0.0,17.8
2024-12-17,Mpumalanga,0.0,17.0
2024-12-18,Mpumalanga,0.0,17.5
2024-12-19,Mpumalanga,0.0,16.5
2024-12-20,Mpumalanga,9.3,16.8
2024-12-21,Mpumalanga,0.0,17.4
2024-12-22,Mpumalanga,1.4,13.4
2024-12-23,Mpumalanga,22.8,17.8
2024-12-24,Mpumalanga,0.0,17.6
2024-12-25,Mpumalanga,0.0,15.2
2024-12-26,Mpumalanga,0.0,18.2
2024-12-27,Mpumalanga,0.0,13.0
2024-12-28,Mpumalanga,0.2,16.8
2024-12-29,Mpumalanga,0.0,16.3
2024-12-30,Mpumalanga,0.0,15.7
2024-12-31,Mpumalanga,1.3,16.2
2025-01-01,Mpumalanga,8.4,17.0
2025-01-02,Mpumalanga,0.0,13.4
2025-01-03,Mpumalanga,0.0,17.6
2025-01-04,Mpumalanga,0.0,15.5
2025-01-05,Mpumalanga,0.0,17.6
2025-01-06,Mpumalanga,0.0,17.0
2025-01-07,Mpumalanga,0.0,15.4
2025-01-08,Mpumalanga,0.0,15.9
2025-01-09,Mpumalanga,0.0,16.0
2025-01-10,Mpumalanga,0.0,18.4
2025-01-11,Mpumalanga,1.8,14.3
2025-01-12,Mpumalanga,0.0,15.4
2025-01-13,Mpumalanga,0.0,13.6
2025-01-14,Mpumalanga,0.0,16.2
2025-01-15,Mpumalanga,0.0,15.1
2025-01-16,Mpumalanga,0.0,15.2
2025-01-17,Mpumalanga,20.4,18.2
2025-01-18,Mpumalanga,0.0,14.8
2025-01-19,Mpumalanga,0.0,15.8
2025-01-20,Mpumalanga,0.0,15.3
2025-01-21,Mpumalanga,0.0,15.4
2025-01-22,Mpumalanga,7.0,20.2
2025-01-23,Mpumalanga,0.0,13.5
2025-01-24,Mpumalanga,0.0,17.0
2025-01-25,Mpumalanga,0.0,19.7
2025-01-26,Mpumalanga,0.0,17.7
2025-01-27,Mpumalanga,0.0,16.2
2025-01-28,Mpumalanga,0.0,14.4
2025-01-29,Mpumalanga,0.0,18.1
2025-01-30,Mpumalanga,0.0,17.6
2025-01-31,Mpumalanga,9.0,13.9
2025-02-01,Mpumalanga,0.0,15.8
2025-02-02,Mpumalanga,3.1,14.5
2025-02-03,Mpumalanga,8.3,12.0
2025-02-04,Mpumalanga,0.0,14.5
2025-02-05,Mpumalanga,1.3,16.5
2025-02-06,Mpumalanga,0.0,17.3
2025-02-07,Mpumalanga,0.0,16.0
2025-02-08,Mpumalanga,0.0,18.6
2025-02-09,Mpumalanga,0.0,18.1
2025-02-10,Mpumalanga,4.5,16.4
2025-02-11,Mpumalanga,0.0,16.3
2025-02-12,Mpumalanga,0.0,17.3
2025-02-13,Mpumalanga,0.0,16.7
2025-02-14,Mpumalanga,0.0,14.6
2025-02-15,Mpumalanga,7.5,16.4
2025-02-16,Mpumalanga,0.0,17.9
2025-02-17,Mpumalanga,0.0,18.9
2025-02-18,Mpumalanga,0.0,18.4
2025-02-19,Mpumalanga,0.0,17.6
2025-02-20,Mpumalanga,1.0,19.3
2025-02-21,Mpumalanga,0.0,17.8
2025-02-22,Mpumalanga,0.0,17.1
2025-02-23,Mpumalanga,0.0,19.5
2025-02-24,Mpumalanga,0.0,18.4
2025-02-25,Mpumalanga,0.0,19.4
2025-02-26,Mpumalanga,0.0,15.7
2025-02-27,Mpumalanga,4.6,16.3
2025-02-28,Mpumalanga,0.0,16.4
2025-03-01,Mpumalanga,0.0,18.0
2025-03-02,Mpumalanga,0.0,20.5
2025-03-03,Mpumalanga,0.0,16.2
2025-03-04,Mpumalanga,0.0,19.3
2025-03-05,Mpumalanga,0.0,16.2
2025-03-06,Mpumalanga,0.0,21.3
2025-03-07,Mpumalanga,6.8,15.8
2025-03-08,Mpumalanga,0.0,19.4
2025-03-09,Mpumalanga,0.0,19.6
2025-03-10,Mpumalanga,0.0,19.3
2025-03-11,Mpumalanga,0.0,17.2
2025-03-12,Mpumalanga,0.0,17.0
2025-03-13,Mpumalanga,1.2,20.6
2025-03-14,Mpumalanga,0.0,20.3
2025-03-15,Mpumalanga,1.1,20.4
2025-03-16,Mpumalanga,2.5,20.7
2025-03-17,Mpumalanga,0.0,16.7
2025-03-18,Mpumalanga,0.0,16.8
2025-03-19,Mpumalanga,0.0,18.2
2025-03-20,Mpumalanga,0.0,18.6
2025-03-21,Mpumalanga,0.0,18.5
2025-03-22,Mpumalanga,0.0,19.9
2025-03-23,Mpumalanga,0.0,21.2
2025-03-24,Mpumalanga,1.7,19.2
2025-03-25,Mpumalanga,0.0,18.5
2025-03-26,Mpumalanga,0.0,21.1
2025-03-27,Mpumalanga,0.0,19.5
2025-03-28,Mpumalanga,4.8,20.2
2025-03-29,Mpumalanga,1.3,19.6
2025-03-30,Mpumalanga,0.0,20.8
2025-03-31,Mpumalanga,0.0,18.8
2025-04-01,Mpumalanga,0.0,21.5
2025-04-02,Mpumalanga,0.0,20.5
2025-04-03,Mpumalanga,0.0,19.5
2025-04-04,Mpumalanga,0.0,21.5
2025-04-05,Mpumalanga,0.0,19.7
2025-04-06,Mpumalanga,0.0,19.9
2025-04-07,Mpumalanga,0.0,19.2
2025-04-08,Mpumalanga,0.0,18.6
2025-04-09,Mpumalanga,0.0,22.1
2025-04-10,Mpumalanga,0.0,23.1
2025-04-11,Mpumalanga,1.4,20.8
2025-04-12,Mpumalanga,0.0,20.4
2025-04-13,Mpumalanga,0.0,18.9
2025-04-14,Mpumalanga,0.0,18.5
2025-04-15,Mpumalanga,0.0,23.0
2025-04-16,Mpumalanga,0.0,19.0
2025-04-17,Mpumalanga,8.2,20.4
2025-04-18,Mpumalanga,0.0,22.6
2025-04-19,Mpumalanga,0.0,22.4
2025-04-20,Mpumalanga,0.0,22.9
2025-04-21,Mpumalanga,0.0,22.5
2025-04-22,Mpumalanga,0.0,22.1
2025-04-23,Mpumalanga,0.0,21.0
2025-04-24,Mpumalanga,0.0,21.8
2025-04-25,Mpumalanga,3.2,22.5
2025-04-26,Mpumalanga,0.0,20.2
2025-04-27,Mpumalanga,5.1,21.9
2025-04-28,Mpumalanga,0.0,22.6
2025-04-29,Mpumalanga,0.0,22.3
2025-04-30,Mpumalanga,0.0,22.9
2025-05-01,Mpumalanga,0.0,24.5
2025-05-02,Mpumalanga,0.0,24.8
2025-05-03,Mpumalanga,0.0,26.0
2025-05-04,Mpumalanga,0.0,21.5
2025-05-05,Mpumalanga,0.0,23.3
2025-05-06,Mpumalanga,0.0,25.8
2025-05-07,Mpumalanga,0.0,21.5
2025-05-08,Mpumalanga,0.0,22.4
2025-05-09,Mpumalanga,0.0,23.4
2025-05-10,Mpumalanga,0.0,27.5
2025-05-11,Mpumalanga,0.0,23.0
2025-05-12,Mpumalanga,0.0,26.2
2025-05-13,Mpumalanga,0.0,24.6
2025-05-14,Mpumalanga,0.0,23.0
2025-05-15,Mpumalanga,0.0,29.0
2025-05-16,Mpumalanga,0.0,25.2
2025-05-17,Mpumalanga,0.0,25.6
2025-05-18,Mpumalanga,0.0,25.9
2025-05-19,Mpumalanga,0.0,25.9
2025-05-20,Mpumalanga,0.0,28.5
2025-05-21,Mpumalanga,0.0,28.1
2025-05-22,Mpumalanga,0.0,24.1
2025-05-23,Mpumalanga,0.0,28.6
2025-05-24,Mpumalanga,0.0,24.6
2025-05-25,Mpumalanga,0.0,26.2
2025-05-26,Mpumalanga,0.0,23.6
2025-05-27,Mpumalanga,0.0,27.4
2025-05-28,Mpumalanga,0.0,25.5
2025-05-29,Mpumalanga,0.0,24.3
2025-05-30,Mpumalanga,0.0,27.9
2025-05-31,Mpumalanga,0.0,28.3
2025-06-01,Mpumalanga,0.0,28.5
2025-06-02,Mpumalanga,0.0,24.0
2025-06-03,Mpumalanga,0.0,28.8
2025-06-04,Mpumalanga,0.0,26.0
2025-06-05,Mpumalanga,0.0,29.6
2025-06-06,Mpumalanga,0.0,27.5
2025-06-07,Mpumalanga,0.0,27.0
2025-06-08,Mpumalanga,0.0,26.7
2025-06-09,Mpumalanga,0.0,26.8
2025-06-10,Mpumalanga,0.0,25.8
2025-06-11,Mpumalanga,0.0,25.3
2025-06-12,Mpumalanga,0.0,26.4
2025-06-13,Mpumalanga,0.0,28.8
2025-06-14,Mpumalanga,0.0,25.0
2025-06-15,Mpumalanga,0.0,29.2
2025-06-16,Mpumalanga,0.0,27.4
2025-06-17,Mpumalanga,0.0,28.4
2025-06-18,Mpumalanga,0.0,28.5
2025-06-19,Mpumalanga,0.0,28.7
2025-06-20,Mpumalanga,0.0,27.4
2025-06-21,Mpumalanga,0.0,27.5
2025-06-22,Mpumalanga,0.0,28.8
2025-06-23,Mpumalanga,0.0,26.0
2025-06-24,Mpumalanga,0.0,25.8
2025-06-25,Mpumalanga,0.0,26.9
2025-06-26,Mpumalanga,0.0,28.1
2025-06-27,Mpumalanga,0.0,30.5
2025-06-28,Mpumalanga,0.0,27.8
2025-06-29,Mpumalanga,0.0,30.7
2025-06-30,Mpumalanga,0.0,28.5
2025-07-01,Mpumalanga,0.0,27.1
2025-07-02,Mpumalanga,0.0,29.5
2025-07-03,Mpumalanga,0.0,27.5
2025-07-04,Mpumalanga,0.0,28.2
2025-07-05,Mpumalanga,0.0,25.9
2025-07-06,Mpumalanga,0.0,25.6
2025-07-07,Mpumalanga,0.0,28.8
2025-07-08,Mpumalanga,0.0,29.6
2025-07-09,Mpumalanga,0.0,30.9
2025-07-10,Mpumalanga,0.0,26.7
2025-07-11,Mpumalanga,0.0,30.2
2025-07-12,Mpumalanga,0.0,30.0
2025-07-13,Mpumalanga,0.0,27.3
2025-07-14,Mpumalanga,0.0,30.1
2025-07-15,Mpumalanga,0.0,29.4
2025-07-16,Mpumalanga,0.0,29.7
2025-07-17,Mpumalanga,0.0,31.3
2025-07-18,Mpumalanga,0.0,29.6
2025-07-19,Mpumalanga,0.0,24.8
2025-07-20,Mpumalanga,0.0,28.5
2025-07-21,Mpumalanga,0.0,25.6
2025-07-22,Mpumalanga,0.0,28.2
2025-07-23,Mpumalanga,0.0,28.1
2025-07-24,Mpumalanga,0.0,27.1
2025-07-25,Mpumalanga,0.0,26.4
2025-07-26,Mpumalanga,0.0,27.1
2025-07-27,Mpumalanga,0.0,27.4
2025-07-28,Mpumalanga,0.0,27.7
2025-07-29,Mpumalanga,0.0,28.0
2025-07-30,Mpumalanga,0.0,28.7
2025-07-31,Mpumalanga,0.0,27.3
2025-08-01,Mpumalanga,0.0,29.7
2025-08-02,Mpumalanga,0.0,27.7
2025-08-03,Mpumalanga,0.0,29.1
2025-08-04,Mpumalanga,0.0,27.2
2025-08-05,Mpumalanga,0.0,31.8
2025-08-06,Mpumalanga,0.0,28.3
2025-08-07,Mpumalanga,0.0,30.0
2025-08-08,Mpumalanga,0.0,26.5
2025-08-09,Mpumalanga,0.0,26.8
2025-08-10,Mpumalanga,0.0,27.1
2025-08-11,Mpumalanga,0.0,31.1
2025-08-12,Mpumalanga,0.0,27.1
2025-08-13,Mpumalanga,0.0,26.1
2025-08-14,Mpumalanga,0.0,29.2
2025-08-15,Mpumalanga,0.0,27.3
2025-08-16,Mpumalanga,0.0,26.9
2025-08-17,Mpumalanga,0.0,26.2
2025-08-18,Mpumalanga,0.0,27.8
2025-08-19,Mpumalanga,0.0,28.6
2025-08-20,Mpumalanga,0.0,28.2
2025-08-21,Mpumalanga,0.0,26.2
2025-08-22,Mpumalanga,0.0,25.4
2025-08-23,Mpumalanga,0.0,20.8
2025-08-24,Mpumalanga,0.0,25.3
2025-08-25,Mpumalanga,0.0,26.1
2025-08-26,Mpumalanga,0.0,26.5
2025-08-27,Mpumalanga,0.0,26.1
2025-08-28,Mpumalanga,0.0,30.7
2025-08-29,Mpumalanga,0.0,27.1
2025-08-30,Mpumalanga,0.0,24.5
2025-08-31,Mpumalanga,0.0,27.2
2025-09-01,Mpumalanga,0.0,26.8
2025-09-02,Mpumalanga,0.0,24.5
2025-09-03,Mpumalanga,0.0,26.5
2025-09-04,Mpumalanga,0.0,26.7
2025-09-05,Mpumalanga,0.0,27.4
2025-09-06,Mpumalanga,0.0,23.1
2025-09-07,Mpumalanga,0.0,26.7
2025-09-08,Mpumalanga,0.0,27.7
2025-09-09,Mpumalanga,0.0,28.4
2025-09-10,Mpumalanga,0.0,23.6
2025-09-11,Mpumalanga,0.0,25.2
2025-09-12,Mpumalanga,0.0,25.2
2025-09-13,Mpumalanga,0.0,26.2
2025-09-14,Mpumalanga,0.0,24.9
2025-09-15,Mpumalanga,0.0,24.0
2025-09-16,Mpumalanga,0.0,25.3
2025-09-17,Mpumalanga,0.0,24.3
2025-09-18,Mpumalanga,0.0,25.6
2025-09-19,Mpumalanga,0.0,23.5
2025-09-20,Mpumalanga,0.0,23.0
2025-09-21,Mpumalanga,0.0,26.5
2025-09-22,Mpumalanga,0.0,27.8
2025-09-23,Mpumalanga,0.0,27.0
2025-09-24,Mpumalanga,0.0,24.1
2025-09-25,Mpumalanga,0.0,25.7
2025-09-26,Mpumalanga,0.0,23.0
2025-09-27,Mpumalanga,0.0,24.7
2025-09-28,Mpumalanga,0.0,22.9
2025-09-29,Mpumalanga,0.0,25.6
2025-09-30,Mpumalanga,0.0,25.3
2025-10-01,Mpumalanga,0.0,26.6
2025-10-02,Mpumalanga,0.0,23.1
2025-10-03,Mpumalanga,0.0,25.7
2025-10-04,Mpumalanga,0.0,24.0
2025-10-05,Mpumalanga,0.0,23.2
2025-10-06,Mpumalanga,0.0,23.5
2025-10-07,Mpumalanga,0.0,25.4
2025-10-08,Mpumalanga,0.0,22.6
2025-10-09,Mpumalanga,0.0,22.6
2025-10-10,Mpumalanga,0.0,19.5
2025-10-11,Mpumalanga,0.0,22.3
2025-10-12,Mpumalanga,0.0,22.8
2025-10-13,Mpumalanga,0.0,21.1
2025-10-14,Mpumalanga,0.0,20.7
2025-10-15,Mpumalanga,0.0,19.3
2025-10-16,Mpumalanga,0.0,21.1
2025-10-17,Mpumalanga,0.0,24.0
2025-10-18,Mpumalanga,0.0,19.5
2025-10-19,Mpumalanga,0.0,22.8
2025-10-20,Mpumalanga,0.0,22.9
2025-10-21,Mpumalanga,0.0,25.1
2025-10-22,Mpumalanga,0.0,22.9
2025-10-23,Mpumalanga,0.0,22.7
2025-10-24,Mpumalanga,0.0,21.7
2025-10-25,Mpumalanga,0.0,21.0
2025-10-26,Mpumalanga,0.0,22.2
2025-10-27,Mpumalanga,0.0,22.7
2025-10-28,Mpumalanga,0.0,21.0
2025-10-29,Mpumalanga,0.0,22.6
2025-10-30,Mpumalanga,0.0,24.9
2025-10-31,Mpumalanga,0.0,20.5
2025-11-01,Mpumalanga,0.0,20.5
2025-11-02,Mpumalanga,0.0,20.1
2025-11-03,Mpumalanga,0.0,20.3
2025-11-04,Mpumalanga,1.8,21.9
2025-11-05,Mpumalanga,0.0,20.1
2025-11-06,Mpumalanga,0.0,20.1
2025-11-07,Mpumalanga,0.0,19.4
2025-11-08,Mpumalanga,0.0,20.4
2025-11-09,Mpumalanga,0.0,18.8
2025-11-10,Mpumalanga,0.0,17.6
2025-11-11,Mpumalanga,0.0,20.1
2025-11-12,Mpumalanga,0.0,22.3
2025-11-13,Mpumalanga,0.0,18.8
2025-11-14,Mpumalanga,0.0,17.5
2025-11-15,Mpumalanga,1.4,21.9
2025-11-16,Mpumalanga,0.0,19.0
2025-11-17,Mpumalanga,0.0,20.3
2025-11-18,Mpumalanga,0.0,17.7
2025-11-19,Mpumalanga,0.8,18.7
2025-11-20,Mpumalanga,0.0,20.7
2025-11-21,Mpumalanga,0.0,18.7
2025-11-22,Mpumalanga,0.0,18.6
2025-11-23,Mpumalanga,0.0,16.1
2025-11-24,Mpumalanga,0.0,19.4
2025-11-25,Mpumalanga,0.0,17.0
2025-11-26,Mpumalanga,2.7,19.8
2025-11-27,Mpumalanga,0.0,18.3
2025-11-28,Mpumalanga,0.0,18.4
2025-11-29,Mpumalanga,0.0,19.0
2025-11-30,Mpumalanga,0.0,18.3
2025-12-01,Mpumalanga,0.0,20.3
2025-12-02,Mpumalanga,0.0,20.0
2025-12-03,Mpumalanga,0.0,15.7
2025-12-04,Mpumalanga,0.0,17.2
2025-12-05,Mpumalanga,6.9,18.7
2025-12-06,Mpumalanga,0.0,16.0
2025-12-07,Mpumalanga,0.0,15.0
2025-12-08,Mpumalanga,0.0,16.1
2025-12-09,Mpumalanga,0.0,17.0
2025-12-10,Mpumalanga,0.0,11.0
2025-12-11,Mpumalanga,0.0,15.4
2025-12-12,Mpumalanga,0.0,14.3
2025-12-13,Mpumalanga,0.0,18.7
2025-12-14,Mpumalanga,0.0,18.3
2025-12-15,Mpumalanga,0.0,17.3
2025-12-16,Mpumalanga,0.0,16.9
2025-12-17,Mpumalanga,6.3,17.5
2025-12-18,Mpumalanga,0.0,15.2
2025-12-19,Mpumalanga,0.0,18.5
2025-12-20,Mpumalanga,0.0,16.7
2025-12-21,Mpumalanga,0.0,17.9
2025-12-22,Mpumalanga,0.0,17.8
2025-12-23,Mpumalanga,0.0,17.3
2025-12-24,Mpumalanga,0.0,16.9
2025-12-25,Mpumalanga,0.0,16.7
2025-12-26,Mpumalanga,0.0,16.3
2025-12-27,Mpumalanga,0.0,17.0
2025-12-28,Mpumalanga,0.0,16.6
2025-12-29,Mpumalanga,0.0,15.5
2025-12-30,Mpumalanga,7.0,17.1
2021-01-01,KwaZulu-Natal,9.6,14.6
2021-01-02,KwaZulu-Natal,0.0,14.4
2021-01-03,KwaZulu-Natal,9.4,14.3
2021-01-04,KwaZulu-Natal,16.8,15.7
2021-01-05,KwaZulu-Natal,5.7,19.3
2021-01-06,KwaZulu-Natal,0.0,16.0
2021-01-07,KwaZulu-Natal,0.0,19.2
2021-01-08,KwaZulu-Natal,12.9,16.0
2021-01-09,KwaZulu-Natal,0.0,16.3
2021-01-10,KwaZulu-Natal,11.9,16.9
2021-01-11,KwaZulu-Natal,20.6,15.6
2021-01-12,KwaZulu-Natal,0.0,16.3
2021-01-13,KwaZulu-Natal,12.4,13.4
2021-01-14,KwaZulu-Natal,0.0,14.7
2021-01-15,KwaZulu-Natal,7.5,13.5
2021-01-16,KwaZulu-Natal,9.9,17.1
2021-01-17,KwaZulu-Natal,0.0,14.0
2021-01-18,KwaZulu-Natal,0.0,18.1
2021-01-19,KwaZulu-Natal,9.0,16.5
2021-01-20,KwaZulu-Natal,0.0,17.5
2021-01-21,KwaZulu-Natal,0.0,15.1
2021-01-22,KwaZulu-Natal,0.0,14.4
2021-01-23,KwaZulu-Natal,10.3,15.5
2021-01-24,KwaZulu-Natal,0.0,17.7
2021-01-25,KwaZulu-Natal,0.0,19.3
2021-01-26,KwaZulu-Natal,0.8,16.9
2021-01-27,KwaZulu-Natal,0.0,14.2
2021-01-28,KwaZulu-Natal,0.0,14.7
2021-01-29,KwaZulu-Natal,0.0,13.9
2021-01-30,KwaZulu-Natal,0.0,16.0
2021-01-31,KwaZulu-Natal,0.0,15.8
2021-02-01,KwaZulu-Natal,0.0,16.1
2021-02-02,KwaZulu-Natal,0.0,14.7
2021-02-03,KwaZulu-Natal,0.0,14.6
2021-02-04,KwaZulu-Natal,0.0,16.5
2021-02-05,KwaZulu-Natal,10.2,17.1
2021-02-06,KwaZulu-Natal,25.8,14.6
2021-02-07,KwaZulu-Natal,0.0,17.2
2021-02-08,KwaZulu-Natal,7.0,17.9
2021-02-09,KwaZulu-Natal,0.0,13.1
2021-02-10,KwaZulu-Natal,0.0,19.0
2021-02-11,KwaZulu-Natal,0.0,17.7
2021-02-12,KwaZulu-Natal,0.0,18.1
2021-02-13,KwaZulu-Natal,0.0,15.2
2021-02-14,KwaZulu-Natal,2.9,18.0
2021-02-15,KwaZulu-Natal,0.0,18.2
2021-02-16,KwaZulu-Natal,1.1,15.9
2021-02-17,KwaZulu-Natal,11.2,18.1
2021-02-18,KwaZulu-Natal,4.4,16.8
2021-02-19,KwaZulu-Natal,4.3,16.1
2021-02-20,KwaZulu-Natal,5.6,16.8
2021-02-21,KwaZulu-Natal,1.6,17.4
2021-02-22,KwaZulu-Natal,0.0,16.8
2021-02-23,KwaZulu-Natal,0.0,16.1
2021-02-24,KwaZulu-Natal,9.8,18.0
2021-02-25,KwaZulu-Natal,16.7,18.3
2021-02-26,KwaZulu-Natal,0.0,17.7
2021-02-27,KwaZulu-Natal,0.0,15.1
2021-02-28,KwaZulu-Natal,0.0,16.8
2021-03-01,KwaZulu-Natal,11.6,16.4
2021-03-02,KwaZulu-Natal,0.0,20.4
2021-03-03,KwaZulu-Natal,0.0,18.0
2021-03-04,KwaZulu-Natal,0.0,17.5
2021-03-05,KwaZulu-Natal,1.8,17.2
2021-03-06,KwaZulu-Natal,0.0,17.9
2021-03-07,KwaZulu-Natal,12.4,19.3
2021-03-08,KwaZulu-Natal,7.3,15.5
2021-03-09,KwaZulu-Natal,0.0,18.7
2021-03-10,KwaZulu-Natal,0.0,17.7
2021-03-11,KwaZulu-Natal,0.0,19.1
2021-03-12,KwaZulu-Natal,0.0,19.8
2021-03-13,KwaZulu-Natal,0.0,17.6
2021-03-14,KwaZulu-Natal,0.0,16.7
2021-03-15,KwaZulu-Natal,0.0,18.4
2021-03-16,KwaZulu-Natal,0.0,20.9
2021-03-17,KwaZulu-Natal,4.7,20.3
2021-03-18,KwaZulu-Natal,4.7,18.5
2021-03-19,KwaZulu-Natal,0.0,18.2
2021-03-20,KwaZulu-Natal,0.0,18.4
2021-03-21,KwaZulu-Natal,12.3,17.4
2021-03-22,KwaZulu-Natal,0.0,20.7
2021-03-23,KwaZulu-Natal,0.0,21.0
2021-03-24,KwaZulu-Natal,0.0,19.1
2021-03-25,KwaZulu-Natal,13.3,19.0
2021-03-26,KwaZulu-Natal,0.0,18.8
2021-03-27,KwaZulu-Natal,0.0,19.3
2021-03-28,KwaZulu-Natal,0.0,18.9
2021-03-29,KwaZulu-Natal,11.4,19.9
2021-03-30,KwaZulu-Natal,6.4,21.4
2021-03-31,KwaZulu-Natal,0.0,21.4
2021-04-01,KwaZulu-Natal,0.0,19.2
2021-04-02,KwaZulu-Natal,0.0,20.8
2021-04-03,KwaZulu-Natal,0.0,21.6
2021-04-04,KwaZulu-Natal,0.0,19.3
2021-04-05,KwaZulu-Natal,8.1,21.1
2021-04-06,KwaZulu-Natal,0.0,22.8
2021-04-07,KwaZulu-Natal,4.0,20.7
2021-04-08,KwaZulu-Natal,0.0,18.1
2021-04-09,KwaZulu-Natal,0.0,17.5
2021-04-10,KwaZulu-Natal,0.0,21.8
2021-04-11,KwaZulu-Natal,2.2,21.6
2021-04-12,KwaZulu-Natal,13.2,21.8
2021-04-13,KwaZulu-Natal,0.0,22.4
2021-04-14,KwaZulu-Natal,0.0,19.5
2021-04-15,KwaZulu-Natal,0.0,20.7
2021-04-16,KwaZulu-Natal,0.0,22.6
2021-04-17,KwaZulu-Natal,0.0,23.2
2021-04-18,KwaZulu-Natal,0.0,21.8
2021-04-19,KwaZulu-Natal,8.9,20.1
2021-04-20,KwaZulu-Natal,0.0,22.9
2021-04-21,KwaZulu-Natal,0.0,22.6
2021-04-22,KwaZulu-Natal,0.0,21.0
2021-04-23,KwaZulu-Natal,0.0,19.7
2021-04-24,KwaZulu-Natal,11.6,23.7
2021-04-25,KwaZulu-Natal,0.0,22.0
2021-04-26,KwaZulu-Natal,4.3,23.3
2021-04-27,KwaZulu-Natal,0.0,23.3
2021-04-28,KwaZulu-Natal,0.0,21.5
2021-04-29,KwaZulu-Natal,0.0,23.9
2021-04-30,KwaZulu-Natal,0.0,22.1
2021-05-01,KwaZulu-Natal,1.8,21.3
2021-05-02,KwaZulu-Natal,0.0,21.2
2021-05-03,KwaZulu-Natal,0.0,23.7
2021-05-04,KwaZulu-Natal,0.0,26.2
2021-05-05,KwaZulu-Natal,0.0,24.0
2021-05-06,KwaZulu-Natal,0.0,26.7
2021-05-07,KwaZulu-Natal,0.0,26.3
2021-05-08,KwaZulu-Natal,0.0,25.0
2021-05-09,KwaZulu-Natal,5.7,26.7
2021-05-10,KwaZulu-Natal,0.0,26.6
2021-05-11,KwaZulu-Natal,0.0,26.2
2021-05-12,KwaZulu-Natal,0.0,21.7
2021-05-13,KwaZulu-Natal,0.0,24.3
2021-05-14,KwaZulu-Natal,0.0,23.7
2021-05-15,KwaZulu-Natal,0.0,26.6
2021-05-16,KwaZulu-Natal,0.0,24.5
2021-05-17,KwaZulu-Natal,0.0,27.7
2021-05-18,KwaZulu-Natal,0.0,25.3
2021-05-19,KwaZulu-Natal,0.0,25.2
2021-05-20,KwaZulu-Natal,0.0,24.7
2021-05-21,KwaZulu-Natal,0.0,25.1
2021-05-22,KwaZulu-Natal,0.0,25.9
2021-05-23,KwaZulu-Natal,0.0,25.4
2021-05-24,KwaZulu-Natal,0.0,24.9
2021-05-25,KwaZulu-Natal,0.0,25.1
2021-05-26,KwaZulu-Natal,0.0,28.5
2021-05-27,KwaZulu-Natal,0.0,28.9
2021-05-28,KwaZulu-Natal,0.0,25.2
2021-05-29,KwaZulu-Natal,0.0,27.3
2021-05-30,KwaZulu-Natal,0.0,24.9
2021-05-31,KwaZulu-Natal,0.0,25.7
2021-06-01,KwaZulu-Natal,0.0,24.6
2021-06-02,KwaZulu-Natal,0.0,27.9
2021-06-03,KwaZulu-Natal,0.0,27.1
2021-06-04,KwaZulu-Natal,0.0,27.5
2021-06-05,KwaZulu-Natal,0.0,27.9
2021-06-06,KwaZulu-Natal,0.0,25.3
2021-06-07,KwaZulu-Natal,0.0,26.2
2021-06-08,KwaZulu-Natal,0.0,27.4
2021-06-09,KwaZulu-Natal,0.0,26.3
2021-06-10,KwaZulu-Natal,0.0,27.0
2021-06-11,KwaZulu-Natal,0.0,25.7
2021-06-12,KwaZulu-Natal,0.0,29.0
2021-06-13,KwaZulu-Natal,0.0,28.4
2021-06-14,KwaZulu-Natal,0.0,28.9
2021-06-15,KwaZulu-Natal,0.0,28.1
2021-06-16,KwaZulu-Natal,0.0,25.6
2021-06-17,KwaZulu-Natal,0.0,26.5
2021-06-18,KwaZulu-Natal,0.0,26.2
2021-06-19,KwaZulu-Natal,0.0,27.0
2021-06-20,KwaZulu-Natal,0.0,29.0
2021-06-21,KwaZulu-Natal,0.0,25.2
2021-06-22,KwaZulu-Natal,0.1,26.6
2021-06-23,KwaZulu-Natal,0.0,26.9
2021-06-24,KwaZulu-Natal,0.0,25.6
2021-06-25,KwaZulu-Natal,0.0,27.9
2021-06-26,KwaZulu-Natal,0.0,27.1
2021-06-27,KwaZulu-Natal,0.0,29.3
2021-06-28,KwaZulu-Natal,0.0,27.3
2021-06-29,KwaZulu-Natal,0.0,28.4
2021-06-30,KwaZulu-Natal,0.0,27.9
2021-07-01,KwaZulu-Natal,0.0,24.1
2021-07-02,KwaZulu-Natal,0.0,25.7
2021-07-03,KwaZulu-Natal,0.0,28.4
2021-07-04,KwaZulu-Natal,0.0,28.4
2021-07-05,KwaZulu-Natal,0.0,27.8
2021-07-06,KwaZulu-Natal,0.0,29.9
2021-07-07,KwaZulu-Natal,0.0,28.7
2021-07-08,KwaZulu-Natal,0.0,30.3
2021-07-09,KwaZulu-Natal,0.0,24.3
2021-07-10,KwaZulu-Natal,0.0,30.6
2021-07-11,KwaZulu-Natal,0.0,27.1
2021-07-12,KwaZulu-Natal,0.0,28.0
2021-07-13,KwaZulu-Natal,0.0,29.8
2021-07-14,KwaZulu-Natal,0.0,24.8
2021-07-15,KwaZulu-Natal,0.0,27.6
2021-07-16,KwaZulu-Natal,0.0,29.5
2021-07-17,KwaZulu-Natal,0.0,27.1
2021-07-18,KwaZulu-Natal,0.0,29.4
2021-07-19,KwaZulu-Natal,0.0,29.0
2021-07-20,KwaZulu-Natal,0.0,28.2
2021-07-21,KwaZulu-Natal,0.0,28.9
2021-07-22,KwaZulu-Natal,0.0,29.9
2021-07-23,KwaZulu-Natal,0.0,28.9
2021-07-24,KwaZulu-Natal,0.0,29.3
2021-07-25,KwaZulu-Natal,0.0,26.6
2021-07-26,KwaZulu-Natal,0.0,28.8
2021-07-27,KwaZulu-Natal,0.0,28.6
2021-07-28,KwaZulu-Natal,0.0,29.6
2021-07-29,KwaZulu-Natal,0.0,26.1
2021-07-30,KwaZulu-Natal,0.2,29.4
2021-07-31,KwaZulu-Natal,0.0,26.5
2021-08-01,KwaZulu-Natal,0.0,31.3
2021-08-02,KwaZulu-Natal,0.0,26.4
2021-08-03,KwaZulu-Natal,0.0,26.0
2021-08-04,KwaZulu-Natal,0.0,27.3
2021-08-05,KwaZulu-Natal,0.0,29.2
2021-08-06,KwaZulu-Natal,0.0,28.2
2021-08-07,KwaZulu-Natal,0.0,30.1
2021-08-08,KwaZulu-Natal,0.0,27.1
2021-08-09,KwaZulu-Natal,0.0,26.8
2021-08-10,KwaZulu-Natal,0.0,26.4
2021-08-11,KwaZulu-Natal,0.0,26.6
2021-08-12,KwaZulu-Natal,0.0,25.3
2021-08-13,KwaZulu-Natal,0.0,26.4
2021-08-14,KwaZulu-Natal,0.0,25.5
2021-08-15,KwaZulu-Natal,0.0,28.3
2021-08-16,KwaZulu-Natal,0.0,29.4
2021-08-17,KwaZulu-Natal,0.0,27.5
2021-08-18,KwaZulu-Natal,0.0,26.1
2021-08-19,KwaZulu-Natal,0.0,28.1
2021-08-20,KwaZulu-Natal,0.0,26.9
2021-08-21,KwaZulu-Natal,0.0,28.4
2021-08-22,KwaZulu-Natal,0.0,25.4
2021-08-23,KwaZulu-Natal,0.0,25.5
2021-08-24,KwaZulu-Natal,0.0,27.8
2021-08-25,KwaZulu-Natal,0.0,26.6
2021-08-26,KwaZulu-Natal,0.0,28.0
2021-08-27,KwaZulu-Natal,0.0,25.2
2021-08-28,KwaZulu-Natal,0.0,27.1
2021-08-29,KwaZulu-Natal,0.0,27.2
2021-08-30,KwaZulu-Natal,0.0,24.0
2021-08-31,KwaZulu-Natal,0.0,26.2
2021-09-01,KwaZulu-Natal,0.0,23.2
2021-09-02,KwaZulu-Natal,0.0,28.3
2021-09-03,KwaZulu-Natal,0.0,24.1
2021-09-04,KwaZulu-Natal,0.0,25.7
2021-09-05,KwaZulu-Natal,0.0,25.9
2021-09-06,KwaZulu-Natal,0.0,24.3
2021-09-07,KwaZulu-Natal,0.0,28.5
2021-09-08,KwaZulu-Natal,0.0,24.6
2021-09-09,KwaZulu-Natal,0.0,25.1
2021-09-10,KwaZulu-Natal,0.0,24.4
2021-09-11,KwaZulu-Natal,0.0,24.3
2021-09-12,KwaZulu-Natal,0.0,25.1
2021-09-13,KwaZulu-Natal,0.0,26.3
2021-09-14,KwaZulu-Natal,0.0,25.4
2021-09-15,KwaZulu-Natal,0.0,23.9
2021-09-16,KwaZulu-Natal,0.0,24.9
2021-09-17,KwaZulu-Natal,0.0,22.8
2021-09-18,KwaZulu-Natal,0.0,26.5
2021-09-19,KwaZulu-Natal,0.0,23.9
2021-09-20,KwaZulu-Natal,0.0,23.9
2021-09-21,KwaZulu-Natal,0.0,21.6
2021-09-22,KwaZulu-Natal,0.0,23.6
2021-09-23,KwaZulu-Natal,0.0,26.8
2021-09-24,KwaZulu-Natal,0.0,25.1
2021-09-25,KwaZulu-Natal,0.0,25.8
2021-09-26,KwaZulu-Natal,0.0,24.2
2021-09-27,KwaZulu-Natal,0.0,20.0
2021-09-28,KwaZulu-Natal,0.0,23.9
2021-09-29,KwaZulu-Natal,0.0,24.0
2021-09-30,KwaZulu-Natal,0.0,25.0
2021-10-01,KwaZulu-Natal,0.0,23.5
2021-10-02,KwaZulu-Natal,0.0,22.2
2021-10-03,KwaZulu-Natal,0.0,23.2
2021-10-04,KwaZulu-Natal,0.0,22.7
2021-10-05,KwaZulu-Natal,0.0,23.9
2021-10-06,KwaZulu-Natal,0.0,22.9
2021-10-07,KwaZulu-Natal,0.0,21.4
2021-10-08,KwaZulu-Natal,0.0,23.6
2021-10-09,KwaZulu-Natal,0.0,21.6
2021-10-10,KwaZulu-Natal,0.0,22.1
2021-10-11,KwaZulu-Natal,0.0,21.8
2021-10-12,KwaZulu-Natal,0.0,22.7
2021-10-13,KwaZulu-Natal,0.0,20.2
2021-10-14,KwaZulu-Natal,3.1,22.2
2021-10-15,KwaZulu-Natal,0.0,23.7
2021-10-16,KwaZulu-Natal,0.0,22.1
2021-10-17,KwaZulu-Natal,0.0,20.9
2021-10-18,KwaZulu-Natal,0.0,21.2
2021-10-19,KwaZulu-Natal,2.5,22.1
2021-10-20,KwaZulu-Natal,0.0,22.4
2021-10-21,KwaZulu-Natal,0.0,23.7
2021-10-22,KwaZulu-Natal,0.0,18.9
2021-10-23,KwaZulu-Natal,0.0,21.6
2021-10-24,KwaZulu-Natal,0.0,21.4
2021-10-25,KwaZulu-Natal,0.0,20.9
2021-10-26,KwaZulu-Natal,0.0,21.5
2021-10-27,KwaZulu-Natal,0.0,20.5
2021-10-28,KwaZulu-Natal,0.0,19.2
2021-10-29,KwaZulu-Natal,0.0,21.0
2021-10-30,KwaZulu-Natal,0.0,21.5
2021-10-31,KwaZulu-Natal,3.1,20.4
2021-11-01,KwaZulu-Natal,0.0,21.9
2021-11-02,KwaZulu-Natal,0.0,19.9
2021-11-03,KwaZulu-Natal,0.0,20.8
2021-11-04,KwaZulu-Natal,0.0,17.7
2021-11-05,KwaZulu-Natal,0.0,23.3
2021-11-06,KwaZulu-Natal,9.0,19.5
2021-11-07,KwaZulu-Natal,0.0,19.0
2021-11-08,KwaZulu-Natal,0.0,19.3
2021-11-09,KwaZulu-Natal,0.0,18.1
2021-11-10,KwaZulu-Natal,2.7,17.7
2021-11-11,KwaZulu-Natal,0.0,19.4
2021-11-12,KwaZulu-Natal,0.0,19.5
2021-11-13,KwaZulu-Natal,0.0,19.5
2021-11-14,KwaZulu-Natal,0.0,19.1
2021-11-15,KwaZulu-Natal,1.7,18.9
2021-11-16,KwaZulu-Natal,0.0,17.1
2021-11-17,KwaZulu-Natal,0.0,18.1
2021-11-18,KwaZulu-Natal,0.0,19.0
2021-11-19,KwaZulu-Natal,0.0,17.9
2021-11-20,KwaZulu-Natal,0.0,19.0
2021-11-21,KwaZulu-Natal,0.0,18.3
2021-11-22,KwaZulu-Natal,0.0,18.2
2021-11-23,KwaZulu-Natal,0.0,18.6
2021-11-24,KwaZulu-Natal,0.0,19.0
2021-11-25,KwaZulu-Natal,0.0,19.2
2021-11-26,KwaZulu-Natal,0.0,21.1
2021-11-27,KwaZulu-Natal,0.0,19.3
2021-11-28,KwaZulu-Natal,0.0,15.7
2021-11-29,KwaZulu-Natal,0.0,16.2
2021-11-30,KwaZulu-Natal,0.0,17.4
2021-12-01,KwaZulu-Natal,2.8,16.6
2021-12-02,KwaZulu-Natal,0.0,18.2
2021-12-03,KwaZulu-Natal,16.1,18.3
2021-12-04,KwaZulu-Natal,0.0,16.8
2021-12-05,KwaZulu-Natal,0.0,19.2
2021-12-06,KwaZulu-Natal,0.0,19.5
2021-12-07,KwaZulu-Natal,0.0,14.6
2021-12-08,KwaZulu-Natal,0.0,15.1
2021-12-09,KwaZulu-Natal,6.3,18.8
2021-12-10,KwaZulu-Natal,0.0,18.4
2021-12-11,KwaZulu-Natal,0.0,17.8
2021-12-12,KwaZulu-Natal,0.0,17.0
2021-12-13,KwaZulu-Natal,5.3,16.8
2021-12-14,KwaZulu-Natal,0.0,17.7
2021-12-15,KwaZulu-Natal,0.0,17.1
2021-12-16,KwaZulu-Natal,0.0,18.7
2021-12-17,KwaZulu-Natal,0.0,15.7
2021-12-18,KwaZulu-Natal,0.0,16.7
2021-12-19,KwaZulu-Natal,0.0,18.0
2021-12-20,KwaZulu-Natal,0.0,16.8
2021-12-21,KwaZulu-Natal,0.0,17.6
2021-12-22,KwaZulu-Natal,0.0,17.5
2021-12-23,KwaZulu-Natal,12.5,15.8
2021-12-24,KwaZulu-Natal,0.0,14.9
2021-12-25,KwaZulu-Natal,1.1,15.3
2021-12-26,KwaZulu-Natal,2.5,14.7
2021-12-27,KwaZulu-Natal,0.3,13.5
2021-12-28,KwaZulu-Natal,5.6,17.9
2021-12-29,KwaZulu-Natal,0.0,13.4
2021-12-30,KwaZulu-Natal,0.0,19.0
2021-12-31,KwaZulu-Natal,2.1,15.4
2022-01-01,KwaZulu-Natal,0.0,15.8
2022-01-02,KwaZulu-Natal,0.0,13.9
2022-01-03,KwaZulu-Natal,0.0,16.7
2022-01-04,KwaZulu-Natal,0.0,15.7
2022-01-05,KwaZulu-Natal,0.0,16.2
2022-01-06,KwaZulu-Natal,18.1,14.9
2022-01-07,KwaZulu-Natal,2.9,16.8
2022-01-08,KwaZulu-Natal,9.7,14.8
2022-01-09,KwaZulu-Natal,5.7,16.2
2022-01-10,KwaZulu-Natal,0.0,16.7
2022-01-11,KwaZulu-Natal,1.7,18.2
2022-01-12,KwaZulu-Natal,26.5,17.2
2022-01-13,KwaZulu-Natal,2.4,16.1
2022-01-14,KwaZulu-Natal,0.0,16.0
2022-01-15,KwaZulu-Natal,10.1,16.5
2022-01-16,KwaZulu-Natal,0.0,17.2
2022-01-17,KwaZulu-Natal,11.0,14.9
2022-01-18,KwaZulu-Natal,20.1,17.4
2022-01-19,KwaZulu-Natal,12.6,14.6
2022-01-20,KwaZulu-Natal,0.0,16.7
2022-01-21,KwaZulu-Natal,7.6,16.8
2022-01-22,KwaZulu-Natal,0.0,15.0
2022-01-23,KwaZulu-Natal,0.0,13.7
2022-01-24,KwaZulu-Natal,0.0,15.7
2022-01-25,KwaZulu-Natal,4.7,12.1
2022-01-26,KwaZulu-Natal,8.5,15.8
2022-01-27,KwaZulu-Natal,20.9,14.3
2022-01-28,KwaZulu-Natal,0.0,20.8
2022-01-29,KwaZulu-Natal,0.0,17.8
2022-01-30,KwaZulu-Natal,0.0,16.3
2022-01-31,KwaZulu-Natal,0.0,18.2
2022-02-01,KwaZulu-Natal,0.0,17.3
2022-02-02,KwaZulu-Natal,0.0,14.5
2022-02-03,KwaZulu-Natal,10.8,15.4
2022-02-04,KwaZulu-Natal,0.0,17.9
2022-02-05,KwaZulu-Natal,13.4,14.9
2022-02-06,KwaZulu-Natal,0.0,17.0
2022-02-07,KwaZulu-Natal,4.2,17.5
2022-02-08,KwaZulu-Natal,22.6,16.1
2022-02-09,KwaZulu-Natal,0.0,16.8
2022-02-10,KwaZulu-Natal,0.0,17.8
2022-02-11,KwaZulu-Natal,3.3,17.8
2022-02-12,KwaZulu-Natal,12.9,17.4
2022-02-13,KwaZulu-Natal,0.0,16.7
2022-02-14,KwaZulu-Natal,0.0,17.7
2022-02-15,KwaZulu-Natal,0.0,13.8
2022-02-16,KwaZulu-Natal,0.0,19.1
2022-02-17,KwaZulu-Natal,3.1,16.7
2022-02-18,KwaZulu-Natal,0.0,15.9
2022-02-19,KwaZulu-Natal,0.0,18.0
2022-02-20,KwaZulu-Natal,0.0,18.0
2022-02-21,KwaZulu-Natal,8.1,15.7
2022-02-22,KwaZulu-Natal,0.0,17.3
2022-02-23,KwaZulu-Natal,0.0,17.4
2022-02-24,KwaZulu-Natal,0.0,17.3
2022-02-25,KwaZulu-Natal,0.0,19.9
2022-02-26,KwaZulu-Natal,0.0,17.5
2022-02-27,KwaZulu-Natal,0.0,17.4
2022-02-28,KwaZulu-Natal,1.8,16.6
2022-03-01,KwaZulu-Natal,6.9,16.5
2022-03-02,KwaZulu-Natal,0.0,18.4
2022-03-03,KwaZulu-Natal,0.0,17.2
2022-03-04,KwaZulu-Natal,15.7,17.7
2022-03-05,KwaZulu-Natal,0.0,18.3
2022-03-06,KwaZulu-Natal,5.3,18.2
2022-03-07,KwaZulu-Natal,3.6,18.4
2022-03-08,KwaZulu-Natal,0.0,18.4
2022-03-09,KwaZulu-Natal,0.0,19.3
2022-03-10,KwaZulu-Natal,5.9,22.4
2022-03-11,KwaZulu-Natal,0.0,20.3
2022-03-12,KwaZulu-Natal,0.0,18.0
2022-03-13,KwaZulu-Natal,0.0,20.5
2022-03-14,KwaZulu-Natal,5.6,17.2
2022-03-15,KwaZulu-Natal,0.0,18.0
2022-03-16,KwaZulu-Natal,0.0,20.0
2022-03-17,KwaZulu-Natal,20.4,20.0
2022-03-18,KwaZulu-Natal,0.0,20.0
2022-03-19,KwaZulu-Natal,0.0,18.3
2022-03-20,KwaZulu-Natal,0.4,18.4
2022-03-21,KwaZulu-Natal,0.0,19.6
2022-03-22,KwaZulu-Natal,0.0,19.1
2022-03-23,KwaZulu-Natal,0.0,20.9
2022-03-24,KwaZulu-Natal,0.0,19.2
2022-03-25,KwaZulu-Natal,0.0,19.3
2022-03-26,KwaZulu-Natal,0.0,17.4
2022-03-27,KwaZulu-Natal,0.0,21.3
2022-03-28,KwaZulu-Natal,0.0,20.5
2022-03-29,KwaZulu-Natal,3.2,16.7
2022-03-30,KwaZulu-Natal,0.0,20.9
2022-03-31,KwaZulu-Natal,0.0,19.7
2022-04-01,KwaZulu-Natal,0.0,21.6
2022-04-02,KwaZulu-Natal,0.0,20.4
2022-04-03,KwaZulu-Natal,0.0,19.4
2022-04-04,KwaZulu-Natal,0.0,23.3
2022-04-05,KwaZulu-Natal,0.0,23.2
2022-04-06,KwaZulu-Natal,0.0,20.7
2022-04-07,KwaZulu-Natal,4.4,21.6
2022-04-08,KwaZulu-Natal,0.0,20.5
2022-04-09,KwaZulu-Natal,0.0,18.7
2022-04-10,KwaZulu-Natal,0.0,23.3
2022-04-11,KwaZulu-Natal,10.7,20.3
2022-04-12,KwaZulu-Natal,9.8,23.5
2022-04-13,KwaZulu-Natal,0.0,22.7
2022-04-14,KwaZulu-Natal,0.0,22.2
2022-04-15,KwaZulu-Natal,0.0,21.8
2022-04-16,KwaZulu-Natal,0.0,23.0
2022-04-17,KwaZulu-Natal,0.0,20.7
2022-04-18,KwaZulu-Natal,0.0,24.2
2022-04-19,KwaZulu-Natal,0.0,22.5
2022-04-20,KwaZulu-Natal,0.0,24.6
2022-04-21,KwaZulu-Natal,0.0,22.3
2022-04-22,KwaZulu-Natal,0.0,22.8
2022-04-23,KwaZulu-Natal,0.0,23.1
2022-04-24,KwaZulu-Natal,0.0,23.7
2022-04-25,KwaZulu-Natal,0.0,25.6
2022-04-26,KwaZulu-Natal,0.0,22.3
2022-04-27,KwaZulu-Natal,0.0,22.9
2022-04-28,KwaZulu-Natal,0.0,23.2
2022-04-29,KwaZulu-Natal,0.0,19.8
2022-04-30,KwaZulu-Natal,0.0,22.6
2022-05-01,KwaZulu-Natal,0.0,22.8
2022-05-02,KwaZulu-Natal,0.0,27.6
2022-05-03,KwaZulu-Natal,0.0,24.1
2022-05-04,KwaZulu-Natal,0.0,24.5
2022-05-05,KwaZulu-Natal,1.0,21.7
2022-05-06,KwaZulu-Natal,3.9,23.9
2022-05-07,KwaZulu-Natal,0.0,25.5
2022-05-08,KwaZulu-Natal,2.3,28.0
2022-05-09,KwaZulu-Natal,0.0,23.3
2022-05-10,KwaZulu-Natal,0.0,21.7
2022-05-11,KwaZulu-Natal,7.3,23.3
2022-05-12,KwaZulu-Natal,0.0,23.4
2022-05-13,KwaZulu-Natal,0.0,23.5
2022-05-14,KwaZulu-Natal,0.0,26.1
2022-05-15,KwaZulu-Natal,0.0,25.4
2022-05-16,KwaZulu-Natal,0.0,23.2
2022-05-17,KwaZulu-Natal,0.0,27.2
2022-05-18,KwaZulu-Natal,0.0,28.0
2022-05-19,KwaZulu-Natal,0.0,22.6
2022-05-20,KwaZulu-Natal,0.0,27.1
2022-05-21,KwaZulu-Natal,0.0,25.1
2022-05-22,KwaZulu-Natal,0.0,24.1
2022-05-23,KwaZulu-Natal,0.0,23.4
2022-05-24,KwaZulu-Natal,0.0,25.0
2022-05-25,KwaZulu-Natal,0.0,24.9
2022-05-26,KwaZulu-Natal,2.0,26.0
2022-05-27,KwaZulu-Natal,0.0,29.1
2022-05-28,KwaZulu-Natal,0.0,25.2
2022-05-29,KwaZulu-Natal,0.0,23.9
2022-05-30,KwaZulu-Natal,0.0,25.6
2022-05-31,KwaZulu-Natal,0.0,27.7
2022-06-01,KwaZulu-Natal,0.0,25.9
2022-06-02,KwaZulu-Natal,0.0,27.3
2022-06-03,KwaZulu-Natal,0.0,26.6
2022-06-04,KwaZulu-Natal,0.0,26.6
2022-06-05,KwaZulu-Natal,0.0,28.9
2022-06-06,KwaZulu-Natal,0.0,25.1
2022-06-07,KwaZulu-Natal,0.0,25.1
2022-06-08,KwaZulu-Natal,0.2,25.4
2022-06-09,KwaZulu-Natal,0.0,27.3
2022-06-10,KwaZulu-Natal,0.0,26.9
2022-06-11,KwaZulu-Natal,0.8,28.0
2022-06-12,KwaZulu-Natal,0.0,26.9
2022-06-13,KwaZulu-Natal,0.0,26.7
2022-06-14,KwaZulu-Natal,0.0,27.6
2022-06-15,KwaZulu-Natal,0.0,29.7
2022-06-16,KwaZulu-Natal,0.0,25.4
2022-06-17,KwaZulu-Natal,0.0,25.9
2022-06-18,KwaZulu-Natal,0.0,27.4
2022-06-19,KwaZulu-Natal,0.0,30.4
2022-06-20,KwaZulu-Natal,0.0,25.8
2022-06-21,KwaZulu-Natal,0.0,27.4
2022-06-22,KwaZulu-Natal,0.0,26.2
2022-06-23,KwaZulu-Natal,0.0,28.1
2022-06-24,KwaZulu-Natal,0.0,24.5
2022-06-25,KwaZulu-Natal,0.0,26.0
2022-06-26,KwaZulu-Natal,0.0,29.5
2022-06-27,KwaZulu-Natal,0.0,27.7
2022-06-28,KwaZulu-Natal,0.0,26.6
2022-06-29,KwaZulu-Natal,0.0,27.7
2022-06-30,KwaZulu-Natal,0.0,27.7
2022-07-01,KwaZulu-Natal,0.0,28.6
2022-07-02,KwaZulu-Natal,0.0,24.7
2022-07-03,KwaZulu-Natal,0.0,26.3
2022-07-04,KwaZulu-Natal,0.0,26.4
2022-07-05,KwaZulu-Natal,0.0,28.8
2022-07-06,KwaZulu-Natal,0.0,27.9
2022-07-07,KwaZulu-Natal,0.0,30.1
2022-07-08,KwaZulu-Natal,0.0,29.2
2022-07-09,KwaZulu-Natal,0.0,27.4
2022-07-10,KwaZulu-Natal,0.0,27.9
2022-07-11,KwaZulu-Natal,0.0,29.9
2022-07-12,KwaZulu-Natal,0.0,30.1
2022-07-13,KwaZulu-Natal,0.0,27.8
2022-07-14,KwaZulu-Natal,0.0,26.5
2022-07-15,KwaZulu-Natal,0.0,24.8
2022-07-16,KwaZulu-Natal,0.0,24.8
2022-07-17,KwaZulu-Natal,0.0,28.7
2022-07-18,KwaZulu-Natal,0.0,28.7
2022-07-19,KwaZulu-Natal,0.0,27.0
2022-07-20,KwaZulu-Natal,0.0,29.9
2022-07-21,KwaZulu-Natal,0.0,27.7
2022-07-22,KwaZulu-Natal,0.0,27.1
2022-07-23,KwaZulu-Natal,0.0,29.7
2022-07-24,KwaZulu-Natal,0.0,29.5
2022-07-25,KwaZulu-Natal,0.0,27.9
2022-07-26,KwaZulu-Natal,0.0,28.7
2022-07-27,KwaZulu-Natal,0.0,28.9
2022-07-28,KwaZulu-Natal,0.0,31.1
2022-07-29,KwaZulu-Natal,0.0,27.7
2022-07-30,KwaZulu-Natal,0.0,26.1
2022-07-31,KwaZulu-Natal,0.0,28.8
2022-08-01,KwaZulu-Natal,0.0,27.9
2022-08-02,KwaZulu-Natal,0.0,27.9
2022-08-03,KwaZulu-Natal,0.0,27.7
2022-08-04,KwaZulu-Natal,0.0,25.3
2022-08-05,KwaZulu-Natal,0.0,28.1
2022-08-06,KwaZulu-Natal,0.0,27.1
2022-08-07,KwaZulu-Natal,0.0,27.1
2022-08-08,KwaZulu-Natal,0.0,27.0
2022-08-09,KwaZulu-Natal,0.0,27.5
2022-08-10,KwaZulu-Natal,0.0,27.9
2022-08-11,KwaZulu-Natal,0.0,27.4
2022-08-12,KwaZulu-Natal,0.0,29.1
2022-08-13,KwaZulu-Natal,0.0,28.5
2022-08-14,KwaZulu-Natal,0.0,27.2
2022-08-15,KwaZulu-Natal,0.0,25.7
2022-08-16,KwaZulu-Natal,0.0,28.1
2022-08-17,KwaZulu-Natal,0.0,26.7
2022-08-18,KwaZulu-Natal,0.0,26.8
2022-08-19,KwaZulu-Natal,0.0,25.1
2022-08-20,KwaZulu-Natal,0.0,27.6
2022-08-21,KwaZulu-Natal,0.0,30.8
2022-08-22,KwaZulu-Natal,0.0,26.1
2022-08-23,KwaZulu-Natal,0.0,27.7
2022-08-24,KwaZulu-Natal,0.0,28.6
2022-08-25,KwaZulu-Natal,0.0,25.9
2022-08-26,KwaZulu-Natal,0.0,23.0
2022-08-27,KwaZulu-Natal,0.0,27.6
2022-08-28,KwaZulu-Natal,0.0,26.6
2022-08-29,KwaZulu-Natal,0.0,26.9
2022-08-30,KwaZulu-Natal,0.0,26.4
2022-08-31,KwaZulu-Natal,0.0,28.0
2022-09-01,KwaZulu-Natal,0.0,26.0
2022-09-02,KwaZulu-Natal,0.0,29.4
2022-09-03,KwaZulu-Natal,0.0,27.1
2022-09-04,KwaZulu-Natal,0.0,27.5
2022-09-05,KwaZulu-Natal,0.0,25.9
2022-09-06,KwaZulu-Natal,0.0,26.3
2022-09-07,KwaZulu-Natal,0.0,23.2
2022-09-08,KwaZulu-Natal,0.0,24.8
2022-09-09,KwaZulu-Natal,0.0,27.2
2022-09-10,KwaZulu-Natal,0.0,25.4
2022-09-11,KwaZulu-Natal,0.0,23.7
2022-09-12,KwaZulu-Natal,0.0,24.3
2022-09-13,KwaZulu-Natal,0.0,24.2
2022-09-14,KwaZulu-Natal,0.0,25.1
2022-09-15,KwaZulu-Natal,0.0,23.8
2022-09-16,KwaZulu-Natal,0.0,27.1
2022-09-17,KwaZulu-Natal,0.0,25.2
2022-09-18,KwaZulu-Natal,0.0,22.7
2022-09-19,KwaZulu-Natal,0.0,27.0
2022-09-20,KwaZulu-Natal,0.0,24.5
2022-09-21,KwaZulu-Natal,0.0,25.2
2022-09-22,KwaZulu-Natal,0.0,24.8
2022-09-23,KwaZulu-Natal,0.0,24.9
2022-09-24,KwaZulu-Natal,0.0,23.7
2022-09-25,KwaZulu-Natal,0.0,24.6
2022-09-26,KwaZulu-Natal,0.0,23.8
2022-09-27,KwaZulu-Natal,0.0,24.4
2022-09-28,KwaZulu-Natal,0.0,23.5
2022-09-29,KwaZulu-Natal,0.0,23.3
2022-09-30,KwaZulu-Natal,0.0,21.4
2022-10-01,KwaZulu-Natal,0.0,23.5
2022-10-02,KwaZulu-Natal,0.0,23.7
2022-10-03,KwaZulu-Natal,0.0,26.1
2022-10-04,KwaZulu-Natal,0.0,23.9
2022-10-05,KwaZulu-Natal,0.0,22.0
2022-10-06,KwaZulu-Natal,0.0,21.5
2022-10-07,KwaZulu-Natal,0.0,23.3
2022-10-08,KwaZulu-Natal,0.0,21.7
2022-10-09,KwaZulu-Natal,0.0,21.8
2022-10-10,KwaZulu-Natal,0.0,21.5
2022-10-11,KwaZulu-Natal,0.0,22.0
2022-10-12,KwaZulu-Natal,0.0,23.5
2022-10-13,KwaZulu-Natal,0.0,19.3
2022-10-14,KwaZulu-Natal,0.0,24.1
2022-10-15,KwaZulu-Natal,0.0,21.8
2022-10-16,KwaZulu-Natal,0.0,21.0
2022-10-17,KwaZulu-Natal,3.4,23.2
2022-10-18,KwaZulu-Natal,0.0,21.5
2022-10-19,KwaZulu-Natal,0.0,20.1
2022-10-20,KwaZulu-Natal,0.0,19.3
2022-10-21,KwaZulu-Natal,0.0,22.5
2022-10-22,KwaZulu-Natal,0.0,22.5
2022-10-23,KwaZulu-Natal,0.0,20.6
2022-10-24,KwaZulu-Natal,0.0,23.1
2022-10-25,KwaZulu-Natal,1.2,21.1
2022-10-26,KwaZulu-Natal,0.0,22.9
2022-10-27,KwaZulu-Natal,0.0,19.4
2022-10-28,KwaZulu-Natal,0.0,19.1
2022-10-29,KwaZulu-Natal,0.0,19.9
2022-10-30,KwaZulu-Natal,0.0,19.9
2022-10-31,KwaZulu-Natal,0.0,22.2
2022-11-01,KwaZulu-Natal,0.0,20.8
2022-11-02,KwaZulu-Natal,1.5,19.1
2022-11-03,KwaZulu-Natal,0.0,20.2
2022-11-04,KwaZulu-Natal,0.0,19.4
2022-11-05,KwaZulu-Natal,0.0,18.7
2022-11-06,KwaZulu-Natal,0.0,19.7
2022-11-07,KwaZulu-Natal,0.0,19.5
2022-11-08,KwaZulu-Natal,0.0,18.5
2022-11-09,KwaZulu-Natal,0.0,18.4
2022-11-10,KwaZulu-Natal,0.0,20.7
2022-11-11,KwaZulu-Natal,0.0,20.0
2022-11-12,KwaZulu-Natal,10.5,20.7
2022-11-13,KwaZulu-Natal,0.0,18.8
2022-11-14,KwaZulu-Natal,0.0,17.5
2022-11-15,KwaZulu-Natal,0.0,18.2
2022-11-16,KwaZulu-Natal,0.0,20.5
2022-11-17,KwaZulu-Natal,0.0,16.4
2022-11-18,KwaZulu-Natal,0.0,20.9
2022-11-19,KwaZulu-Natal,10.9,17.0
2022-11-20,KwaZulu-Natal,0.0,19.7
2022-11-21,KwaZulu-Natal,0.0,17.0
2022-11-22,KwaZulu-Natal,0.5,17.5
2022-11-23,KwaZulu-Natal,0.0,15.2
2022-11-24,KwaZulu-Natal,0.0,21.0
2022-11-25,KwaZulu-Natal,0.0,19.0
2022-11-26,KwaZulu-Natal,0.0,19.0
2022-11-27,KwaZulu-Natal,5.3,17.3
2022-11-28,KwaZulu-Natal,0.0,16.5
2022-11-29,KwaZulu-Natal,2.0,19.0
2022-11-30,KwaZulu-Natal,0.0,16.0
2022-12-01,KwaZulu-Natal,4.6,17.5
2022-12-02,KwaZulu-Natal,0.0,15.8
2022-12-03,KwaZulu-Natal,0.0,17.8
2022-12-04,KwaZulu-Natal,0.0,14.6
2022-12-05,KwaZulu-Natal,0.0,15.2
2022-12-06,KwaZulu-Natal,0.0,16.1
2022-12-07,KwaZulu-Natal,0.0,18.2
2022-12-08,KwaZulu-Natal,0.0,16.4
2022-12-09,KwaZulu-Natal,0.0,18.7
2022-12-10,KwaZulu-Natal,0.0,19.4
2022-12-11,KwaZulu-Natal,0.0,16.6
2022-12-12,KwaZulu-Natal,0.0,14.8
2022-12-13,KwaZulu-Natal,1.6,18.4
2022-12-14,KwaZulu-Natal,0.0,14.6
2022-12-15,KwaZulu-Natal,0.0,15.5
2022-12-16,KwaZulu-Natal,0.0,14.2
2022-12-17,KwaZulu-Natal,0.0,18.2
2022-12-18,KwaZulu-Natal,0.0,17.5
2022-12-19,KwaZulu-Natal,0.0,19.1
2022-12-20,KwaZulu-Natal,0.0,15.9
2022-12-21,KwaZulu-Natal,0.0,15.3
2022-12-22,KwaZulu-Natal,0.0,15.7
2022-12-23,KwaZulu-Natal,0.0,14.5
2022-12-24,KwaZulu-Natal,0.0,18.6
2022-12-25,KwaZulu-Natal,0.0,21.5
2022-12-26,KwaZulu-Natal,0.0,15.3
2022-12-27,KwaZulu-Natal,0.0,17.2
2022-12-28,KwaZulu-Natal,0.0,16.1
2022-12-29,KwaZulu-Natal,0.0,16.9
2022-12-30,KwaZulu-Natal,0.0,17.8
2022-12-31,KwaZulu-Natal,0.0,14.5
2023-01-01,KwaZulu-Natal,0.0,15.5
2023-01-02,KwaZulu-Natal,0.0,18.0
2023-01-03,KwaZulu-Natal,0.0,16.9
2023-01-04,KwaZulu-Natal,0.0,16.6
2023-01-05,KwaZulu-Natal,0.0,16.9
2023-01-06,KwaZulu-Natal,0.0,17.0
2023-01-07,KwaZulu-Natal,0.0,17.8
2023-01-08,KwaZulu-Natal,3.6,17.2
2023-01-09,KwaZulu-Natal,26.9,16.0
2023-01-10,KwaZulu-Natal,18.6,16.6
2023-01-11,KwaZulu-Natal,0.0,15.9
2023-01-12,KwaZulu-Natal,0.0,14.9
2023-01-13,KwaZulu-Natal,17.2,15.9
2023-01-14,KwaZulu-Natal,0.0,15.8
2023-01-15,KwaZulu-Natal,11.9,13.5
2023-01-16,KwaZulu-Natal,0.0,17.2
2023-01-17,KwaZulu-Natal,0.0,17.4
2023-01-18,KwaZulu-Natal,0.0,16.8
2023-01-19,KwaZulu-Natal,0.0,17.3
2023-01-20,KwaZulu-Natal,0.0,15.8
2023-01-21,KwaZulu-Natal,2.6,15.3
2023-01-22,KwaZulu-Natal,0.0,17.5
2023-01-23,KwaZulu-Natal,0.0,14.5
2023-01-24,KwaZulu-Natal,0.0,14.4
2023-01-25,KwaZulu-Natal,0.0,16.8
2023-01-26,KwaZulu-Natal,0.0,16.7
2023-01-27,KwaZulu-Natal,0.0,17.5
2023-01-28,KwaZulu-Natal,0.0,13.6
2023-01-29,KwaZulu-Natal,0.0,16.0
2023-01-30,KwaZulu-Natal,0.0,14.5
2023-01-31,KwaZulu-Natal,12.0,17.5
2023-02-01,KwaZulu-Natal,6.5,18.3
2023-02-02,KwaZulu-Natal,0.0,17.0
2023-02-03,KwaZulu-Natal,0.0,15.5
2023-02-04,KwaZulu-Natal,0.0,15.2
2023-02-05,KwaZulu-Natal,12.4,15.8
2023-02-06,KwaZulu-Natal,0.0,15.2
2023-02-07,KwaZulu-Natal,0.0,16.2
2023-02-08,KwaZulu-Natal,2.5,15.4
2023-02-09,KwaZulu-Natal,7.7,14.5
2023-02-10,KwaZulu-Natal,0.0,17.2
2023-02-11,KwaZulu-Natal,7.4,17.3
2023-02-12,KwaZulu-Natal,0.9,19.2
2023-02-13,KwaZulu-Natal,0.0,16.1
2023-02-14,KwaZulu-Natal,0.0,13.9
2023-02-15,KwaZulu-Natal,0.0,18.1
2023-02-16,KwaZulu-Natal,0.0,18.3
2023-02-17,KwaZulu-Natal,2.8,18.7
2023-02-18,KwaZulu-Natal,0.0,19.2
2023-02-19,KwaZulu-Natal,1.0,19.3
2023-02-20,KwaZulu-Natal,5.1,15.7
2023-02-21,KwaZulu-Natal,0.0,19.5
2023-02-22,KwaZulu-Natal,0.0,16.7
2023-02-23,KwaZulu-Natal,8.6,18.5
2023-02-24,KwaZulu-Natal,15.9,17.8
2023-02-25,KwaZulu-Natal,0.0,16.0
2023-02-26,KwaZulu-Natal,0.0,19.2
2023-02-27,KwaZulu-Natal,10.4,16.9
2023-02-28,KwaZulu-Natal,0.0,20.4
2023-03-01,KwaZulu-Natal,10.1,16.6
2023-03-02,KwaZulu-Natal,0.0,16.3
2023-03-03,KwaZulu-Natal,3.5,16.9
2023-03-04,KwaZulu-Natal,1.6,20.2
2023-03-05,KwaZulu-Natal,5.1,15.7
2023-03-06,KwaZulu-Natal,0.0,19.5
2023-03-07,KwaZulu-Natal,0.0,20.9
2023-03-08,KwaZulu-Natal,0.0,18.0
2023-03-09,KwaZulu-Natal,2.3,17.7
2023-03-10,KwaZulu-Natal,13.6,18.5
2023-03-11,KwaZulu-Natal,0.0,16.8
2023-03-12,KwaZulu-Natal,0.0,22.6
2023-03-13,KwaZulu-Natal,0.0,19.7
2023-03-14,KwaZulu-Natal,9.2,16.9
2023-03-15,KwaZulu-Natal,0.0,17.6
2023-03-16,KwaZulu-Natal,0.0,19.2
2023-03-17,KwaZulu-Natal,0.0,17.1
2023-03-18,KwaZulu-Natal,2.8,16.8
2023-03-19,KwaZulu-Natal,0.0,19.6
2023-03-20,KwaZulu-Natal,0.0,20.8
2023-03-21,KwaZulu-Natal,0.0,20.8
2023-03-22,KwaZulu-Natal,0.0,19.4
2023-03-23,KwaZulu-Natal,0.0,19.2
2023-03-24,KwaZulu-Natal,0.0,19.7
2023-03-25,KwaZulu-Natal,0.0,21.2
2023-03-26,KwaZulu-Natal,0.0,18.0
2023-03-27,KwaZulu-Natal,0.0,18.8
2023-03-28,KwaZulu-Natal,0.0,19.5
2023-03-29,KwaZulu-Natal,0.0,19.8
2023-03-30,KwaZulu-Natal,0.0,20.2
2023-03-31,KwaZulu-Natal,0.0,20.3
2023-04-01,KwaZulu-Natal,0.0,21.5
2023-04-02,KwaZulu-Natal,0.0,17.9
2023-04-03,KwaZulu-Natal,0.0,18.2
2023-04-04,KwaZulu-Natal,0.0,19.7
2023-04-05,KwaZulu-Natal,6.9,22.1
2023-04-06,KwaZulu-Natal,0.0,20.0
2023-04-07,KwaZulu-Natal,0.0,21.0
2023-04-08,KwaZulu-Natal,0.0,21.3
2023-04-09,KwaZulu-Natal,0.0,21.7
2023-04-10,KwaZulu-Natal,0.0,23.7
2023-04-11,KwaZulu-Natal,1.9,22.5
2023-04-12,KwaZulu-Natal,0.0,23.1
2023-04-13,KwaZulu-Natal,0.0,21.5
2023-04-14,KwaZulu-Natal,0.9,24.0
2023-04-15,KwaZulu-Natal,0.0,22.0
2023-04-16,KwaZulu-Natal,0.0,19.0
2023-04-17,KwaZulu-Natal,0.0,25.8
2023-04-18,KwaZulu-Natal,0.0,22.2
2023-04-19,KwaZulu-Natal,0.0,23.1
2023-04-20,KwaZulu-Natal,0.0,20.8
2023-04-21,KwaZulu-Natal,0.0,25.8
2023-04-22,KwaZulu-Natal,6.8,21.4
2023-04-23,KwaZulu-Natal,0.0,22.1
2023-04-24,KwaZulu-Natal,1.1,20.5
2023-04-25,KwaZulu-Natal,0.0,23.4
2023-04-26,KwaZulu-Natal,1.6,22.6
2023-04-27,KwaZulu-Natal,0.0,20.8
2023-04-28,KwaZulu-Natal,0.0,23.1
2023-04-29,KwaZulu-Natal,0.0,23.4
2023-04-30,KwaZulu-Natal,0.0,23.0
2023-05-01,KwaZulu-Natal,0.0,20.8
2023-05-02,KwaZulu-Natal,0.0,24.0
2023-05-03,KwaZulu-Natal,0.8,21.8
2023-05-04,KwaZulu-Natal,0.0,25.1
2023-05-05,KwaZulu-Natal,0.0,23.1
2023-05-06,KwaZulu-Natal,0.0,25.4
2023-05-07,KwaZulu-Natal,0.0,24.1
2023-05-08,KwaZulu-Natal,7.8,24.3
2023-05-09,KwaZulu-Natal,0.0,26.2
2023-05-10,KwaZulu-Natal,0.0,23.2
2023-05-11,KwaZulu-Natal,0.0,22.8
2023-05-12,KwaZulu-Natal,0.0,25.4
2023-05-13,KwaZulu-Natal,0.0,22.7
2023-05-14,KwaZulu-Natal,0.0,23.6
2023-05-15,KwaZulu-Natal,0.0,22.5
2023-05-16,KwaZulu-Natal,0.0,26.7
2023-05-17,KwaZulu-Natal,0.0,23.5
2023-05-18,KwaZulu-Natal,0.0,24.1
2023-05-19,KwaZulu-Natal,0.0,23.3
2023-05-20,KwaZulu-Natal,0.0,24.7
2023-05-21,KwaZulu-Natal,0.0,25.2
2023-05-22,KwaZulu-Natal,0.0,26.7
2023-05-23,KwaZulu-Natal,0.0,23.6
2023-05-24,KwaZulu-Natal,0.0,24.7
2023-05-25,KwaZulu-Natal,0.0,27.8
2023-05-26,KwaZulu-Natal,0.0,27.4
2023-05-27,KwaZulu-Natal,0.0,24.9
2023-05-28,KwaZulu-Natal,0.0,25.9
2023-05-29,KwaZulu-Natal,0.0,29.0
2023-05-30,KwaZulu-Natal,0.0,24.3
2023-05-31,KwaZulu-Natal,0.0,23.3
2023-06-01,KwaZulu-Natal,0.0,25.4
2023-06-02,KwaZulu-Natal,0.0,26.2
2023-06-03,KwaZulu-Natal,0.0,25.2
2023-06-04,KwaZulu-Natal,0.0,27.9
2023-06-05,KwaZulu-Natal,0.0,26.8
2023-06-06,KwaZulu-Natal,0.0,25.7
2023-06-07,KwaZulu-Natal,0.0,25.9
2023-06-08,KwaZulu-Natal,0.0,25.6
2023-06-09,KwaZulu-Natal,0.0,28.0
2023-06-10,KwaZulu-Natal,0.0,26.1
2023-06-11,KwaZulu-Natal,0.0,25.1
2023-06-12,KwaZulu-Natal,0.0,28.4
2023-06-13,KwaZulu-Natal,0.0,26.6
2023-06-14,KwaZulu-Natal,0.0,25.0
2023-06-15,KwaZulu-Natal,0.0,29.7
2023-06-16,KwaZulu-Natal,0.0,28.1
2023-06-17,KwaZulu-Natal,0.0,27.3
2023-06-18,KwaZulu-Natal,0.0,27.0
2023-06-19,KwaZulu-Natal,0.0,26.9
2023-06-20,KwaZulu-Natal,0.0,26.9
2023-06-21,KwaZulu-Natal,0.0,27.0
2023-06-22,KwaZulu-Natal,0.0,26.6
2023-06-23,KwaZulu-Natal,0.0,27.4
2023-06-24,KwaZulu-Natal,0.0,26.6
2023-06-25,KwaZulu-Natal,0.0,27.9
2023-06-26,KwaZulu-Natal,0.0,27.6
2023-06-27,KwaZulu-Natal,0.0,26.6
2023-06-28,KwaZulu-Natal,0.0,27.6
2023-06-29,KwaZulu-Natal,0.0,28.5
2023-06-30,KwaZulu-Natal,0.0,24.4
2023-07-01,KwaZulu-Natal,0.0,28.7
2023-07-02,KwaZulu-Natal,0.0,26.0
2023-07-03,KwaZulu-Natal,0.0,27.2
2023-07-04,KwaZulu-Natal,0.0,23.6
2023-07-05,KwaZulu-Natal,0.0,28.7
2023-07-06,KwaZulu-Natal,0.0,26.8
2023-07-07,KwaZulu-Natal,0.0,27.2
2023-07-08,KwaZulu-Natal,0.0,28.1
2023-07-09,KwaZulu-Natal,0.0,25.0
2023-07-10,KwaZulu-Natal,0.0,28.1
2023-07-11,KwaZulu-Natal,0.0,28.9
2023-07-12,KwaZulu-Natal,0.0,28.2
2023-07-13,KwaZulu-Natal,0.0,27.4
2023-07-14,KwaZulu-Natal,0.0,28.1
2023-07-15,KwaZulu-Natal,0.0,27.9
2023-07-16,KwaZulu-Natal,0.0,29.1
2023-07-17,KwaZulu-Natal,0.0,29.9
2023-07-18,KwaZulu-Natal,0.0,27.4
2023-07-19,KwaZulu-Natal,0.0,28.3
2023-07-20,KwaZulu-Natal,0.0,27.0
2023-07-21,KwaZulu-Natal,0.0,28.6
2023-07-22,KwaZulu-Natal,0.0,28.7
2023-07-23,KwaZulu-Natal,0.0,27.7
2023-07-24,KwaZulu-Natal,0.0,28.7
2023-07-25,KwaZulu-Natal,0.0,27.9
2023-07-26,KwaZulu-Natal,0.0,27.8
2023-07-27,KwaZulu-Natal,0.0,26.6
2023-07-28,KwaZulu-Natal,0.0,28.1
2023-07-29,KwaZulu-Natal,0.0,27.0
2023-07-30,KwaZulu-Natal,0.0,29.1
2023-07-31,KwaZulu-Natal,0.0,26.5
2023-08-01,KwaZulu-Natal,0.0,28.2
2023-08-02,KwaZulu-Natal,0.0,27.4
2023-08-03,KwaZulu-Natal,0.0,28.1
2023-08-04,KwaZulu-Natal,0.0,27.6
2023-08-05,KwaZulu-Natal,0.0,26.4
2023-08-06,KwaZulu-Natal,0.0,29.3
2023-08-07,KwaZulu-Natal,0.0,26.3
2023-08-08,KwaZulu-Natal,0.0,28.5
2023-08-09,KwaZulu-Natal,0.0,25.0
2023-08-10,KwaZulu-Natal,0.0,27.0
2023-08-11,KwaZulu-Natal,0.0,29.7
2023-08-12,KwaZulu-Natal,0.0,27.0
2023-08-13,KwaZulu-Natal,0.0,27.5
2023-08-14,KwaZulu-Natal,0.0,29.7
2023-08-15,KwaZulu-Natal,0.0,27.0
2023-08-16,KwaZulu-Natal,0.0,27.6
2023-08-17,KwaZulu-Natal,0.0,28.0
2023-08-18,KwaZulu-Natal,0.0,25.0
2023-08-19,KwaZulu-Natal,0.0,26.3
2023-08-20,KwaZulu-Natal,0.0,27.2
2023-08-21,KwaZulu-Natal,0.0,24.5
2023-08-22,KwaZulu-Natal,0.0,28.9
2023-08-23,KwaZulu-Natal,0.0,27.9
2023-08-24,KwaZulu-Natal,0.0,27.6
2023-08-25,KwaZulu-Natal,0.0,28.6
2023-08-26,KwaZulu-Natal,0.0,27.7
2023-08-27,KwaZulu-Natal,0.0,26.2
2023-08-28,KwaZulu-Natal,0.0,24.0
2023-08-29,KwaZulu-Natal,0.0,25.4
2023-08-30,KwaZulu-Natal,0.0,25.3
2023-08-31,KwaZulu-Natal,0.0,27.2
2023-09-01,KwaZulu-Natal,0.0,26.3
2023-09-02,KwaZulu-Natal,0.0,23.8
2023-09-03,KwaZulu-Natal,0.0,27.3
2023-09-04,KwaZulu-Natal,0.0,27.9
2023-09-05,KwaZulu-Natal,0.0,28.1
2023-09-06,KwaZulu-Natal,0.0,24.1
2023-09-07,KwaZulu-Natal,0.0,26.2
2023-09-08,KwaZulu-Natal,0.0,24.1
2023-09-09,KwaZulu-Natal,0.0,28.5
2023-09-10,KwaZulu-Natal,0.0,25.5
2023-09-11,KwaZulu-Natal,0.0,24.8
2023-09-12,KwaZulu-Natal,0.0,24.5
2023-09-13,KwaZulu-Natal,0.0,25.7
2023-09-14,KwaZulu-Natal,0.0,25.9
2023-09-15,KwaZulu-Natal,0.0,22.6
2023-09-16,KwaZulu-Natal,0.0,27.0
2023-09-17,KwaZulu-Natal,0.0,25.6
2023-09-18,KwaZulu-Natal,0.0,26.8
2023-09-19,KwaZulu-Natal,0.0,27.2
2023-09-20,KwaZulu-Natal,0.0,24.4
2023-09-21,KwaZulu-Natal,0.0,25.8
2023-09-22,KwaZulu-Natal,0.0,23.5
2023-09-23,KwaZulu-Natal,0.0,23.6
2023-09-24,KwaZulu-Natal,0.0,26.6
2023-09-25,KwaZulu-Natal,0.0,23.0
2023-09-26,KwaZulu-Natal,0.0,24.3
2023-09-27,KwaZulu-Natal,0.0,22.5
2023-09-28,KwaZulu-Natal,0.0,22.8
2023-09-29,KwaZulu-Natal,0.0,22.9
2023-09-30,KwaZulu-Natal,0.0,25.8
2023-10-01,KwaZulu-Natal,0.0,24.3
2023-10-02,KwaZulu-Natal,0.0,24.7
2023-10-03,KwaZulu-Natal,0.0,20.6
2023-10-04,KwaZulu-Natal,0.0,23.3
2023-10-05,KwaZulu-Natal,0.0,22.5
2023-10-06,KwaZulu-Natal,0.0,23.7
2023-10-07,KwaZulu-Natal,0.0,26.5
2023-10-08,KwaZulu-Natal,0.0,19.2
2023-10-09,KwaZulu-Natal,0.0,23.3
2023-10-10,KwaZulu-Natal,0.0,25.9
2023-10-11,KwaZulu-Natal,0.0,21.7
2023-10-12,KwaZulu-Natal,0.0,22.6
2023-10-13,KwaZulu-Natal,0.0,23.3
2023-10-14,KwaZulu-Natal,0.0,18.9
2023-10-15,KwaZulu-Natal,0.0,22.5
2023-10-16,KwaZulu-Natal,0.0,20.8
2023-10-17,KwaZulu-Natal,2.1,24.9
2023-10-18,KwaZulu-Natal,0.0,21.5
2023-10-19,KwaZulu-Natal,0.0,20.6
2023-10-20,KwaZulu-Natal,0.0,22.8
2023-10-21,KwaZulu-Natal,0.0,22.2
2023-10-22,KwaZulu-Natal,0.0,22.7
2023-10-23,KwaZulu-Natal,0.0,24.1
2023-10-24,KwaZulu-Natal,0.0,20.3
2023-10-25,KwaZulu-Natal,0.0,23.6
2023-10-26,KwaZulu-Natal,1.0,23.8
2023-10-27,KwaZulu-Natal,0.0,19.7
2023-10-28,KwaZulu-Natal,0.0,19.7
2023-10-29,KwaZulu-Natal,0.0,20.7
2023-10-30,KwaZulu-Natal,0.0,20.2
2023-10-31,KwaZulu-Natal,0.0,23.0
2023-11-01,KwaZulu-Natal,0.0,19.0
2023-11-02,KwaZulu-Natal,0.0,20.6
2023-11-03,KwaZulu-Natal,0.0,19.0
2023-11-04,KwaZulu-Natal,0.0,20.2
2023-11-05,KwaZulu-Natal,0.0,23.2
2023-11-06,KwaZulu-Natal,0.0,22.6
2023-11-07,KwaZulu-Natal,0.0,20.3
2023-11-08,KwaZulu-Natal,1.4,20.6
2023-11-09,KwaZulu-Natal,0.0,20.3
2023-11-10,KwaZulu-Natal,0.0,19.0
2023-11-11,KwaZulu-Natal,0.0,22.3
2023-11-12,KwaZulu-Natal,0.0,21.3
2023-11-13,KwaZulu-Natal,0.0,19.5
2023-11-14,KwaZulu-Natal,0.0,18.8
2023-11-15,KwaZulu-Natal,0.2,18.8
2023-11-16,KwaZulu-Natal,0.0,19.4
2023-11-17,KwaZulu-Natal,2.2,18.8
2023-11-18,KwaZulu-Natal,0.0,20.5
2023-11-19,KwaZulu-Natal,1.9,19.4
2023-11-20,KwaZulu-Natal,0.1,17.1
2023-11-21,KwaZulu-Natal,0.0,16.8
2023-11-22,KwaZulu-Natal,0.0,19.9
2023-11-23,KwaZulu-Natal,0.0,16.6
2023-11-24,KwaZulu-Natal,3.1,17.7
2023-11-25,KwaZulu-Natal,0.0,17.5
2023-11-26,KwaZulu-Natal,0.0,16.2
2023-11-27,KwaZulu-Natal,0.0,18.5
2023-11-28,KwaZulu-Natal,0.0,17.7
2023-11-29,KwaZulu-Natal,0.0,16.9
2023-11-30,KwaZulu-Natal,5.5,20.9
2023-12-01,KwaZulu-Natal,0.6,14.1
2023-12-02,KwaZulu-Natal,0.0,16.3
2023-12-03,KwaZulu-Natal,0.0,16.7
2023-12-04,KwaZulu-Natal,2.0,15.5
2023-12-05,KwaZulu-Natal,0.0,20.8
2023-12-06,KwaZulu-Natal,0.0,20.7
2023-12-07,KwaZulu-Natal,0.0,16.3
2023-12-08,KwaZulu-Natal,13.4,19.1
2023-12-09,KwaZulu-Natal,0.0,18.1
2023-12-10,KwaZulu-Natal,0.0,19.6
2023-12-11,KwaZulu-Natal,0.0,16.9
2023-12-12,KwaZulu-Natal,0.0,17.6
2023-12-13,KwaZulu-Natal,0.0,19.0
2023-12-14,KwaZulu-Natal,2.4,18.8
2023-12-15,KwaZulu-Natal,0.0,17.1
2023-12-16,KwaZulu-Natal,0.0,15.4
2023-12-17,KwaZulu-Natal,0.0,15.6
2023-12-18,KwaZulu-Natal,4.7,13.9
2023-12-19,KwaZulu-Natal,0.0,17.8
2023-12-20,KwaZulu-Natal,18.0,16.9
2023-12-21,KwaZulu-Natal,0.0,17.0
2023-12-22,KwaZulu-Natal,0.0,16.5
2023-12-23,KwaZulu-Natal,3.1,14.7
2023-12-24,KwaZulu-Natal,7.0,16.9
2023-12-25,KwaZulu-Natal,15.0,17.3
2023-12-26,KwaZulu-Natal,0.0,15.0
2023-12-27,KwaZulu-Natal,10.1,16.3
2023-12-28,KwaZulu-Natal,0.0,15.3
2023-12-29,KwaZulu-Natal,0.0,15.9
2023-12-30,KwaZulu-Natal,6.1,14.5
2023-12-31,KwaZulu-Natal,0.0,15.8
2024-01-01,KwaZulu-Natal,0.0,18.6
2024-01-02,KwaZulu-Natal,0.0,15.4
2024-01-03,KwaZulu-Natal,2.4,15.1
2024-01-04,KwaZulu-Natal,7.5,15.2
2024-01-05,KwaZulu-Natal,0.0,15.8
2024-01-06,KwaZulu-Natal,0.0,18.8
2024-01-07,KwaZulu-Natal,10.0,18.2
2024-01-08,KwaZulu-Natal,0.0,15.8
2024-01-09,KwaZulu-Natal,10.8,15.1
2024-01-10,KwaZulu-Natal,0.0,13.4
2024-01-11,KwaZulu-Natal,24.2,14.6
2024-01-12,KwaZulu-Natal,0.0,13.0
2024-01-13,KwaZulu-Natal,11.4,17.1
2024-01-14,KwaZulu-Natal,0.0,18.0
2024-01-15,KwaZulu-Natal,0.0,15.4
2024-01-16,KwaZulu-Natal,0.0,16.6
2024-01-17,KwaZulu-Natal,2.2,14.4
2024-01-18,KwaZulu-Natal,0.0,13.1
2024-01-19,KwaZulu-Natal,0.0,16.1
2024-01-20,KwaZulu-Natal,6.5,16.6
2024-01-21,KwaZulu-Natal,5.4,18.6
2024-01-22,KwaZulu-Natal,0.0,19.1
2024-01-23,KwaZulu-Natal,0.0,15.6
2024-01-24,KwaZulu-Natal,0.0,17.4
2024-01-25,KwaZulu-Natal,0.0,16.6
2024-01-26,KwaZulu-Natal,6.6,16.1
2024-01-27,KwaZulu-Natal,0.0,16.1
2024-01-28,KwaZulu-Natal,0.0,15.9
2024-01-29,KwaZulu-Natal,0.0,16.0
2024-01-30,KwaZulu-Natal,0.0,18.7
2024-01-31,KwaZulu-Natal,0.0,16.5
2024-02-01,KwaZulu-Natal,0.0,18.9
2024-02-02,KwaZulu-Natal,0.0,14.9
2024-02-03,KwaZulu-Natal,19.1,12.1
2024-02-04,KwaZulu-Natal,0.0,15.7
2024-02-05,KwaZulu-Natal,0.0,15.1
2024-02-06,KwaZulu-Natal,0.0,14.2
2024-02-07,KwaZulu-Natal,0.0,18.4
2024-02-08,KwaZulu-Natal,0.2,14.5
2024-02-09,KwaZulu-Natal,0.0,17.4
2024-02-10,KwaZulu-Natal,5.5,19.6
2024-02-11,KwaZulu-Natal,4.1,14.9
2024-02-12,KwaZulu-Natal,0.0,16.3
2024-02-13,KwaZulu-Natal,0.0,18.8
2024-02-14,KwaZulu-Natal,18.6,16.2
2024-02-15,KwaZulu-Natal,18.2,17.3
2024-02-16,KwaZulu-Natal,0.0,17.8
2024-02-17,KwaZulu-Natal,0.0,17.2
2024-02-18,KwaZulu-Natal,0.0,16.3
2024-02-19,KwaZulu-Natal,0.0,15.9
2024-02-20,KwaZulu-Natal,8.0,15.5
2024-02-21,KwaZulu-Natal,0.0,18.1
2024-02-22,KwaZulu-Natal,3.3,16.3
2024-02-23,KwaZulu-Natal,10.7,19.1
2024-02-24,KwaZulu-Natal,4.5,19.8
2024-02-25,KwaZulu-Natal,25.7,15.7
2024-02-26,KwaZulu-Natal,0.0,18.6
2024-02-27,KwaZulu-Natal,0.0,20.7
2024-02-28,KwaZulu-Natal,0.0,16.4
2024-02-29,KwaZulu-Natal,9.5,19.5
2024-03-01,KwaZulu-Natal,0.0,18.6
2024-03-02,KwaZulu-Natal,5.8,19.3
2024-03-03,KwaZulu-Natal,0.8,16.8
2024-03-04,KwaZulu-Natal,0.0,20.9
2024-03-05,KwaZulu-Natal,0.9,17.1
2024-03-06,KwaZulu-Natal,0.0,19.1
2024-03-07,KwaZulu-Natal,0.0,18.2
2024-03-08,KwaZulu-Natal,0.0,19.1
2024-03-09,KwaZulu-Natal,0.0,16.9
2024-03-10,KwaZulu-Natal,0.0,16.7
2024-03-11,KwaZulu-Natal,0.0,19.0
2024-03-12,KwaZulu-Natal,0.0,18.1
2024-03-13,KwaZulu-Natal,0.0,18.1
2024-03-14,KwaZulu-Natal,0.1,19.7
2024-03-15,KwaZulu-Natal,0.0,16.7
2024-03-16,KwaZulu-Natal,13.2,20.8
2024-03-17,KwaZulu-Natal,0.0,19.3
2024-03-18,KwaZulu-Natal,0.0,20.3
2024-03-19,KwaZulu-Natal,0.0,20.1
2024-03-20,KwaZulu-Natal,0.0,20.3
2024-03-21,KwaZulu-Natal,0.0,17.7
2024-03-22,KwaZulu-Natal,0.0,21.3
2024-03-23,KwaZulu-Natal,5.0,20.1
2024-03-24,KwaZulu-Natal,0.0,19.0
2024-03-25,KwaZulu-Natal,4.4,19.7
2024-03-26,KwaZulu-Natal,0.0,20.5
2024-03-27,KwaZulu-Natal,0.0,20.3
2024-03-28,KwaZulu-Natal,0.0,21.0
2024-03-29,KwaZulu-Natal,0.0,22.7
2024-03-30,KwaZulu-Natal,0.0,18.8
2024-03-31,KwaZulu-Natal,0.0,21.6
2024-04-01,KwaZulu-Natal,0.0,20.4
2024-04-02,KwaZulu-Natal,0.0,22.4
2024-04-03,KwaZulu-Natal,0.0,23.2
2024-04-04,KwaZulu-Natal,0.0,21.1
2024-04-05,KwaZulu-Natal,0.0,21.9
2024-04-06,KwaZulu-Natal,0.0,22.9
2024-04-07,KwaZulu-Natal,2.1,22.6
2024-04-08,KwaZulu-Natal,0.0,23.1
2024-04-09,KwaZulu-Natal,0.0,20.9
2024-04-10,KwaZulu-Natal,0.0,20.7
2024-04-11,KwaZulu-Natal,1.6,19.9
2024-04-12,KwaZulu-Natal,0.0,21.4
2024-04-13,KwaZulu-Natal,0.0,21.6
2024-04-14,KwaZulu-Natal,0.0,21.7
2024-04-15,KwaZulu-Natal,0.0,22.7
2024-04-16,KwaZulu-Natal,4.0,22.9
2024-04-17,KwaZulu-Natal,0.0,22.1
2024-04-18,KwaZulu-Natal,0.0,22.8
2024-04-19,KwaZulu-Natal,0.0,23.6
2024-04-20,KwaZulu-Natal,0.0,21.3
2024-04-21,KwaZulu-Natal,4.6,24.0
2024-04-22,KwaZulu-Natal,0.0,21.8
2024-04-23,KwaZulu-Natal,0.0,25.0
2024-04-24,KwaZulu-Natal,0.0,23.1
2024-04-25,KwaZulu-Natal,0.0,23.1
2024-04-26,KwaZulu-Natal,0.0,20.4
2024-04-27,KwaZulu-Natal,0.0,24.2
2024-04-28,KwaZulu-Natal,0.0,23.4
2024-04-29,KwaZulu-Natal,0.0,23.7
2024-04-30,KwaZulu-Natal,0.0,23.4
2024-05-01,KwaZulu-Natal,0.0,24.5
2024-05-02,KwaZulu-Natal,0.0,24.9
2024-05-03,KwaZulu-Natal,0.0,24.5
2024-05-04,KwaZulu-Natal,0.0,25.9
2024-05-05,KwaZulu-Natal,0.0,22.9
2024-05-06,KwaZulu-Natal,0.0,23.2
2024-05-07,KwaZulu-Natal,0.0,24.8
2024-05-08,KwaZulu-Natal,0.0,25.3
2024-05-09,KwaZulu-Natal,0.0,25.2
2024-05-10,KwaZulu-Natal,0.0,22.5
2024-05-11,KwaZulu-Natal,0.0,22.8
2024-05-12,KwaZulu-Natal,0.0,24.4
2024-05-13,KwaZulu-Natal,0.0,22.1
2024-05-14,KwaZulu-Natal,0.0,25.2
2024-05-15,KwaZulu-Natal,0.0,24.8
2024-05-16,KwaZulu-Natal,0.0,23.7
2024-05-17,KwaZulu-Natal,0.0,24.3
2024-05-18,KwaZulu-Natal,0.0,25.4
2024-05-19,KwaZulu-Natal,0.0,23.1
2024-05-20,KwaZulu-Natal,0.9,24.5
2024-05-21,KwaZulu-Natal,0.0,25.1
2024-05-22,KwaZulu-Natal,0.0,25.1
2024-05-23,KwaZulu-Natal,0.0,25.2
2024-05-24,KwaZulu-Natal,0.0,27.8
2024-05-25,KwaZulu-Natal,0.0,27.2
2024-05-26,KwaZulu-Natal,0.0,24.9
2024-05-27,KwaZulu-Natal,0.0,24.4
2024-05-28,KwaZulu-Natal,0.0,25.4
2024-05-29,KwaZulu-Natal,0.0,27.9
2024-05-30,KwaZulu-Natal,0.0,23.0
2024-05-31,KwaZulu-Natal,0.0,26.4
2024-06-01,KwaZulu-Natal,0.0,25.9
2024-06-02,KwaZulu-Natal,0.0,28.2
2024-06-03,KwaZulu-Natal,0.0,27.9
2024-06-04,KwaZulu-Natal,0.0,24.3
2024-06-05,KwaZulu-Natal,0.0,28.4
2024-06-06,KwaZulu-Natal,0.0,23.2
2024-06-07,KwaZulu-Natal,0.0,27.6
2024-06-08,KwaZulu-Natal,0.0,27.8
2024-06-09,KwaZulu-Natal,0.0,29.4
2024-06-10,KwaZulu-Natal,0.0,27.3
2024-06-11,KwaZulu-Natal,0.0,26.0
2024-06-12,KwaZulu-Natal,0.0,25.5
2024-06-13,KwaZulu-Natal,0.0,29.3
2024-06-14,KwaZulu-Natal,0.0,29.7
2024-06-15,KwaZulu-Natal,0.0,26.5
2024-06-16,KwaZulu-Natal,0.0,27.3
2024-06-17,KwaZulu-Natal,0.0,29.3
2024-06-18,KwaZulu-Natal,0.0,28.5
2024-06-19,KwaZulu-Natal,0.0,27.1
2024-06-20,KwaZulu-Natal,0.0,26.3
2024-06-21,KwaZulu-Natal,0.0,26.2
2024-06-22,KwaZulu-Natal,0.0,28.9
2024-06-23,KwaZulu-Natal,0.0,27.0
2024-06-24,KwaZulu-Natal,0.0,27.0
2024-06-25,KwaZulu-Natal,0.0,28.5
2024-06-26,KwaZulu-Natal,0.0,27.8
2024-06-27,KwaZulu-Natal,0.0,28.3
2024-06-28,KwaZulu-Natal,0.0,27.2
2024-06-29,KwaZulu-Natal,0.0,27.2
2024-06-30,KwaZulu-Natal,0.0,26.7
2024-07-01,KwaZulu-Natal,0.0,28.9
2024-07-02,KwaZulu-Natal,0.0,28.0
2024-07-03,KwaZulu-Natal,0.0,28.3
2024-07-04,KwaZulu-Natal,0.0,26.4
2024-07-05,KwaZulu-Natal,0.0,28.9
2024-07-06,KwaZulu-Natal,0.0,28.4
2024-07-07,KwaZulu-Natal,0.0,29.0
2024-07-08,KwaZulu-Natal,0.0,28.5
2024-07-09,KwaZulu-Natal,0.0,28.4
2024-07-10,KwaZulu-Natal,0.0,25.2
2024-07-11,KwaZulu-Natal,0.0,29.7
2024-07-12,KwaZulu-Natal,0.0,26.0
2024-07-13,KwaZulu-Natal,0.0,29.6
2024-07-14,KwaZulu-Natal,0.0,27.9
2024-07-15,KwaZulu-Natal,0.0,25.6
2024-07-16,KwaZulu-Natal,0.0,27.9
2024-07-17,KwaZulu-Natal,0.0,25.7
2024-07-18,KwaZulu-Natal,0.0,29.7
2024-07-19,KwaZulu-Natal,0.0,27.2
2024-07-20,KwaZulu-Natal,0.0,26.4
2024-07-21,KwaZulu-Natal,0.0,29.0
2024-07-22,KwaZulu-Natal,0.0,27.9
2024-07-23,KwaZulu-Natal,0.0,28.7
2024-07-24,KwaZulu-Natal,0.0,27.8
2024-07-25,KwaZulu-Natal,0.0,29.7
2024-07-26,KwaZulu-Natal,0.0,27.3
2024-07-27,KwaZulu-Natal,0.0,25.5
2024-07-28,KwaZulu-Natal,0.0,26.2
2024-07-29,KwaZulu-Natal,0.0,28.5
2024-07-30,KwaZulu-Natal,0.0,26.8
2024-07-31,KwaZulu-Natal,0.0,29.7
2024-08-01,KwaZulu-Natal,0.0,26.0
2024-08-02,KwaZulu-Natal,0.0,29.3
2024-08-03,KwaZulu-Natal,0.0,27.0
2024-08-04,KwaZulu-Natal,0.0,29.6
2024-08-05,KwaZulu-Natal,0.0,28.4
2024-08-06,KwaZulu-Natal,0.0,27.9
2024-08-07,KwaZulu-Natal,0.0,28.6
2024-08-08,KwaZulu-Natal,0.0,29.4
2024-08-09,KwaZulu-Natal,0.0,27.4
2024-08-10,KwaZulu-Natal,0.0,24.6
2024-08-11,KwaZulu-Natal,0.0,29.2
2024-08-12,KwaZulu-Natal,0.0,26.9
2024-08-13,KwaZulu-Natal,0.0,31.1
2024-08-14,KwaZulu-Natal,0.0,26.3
2024-08-15,KwaZulu-Natal,0.0,26.6
2024-08-16,KwaZulu-Natal,0.0,28.3
2024-08-17,KwaZulu-Natal,0.0,28.2
2024-08-18,KwaZulu-Natal,0.0,27.7
2024-08-19,KwaZulu-Natal,0.0,26.1
2024-08-20,KwaZulu-Natal,0.0,25.2
2024-08-21,KwaZulu-Natal,0.0,25.8
2024-08-22,KwaZulu-Natal,0.0,24.5
2024-08-23,KwaZulu-Natal,0.0,29.8
2024-08-24,KwaZulu-Natal,0.0,25.1
2024-08-25,KwaZulu-Natal,0.0,26.2
2024-08-26,KwaZulu-Natal,0.0,27.6
2024-08-27,KwaZulu-Natal,0.0,26.5
2024-08-28,KwaZulu-Natal,0.0,25.5
2024-08-29,KwaZulu-Natal,0.0,26.1
2024-08-30,KwaZulu-Natal,0.0,25.3
2024-08-31,KwaZulu-Natal,0.0,25.8
2024-09-01,KwaZulu-Natal,0.0,26.7
2024-09-02,KwaZulu-Natal,0.0,24.5
2024-09-03,KwaZulu-Natal,0.0,27.6
2024-09-04,KwaZulu-Natal,0.0,26.0
2024-09-05,KwaZulu-Natal,0.0,24.9
2024-09-06,KwaZulu-Natal,0.0,25.2
2024-09-07,KwaZulu-Natal,0.0,27.4
2024-09-08,KwaZulu-Natal,0.0,26.8
2024-09-09,KwaZulu-Natal,0.0,25.8
2024-09-10,KwaZulu-Natal,0.0,24.5
2024-09-11,KwaZulu-Natal,0.0,26.1
2024-09-12,KwaZulu-Natal,0.0,25.2
2024-09-13,KwaZulu-Natal,0.0,27.7
2024-09-14,KwaZulu-Natal,0.0,25.0
2024-09-15,KwaZulu-Natal,0.0,27.5
2024-09-16,KwaZulu-Natal,0.0,25.1
2024-09-17,KwaZulu-Natal,0.0,23.2
2024-09-18,KwaZulu-Natal,0.0,29.6
2024-09-19,KwaZulu-Natal,0.0,22.4
2024-09-20,KwaZulu-Natal,0.0,21.5
2024-09-21,KwaZulu-Natal,0.0,21.3
2024-09-22,KwaZulu-Natal,0.0,28.4
2024-09-23,KwaZulu-Natal,0.0,27.4
2024-09-24,KwaZulu-Natal,0.0,24.3
2024-09-25,KwaZulu-Natal,0.0,24.7
2024-09-26,KwaZulu-Natal,0.0,24.3
2024-09-27,KwaZulu-Natal,0.0,21.1
2024-09-28,KwaZulu-Natal,0.0,25.9
2024-09-29,KwaZulu-Natal,0.0,25.6
2024-09-30,KwaZulu-Natal,0.0,21.7
2024-10-01,KwaZulu-Natal,0.0,23.9
2024-10-02,KwaZulu-Natal,0.0,23.2
2024-10-03,KwaZulu-Natal,0.0,22.9
2024-10-04,KwaZulu-Natal,0.0,22.1
2024-10-05,KwaZulu-Natal,0.0,22.8
2024-10-06,KwaZulu-Natal,0.0,22.1
2024-10-07,KwaZulu-Natal,0.0,24.4
2024-10-08,KwaZulu-Natal,0.0,22.7
2024-10-09,KwaZulu-Natal,0.0,21.6
2024-10-10,KwaZulu-Natal,0.0,22.5
2024-10-11,KwaZulu-Natal,0.0,22.2
2024-10-12,KwaZulu-Natal,0.0,22.0
2024-10-13,KwaZulu-Natal,0.0,23.2
2024-10-14,KwaZulu-Natal,0.0,21.7
2024-10-15,KwaZulu-Natal,0.0,21.1
2024-10-16,KwaZulu-Natal,0.0,19.8
2024-10-17,KwaZulu-Natal,0.0,21.8
2024-10-18,KwaZulu-Natal,0.0,23.5
2024-10-19,KwaZulu-Natal,0.0,21.4
2024-10-20,KwaZulu-Natal,0.0,20.7
2024-10-21,KwaZulu-Natal,0.0,20.2
2024-10-22,KwaZulu-Natal,0.0,18.7
2024-10-23,KwaZulu-Natal,0.0,22.9
2024-10-24,KwaZulu-Natal,0.0,21.8
2024-10-25,KwaZulu-Natal,0.0,22.1
2024-10-26,KwaZulu-Natal,0.0,21.2
2024-10-27,KwaZulu-Natal,0.0,19.5
2024-10-28,KwaZulu-Natal,0.0,20.2
2024-10-29,KwaZulu-Natal,0.0,19.8
2024-10-30,KwaZulu-Natal,0.0,19.8
2024-10-31,KwaZulu-Natal,3.3,19.7
2024-11-01,KwaZulu-Natal,0.0,21.9
2024-11-02,KwaZulu-Natal,0.0,23.2
2024-11-03,KwaZulu-Natal,0.0,18.7
2024-11-04,KwaZulu-Natal,0.0,19.7
2024-11-05,KwaZulu-Natal,13.6,20.2
2024-11-06,KwaZulu-Natal,4.8,18.3
2024-11-07,KwaZulu-Natal,0.0,19.7
2024-11-08,KwaZulu-Natal,0.0,20.1
2024-11-09,KwaZulu-Natal,0.0,19.4
2024-11-10,KwaZulu-Natal,0.0,20.3
2024-11-11,KwaZulu-Natal,0.0,19.3
2024-11-12,KwaZulu-Natal,0.0,14.9
2024-11-13,KwaZulu-Natal,0.0,17.7
2024-11-14,KwaZulu-Natal,0.0,21.2
2024-11-15,KwaZulu-Natal,0.0,19.7
2024-11-16,KwaZulu-Natal,0.0,14.6
2024-11-17,KwaZulu-Natal,0.6,16.5
2024-11-18,KwaZulu-Natal,2.4,19.7
2024-11-19,KwaZulu-Natal,0.0,17.7
2024-11-20,KwaZulu-Natal,0.0,14.4
2024-11-21,KwaZulu-Natal,0.0,20.0
2024-11-22,KwaZulu-Natal,5.9,19.4
2024-11-23,KwaZulu-Natal,0.0,17.0
2024-11-24,KwaZulu-Natal,0.0,20.0
2024-11-25,KwaZulu-Natal,0.0,16.9
2024-11-26,KwaZulu-Natal,0.0,17.1
2024-11-27,KwaZulu-Natal,0.0,17.2
2024-11-28,KwaZulu-Natal,0.0,15.0
2024-11-29,KwaZulu-Natal,0.0,18.4
2024-11-30,KwaZulu-Natal,0.0,18.5
2024-12-01,KwaZulu-Natal,5.1,17.0
2024-12-02,KwaZulu-Natal,10.3,18.6
2024-12-03,KwaZulu-Natal,0.0,15.1
2024-12-04,KwaZulu-Natal,7.7,18.5
2024-12-05,KwaZulu-Natal,0.0,17.9
2024-12-06,KwaZulu-Natal,15.7,16.3
2024-12-07,KwaZulu-Natal,12.4,17.9
2024-12-08,KwaZulu-Natal,4.2,15.9
2024-12-09,KwaZulu-Natal,8.7,18.8
2024-12-10,KwaZulu-Natal,0.0,17.8
2024-12-11,KwaZulu-Natal,0.0,17.5
2024-12-12,KwaZulu-Natal,0.0,16.2
2024-12-13,KwaZulu-Natal,13.7,18.1
2024-12-14,KwaZulu-Natal,3.5,18.6
2024-12-15,KwaZulu-Natal,8.6,19.2
2024-12-16,KwaZulu-Natal,0.0,15.9
2024-12-17,KwaZulu-Natal,18.8,17.9
2024-12-18,KwaZulu-Natal,0.0,18.7
2024-12-19,KwaZulu-Natal,6.9,16.2
2024-12-20,KwaZulu-Natal,16.9,18.7
2024-12-21,KwaZulu-Natal,0.0,16.7
2024-12-22,KwaZulu-Natal,0.0,14.9
2024-12-23,KwaZulu-Natal,0.0,15.4
2024-12-24,KwaZulu-Natal,0.0,14.2
2024-12-25,KwaZulu-Natal,0.0,16.3
2024-12-26,KwaZulu-Natal,0.0,16.1
2024-12-27,KwaZulu-Natal,0.0,16.6
2024-12-28,KwaZulu-Natal,12.2,18.3
2024-12-29,KwaZulu-Natal,10.6,16.2
2024-12-30,KwaZulu-Natal,0.0,15.8
2024-12-31,KwaZulu-Natal,0.0,15.9
2025-01-01,KwaZulu-Natal,0.0,13.4
2025-01-02,KwaZulu-Natal,0.0,17.2
2025-01-03,KwaZulu-Natal,8.9,15.9
2025-01-04,KwaZulu-Natal,1.7,16.2
2025-01-05,KwaZulu-Natal,0.0,15.8
2025-01-06,KwaZulu-Natal,0.0,16.3
2025-01-07,KwaZulu-Natal,0.0,14.1
2025-01-08,KwaZulu-Natal,10.4,16.0
2025-01-09,KwaZulu-Natal,1.5,15.1
2025-01-10,KwaZulu-Natal,0.0,16.1
2025-01-11,KwaZulu-Natal,0.0,14.5
2025-01-12,KwaZulu-Natal,0.0,16.7
2025-01-13,KwaZulu-Natal,2.0,16.0
2025-01-14,KwaZulu-Natal,0.0,14.1
2025-01-15,KwaZulu-Natal,0.0,17.4
2025-01-16,KwaZulu-Natal,2.7,15.2
2025-01-17,KwaZulu-Natal,0.0,15.5
2025-01-18,KwaZulu-Natal,0.0,17.2
2025-01-19,KwaZulu-Natal,4.6,17.6
2025-01-20,KwaZulu-Natal,0.0,15.3
2025-01-21,KwaZulu-Natal,0.0,16.2
2025-01-22,KwaZulu-Natal,0.0,17.1
2025-01-23,KwaZulu-Natal,3.8,18.0
2025-01-24,KwaZulu-Natal,0.0,16.2
2025-01-25,KwaZulu-Natal,2.8,16.8
2025-01-26,KwaZulu-Natal,0.0,14.7
2025-01-27,KwaZulu-Natal,0.0,13.9
2025-01-28,KwaZulu-Natal,0.2,17.0
2025-01-29,KwaZulu-Natal,3.9,15.0
2025-01-30,KwaZulu-Natal,0.0,14.8
2025-01-31,KwaZulu-Natal,0.0,17.2
2025-02-01,KwaZulu-Natal,0.0,16.0
2025-02-02,KwaZulu-Natal,0.0,16.6
2025-02-03,KwaZulu-Natal,0.0,14.4
2025-02-04,KwaZulu-Natal,0.0,15.0
2025-02-05,KwaZulu-Natal,0.0,18.8
2025-02-06,KwaZulu-Natal,0.0,15.4
2025-02-07,KwaZulu-Natal,0.0,16.2
2025-02-08,KwaZulu-Natal,0.0,16.9
2025-02-09,KwaZulu-Natal,4.4,14.9
2025-02-10,KwaZulu-Natal,0.0,18.6
2025-02-11,KwaZulu-Natal,0.0,16.6
2025-02-12,KwaZulu-Natal,0.0,16.3
2025-02-13,KwaZulu-Natal,0.0,18.3
2025-02-14,KwaZulu-Natal,0.0,18.2
2025-02-15,KwaZulu-Natal,13.9,19.8
2025-02-16,KwaZulu-Natal,0.0,16.2
2025-02-17,KwaZulu-Natal,0.0,20.2
2025-02-18,KwaZulu-Natal,0.0,18.0
2025-02-19,KwaZulu-Natal,0.0,19.6
2025-02-20,KwaZulu-Natal,0.0,18.6
2025-02-21,KwaZulu-Natal,9.6,16.2
2025-02-22,KwaZulu-Natal,0.0,16.0
2025-02-23,KwaZulu-Natal,0.0,14.6
2025-02-24,KwaZulu-Natal,17.1,14.4
2025-02-25,KwaZulu-Natal,0.0,16.5
2025-02-26,KwaZulu-Natal,0.0,19.4
2025-02-27,KwaZulu-Natal,0.0,16.8
2025-02-28,KwaZulu-Natal,7.2,16.6
2025-03-01,KwaZulu-Natal,0.0,18.8
2025-03-02,KwaZulu-Natal,0.0,16.5
2025-03-03,KwaZulu-Natal,0.0,20.6
2025-03-04,KwaZulu-Natal,0.0,17.5
2025-03-05,KwaZulu-Natal,10.0,19.4
2025-03-06,KwaZulu-Natal,0.0,17.8
2025-03-07,KwaZulu-Natal,0.0,18.2
2025-03-08,KwaZulu-Natal,0.0,19.9
2025-03-09,KwaZulu-Natal,0.0,18.7
2025-03-10,KwaZulu-Natal,0.0,20.7
2025-03-11,KwaZulu-Natal,0.0,17.3
2025-03-12,KwaZulu-Natal,0.0,16.6
2025-03-13,KwaZulu-Natal,0.0,16.0
2025-03-14,KwaZulu-Natal,0.0,20.6
2025-03-15,KwaZulu-Natal,0.0,20.2
2025-03-16,KwaZulu-Natal,0.0,18.5
2025-03-17,KwaZulu-Natal,7.0,19.5
2025-03-18,KwaZulu-Natal,4.0,20.7
2025-03-19,KwaZulu-Natal,0.0,18.9
2025-03-20,KwaZulu-Natal,0.0,16.6
2025-03-21,KwaZulu-Natal,0.0,16.8
2025-03-22,KwaZulu-Natal,0.0,17.8
2025-03-23,KwaZulu-Natal,0.0,19.7
2025-03-24,KwaZulu-Natal,0.0,18.2
2025-03-25,KwaZulu-Natal,0.0,21.3
2025-03-26,KwaZulu-Natal,18.8,17.9
2025-03-27,KwaZulu-Natal,6.0,18.9
2025-03-28,KwaZulu-Natal,7.3,17.3
2025-03-29,KwaZulu-Natal,0.0,19.5
2025-03-30,KwaZulu-Natal,0.0,20.3
2025-03-31,KwaZulu-Natal,10.6,22.0
2025-04-01,KwaZulu-Natal,0.0,20.6
2025-04-02,KwaZulu-Natal,5.7,21.7
2025-04-03,KwaZulu-Natal,0.0,22.2
2025-04-04,KwaZulu-Natal,0.0,21.3
2025-04-05,KwaZulu-Natal,0.0,19.5
2025-04-06,KwaZulu-Natal,0.0,21.6
2025-04-07,KwaZulu-Natal,0.0,23.3
2025-04-08,KwaZulu-Natal,0.0,20.7
2025-04-09,KwaZulu-Natal,0.0,22.1
2025-04-10,KwaZulu-Natal,0.0,22.1
2025-04-11,KwaZulu-Natal,9.9,20.9
2025-04-12,KwaZulu-Natal,0.0,23.0
2025-04-13,KwaZulu-Natal,0.0,21.1
2025-04-14,KwaZulu-Natal,0.0,22.4
2025-04-15,KwaZulu-Natal,0.0,21.5
2025-04-16,KwaZulu-Natal,0.0,22.0
2025-04-17,KwaZulu-Natal,0.0,23.5
2025-04-18,KwaZulu-Natal,6.0,19.3
2025-04-19,KwaZulu-Natal,0.0,23.2
2025-04-20,KwaZulu-Natal,0.0,23.4
2025-04-21,KwaZulu-Natal,0.0,21.6
2025-04-22,KwaZulu-Natal,0.0,22.5
2025-04-23,KwaZulu-Natal,0.0,21.2
2025-04-24,KwaZulu-Natal,0.0,21.6
2025-04-25,KwaZulu-Natal,0.0,23.3
2025-04-26,KwaZulu-Natal,0.0,26.9
2025-04-27,KwaZulu-Natal,3.5,24.1
2025-04-28,KwaZulu-Natal,0.0,21.9
2025-04-29,KwaZulu-Natal,0.0,24.5
2025-04-30,KwaZulu-Natal,0.0,24.3
2025-05-01,KwaZulu-Natal,1.1,20.9
2025-05-02,KwaZulu-Natal,0.0,23.1
2025-05-03,KwaZulu-Natal,0.0,23.5
2025-05-04,KwaZulu-Natal,0.0,24.0
2025-05-05,KwaZulu-Natal,0.0,23.9
2025-05-06,KwaZulu-Natal,0.0,24.2
2025-05-07,KwaZulu-Natal,0.0,22.7
2025-05-08,KwaZulu-Natal,0.0,23.7
2025-05-09,KwaZulu-Natal,0.0,23.9
2025-05-10,KwaZulu-Natal,0.0,26.1
2025-05-11,KwaZulu-Natal,0.7,23.4
2025-05-12,KwaZulu-Natal,0.0,24.2
2025-05-13,KwaZulu-Natal,0.0,24.1
2025-05-14,KwaZulu-Natal,0.0,27.1
2025-05-15,KwaZulu-Natal,0.0,25.8
2025-05-16,KwaZulu-Natal,0.0,23.5
2025-05-17,KwaZulu-Natal,0.0,25.6
2025-05-18,KwaZulu-Natal,0.0,23.6
2025-05-19,KwaZulu-Natal,0.0,25.6
2025-05-20,KwaZulu-Natal,0.0,27.3
2025-05-21,KwaZulu-Natal,0.0,22.4
2025-05-22,KwaZulu-Natal,0.0,24.0
2025-05-23,KwaZulu-Natal,0.0,25.8
2025-05-24,KwaZulu-Natal,0.0,25.0
2025-05-25,KwaZulu-Natal,0.0,26.0
2025-05-26,KwaZulu-Natal,0.0,25.7
2025-05-27,KwaZulu-Natal,0.0,23.4
2025-05-28,KwaZulu-Natal,0.0,26.9
2025-05-29,KwaZulu-Natal,0.0,24.0
2025-05-30,KwaZulu-Natal,0.0,26.4
2025-05-31,KwaZulu-Natal,0.0,25.5
2025-06-01,KwaZulu-Natal,0.0,29.9
2025-06-02,KwaZulu-Natal,0.0,26.1
2025-06-03,KwaZulu-Natal,0.0,26.9
2025-06-04,KwaZulu-Natal,0.0,27.3
2025-06-05,KwaZulu-Natal,0.0,27.0
2025-06-06,KwaZulu-Natal,0.0,26.6
2025-06-07,KwaZulu-Natal,0.0,25.2
2025-06-08,KwaZulu-Natal,0.0,26.6
2025-06-09,KwaZulu-Natal,0.0,24.0
2025-06-10,KwaZulu-Natal,0.0,27.6
2025-06-11,KwaZulu-Natal,0.0,31.3
2025-06-12,KwaZulu-Natal,0.0,27.2
2025-06-13,KwaZulu-Natal,0.0,27.5
2025-06-14,KwaZulu-Natal,0.0,24.8
2025-06-15,KwaZulu-Natal,0.0,25.9
2025-06-16,KwaZulu-Natal,0.0,28.5
2025-06-17,KwaZulu-Natal,0.0,25.1
2025-06-18,KwaZulu-Natal,0.0,26.2
2025-06-19,KwaZulu-Natal,0.0,28.2
2025-06-20,KwaZulu-Natal,0.0,28.6
2025-06-21,KwaZulu-Natal,0.0,27.3
2025-06-22,KwaZulu-Natal,0.0,27.7
2025-06-23,KwaZulu-Natal,0.0,27.7
2025-06-24,KwaZulu-Natal,0.0,25.7
2025-06-25,KwaZulu-Natal,0.0,27.5
2025-06-26,KwaZulu-Natal,0.0,28.0
2025-06-27,KwaZulu-Natal,0.0,27.5
2025-06-28,KwaZulu-Natal,0.0,24.8
2025-06-29,KwaZulu-Natal,0.0,30.0
2025-06-30,KwaZulu-Natal,0.0,26.1
2025-07-01,KwaZulu-Natal,0.0,27.9
2025-07-02,KwaZulu-Natal,0.0,28.3
2025-07-03,KwaZulu-Natal,0.0,27.2
2025-07-04,KwaZulu-Natal,0.0,28.2
2025-07-05,KwaZulu-Natal,0.0,26.7
2025-07-06,KwaZulu-Natal,0.0,31.1
2025-07-07,KwaZulu-Natal,0.0,27.5
2025-07-08,KwaZulu-Natal,0.0,29.3
2025-07-09,KwaZulu-Natal,0.0,26.3
2025-07-10,KwaZulu-Natal,0.0,29.0
2025-07-11,KwaZulu-Natal,0.0,26.9
2025-07-12,KwaZulu-Natal,0.0,25.9
2025-07-13,KwaZulu-Natal,0.0,26.4
2025-07-14,KwaZulu-Natal,0.0,26.7
2025-07-15,KwaZulu-Natal,0.0,28.2
2025-07-16,KwaZulu-Natal,0.0,32.3
2025-07-17,KwaZulu-Natal,0.0,32.1
2025-07-18,KwaZulu-Natal,0.0,27.5
2025-07-19,KwaZulu-Natal,0.0,29.4
2025-07-20,KwaZulu-Natal,0.0,26.1
2025-07-21,KwaZulu-Natal,0.0,24.8
2025-07-22,KwaZulu-Natal,0.0,28.0
2025-07-23,KwaZulu-Natal,0.0,28.8
2025-07-24,KwaZulu-Natal,0.0,29.1
2025-07-25,KwaZulu-Natal,0.0,29.6
2025-07-26,KwaZulu-Natal,0.0,27.4
2025-07-27,KwaZulu-Natal,0.0,28.0
2025-07-28,KwaZulu-Natal,0.0,29.1
2025-07-29,KwaZulu-Natal,0.0,29.7
2025-07-30,KwaZulu-Natal,0.0,26.5
2025-07-31,KwaZulu-Natal,0.0,28.1
2025-08-01,KwaZulu-Natal,0.0,28.8
2025-08-02,KwaZulu-Natal,0.0,28.0
2025-08-03,KwaZulu-Natal,0.0,26.8
2025-08-04,KwaZulu-Natal,0.0,27.7
2025-08-05,KwaZulu-Natal,0.0,28.5
2025-08-06,KwaZulu-Natal,0.0,26.5
2025-08-07,KwaZulu-Natal,0.0,25.8
2025-08-08,KwaZulu-Natal,0.0,30.6
2025-08-09,KwaZulu-Natal,0.0,27.8
2025-08-10,KwaZulu-Natal,0.0,28.9
2025-08-11,KwaZulu-Natal,0.0,27.7
2025-08-12,KwaZulu-Natal,0.0,29.0
2025-08-13,KwaZulu-Natal,0.0,27.5
2025-08-14,KwaZulu-Natal,0.0,28.2
2025-08-15,KwaZulu-Natal,0.0,25.6
2025-08-16,KwaZulu-Natal,0.0,24.5
2025-08-17,KwaZulu-Natal,0.0,26.4
2025-08-18,KwaZulu-Natal,0.0,24.9
2025-08-19,KwaZulu-Natal,0.0,23.9
2025-08-20,KwaZulu-Natal,0.0,27.4
2025-08-21,KwaZulu-Natal,0.0,24.3
2025-08-22,KwaZulu-Natal,0.0,28.3
2025-08-23,KwaZulu-Natal,0.0,29.0
2025-08-24,KwaZulu-Natal,0.0,24.6
2025-08-25,KwaZulu-Natal,0.0,27.1
2025-08-26,KwaZulu-Natal,0.0,29.4
2025-08-27,KwaZulu-Natal,0.0,25.8
2025-08-28,KwaZulu-Natal,0.0,27.4
2025-08-29,KwaZulu-Natal,0.0,30.0
2025-08-30,KwaZulu-Natal,0.0,23.8
2025-08-31,KwaZulu-Natal,0.0,24.7
2025-09-01,KwaZulu-Natal,0.0,27.0
2025-09-02,KwaZulu-Natal,0.0,29.4
2025-09-03,KwaZulu-Natal,0.0,25.0
2025-09-04,KwaZulu-Natal,0.0,29.6
2025-09-05,KwaZulu-Natal,0.0,26.1
2025-09-06,KwaZulu-Natal,0.0,22.8
2025-09-07,KwaZulu-Natal,0.0,28.1
2025-09-08,KwaZulu-Natal,0.0,24.9
2025-09-09,KwaZulu-Natal,0.0,26.2
2025-09-10,KwaZulu-Natal,0.0,23.0
2025-09-11,KwaZulu-Natal,0.0,24.2
2025-09-12,KwaZulu-Natal,0.0,23.0
2025-09-13,KwaZulu-Natal,0.0,22.8
2025-09-14,KwaZulu-Natal,0.0,25.3
2025-09-15,KwaZulu-Natal,0.0,25.9
2025-09-16,KwaZulu-Natal,0.0,24.1
2025-09-17,KwaZulu-Natal,0.0,22.7
2025-09-18,KwaZulu-Natal,0.0,22.8
2025-09-19,KwaZulu-Natal,0.0,25.2
2025-09-20,KwaZulu-Natal,0.0,24.7
2025-09-21,KwaZulu-Natal,0.0,25.1
2025-09-22,KwaZulu-Natal,0.0,26.7
2025-09-23,KwaZulu-Natal,0.0,25.2
2025-09-24,KwaZulu-Natal,0.0,24.8
2025-09-25,KwaZulu-Natal,0.0,27.7
2025-09-26,KwaZulu-Natal,0.0,23.6
2025-09-27,KwaZulu-Natal,0.0,27.5
2025-09-28,KwaZulu-Natal,0.0,25.9
2025-09-29,KwaZulu-Natal,0.0,23.3
2025-09-30,KwaZulu-Natal,0.0,24.8
2025-10-01,KwaZulu-Natal,0.0,23.2
2025-10-02,KwaZulu-Natal,0.0,21.3
2025-10-03,KwaZulu-Natal,0.0,23.3
2025-10-04,KwaZulu-Natal,0.0,21.0
2025-10-05,KwaZulu-Natal,0.0,23.5
2025-10-06,KwaZulu-Natal,0.0,24.2
2025-10-07,KwaZulu-Natal,0.0,22.6
2025-10-08,KwaZulu-Natal,0.0,23.1
2025-10-09,KwaZulu-Natal,0.0,23.0
2025-10-10,KwaZulu-Natal,0.0,23.9
2025-10-11,KwaZulu-Natal,0.0,22.6
2025-10-12,KwaZulu-Natal,0.0,21.9
2025-10-13,KwaZulu-Natal,0.0,23.5
2025-10-14,KwaZulu-Natal,0.0,22.4
2025-10-15,KwaZulu-Natal,0.0,18.9
2025-10-16,KwaZulu-Natal,0.0,21.4
2025-10-17,KwaZulu-Natal,0.0,21.1
2025-10-18,KwaZulu-Natal,0.0,22.0
2025-10-19,KwaZulu-Natal,0.0,21.7
2025-10-20,KwaZulu-Natal,0.0,18.6
2025-10-21,KwaZulu-Natal,0.0,19.2
2025-10-22,KwaZulu-Natal,0.0,19.9
2025-10-23,KwaZulu-Natal,0.0,21.3
2025-10-24,KwaZulu-Natal,0.0,22.8
2025-10-25,KwaZulu-Natal,0.0,18.6
2025-10-26,KwaZulu-Natal,0.0,19.9
2025-10-27,KwaZulu-Natal,0.0,20.8
2025-10-28,KwaZulu-Natal,0.0,19.3
2025-10-29,KwaZulu-Natal,0.0,20.8
2025-10-30,KwaZulu-Natal,0.0,21.5
2025-10-31,KwaZulu-Natal,0.0,19.3
2025-11-01,KwaZulu-Natal,0.0,20.8
2025-11-02,KwaZulu-Natal,0.0,20.1
2025-11-03,KwaZulu-Natal,0.0,18.4
2025-11-04,KwaZulu-Natal,0.0,19.8
2025-11-05,KwaZulu-Natal,0.0,20.6
2025-11-06,KwaZulu-Natal,0.0,22.0
2025-11-07,KwaZulu-Natal,0.0,22.2
2025-11-08,KwaZulu-Natal,23.8,18.8
2025-11-09,KwaZulu-Natal,0.0,18.6
2025-11-10,KwaZulu-Natal,0.0,19.5
2025-11-11,KwaZulu-Natal,0.0,18.6
2025-11-12,KwaZulu-Natal,0.0,21.1
2025-11-13,KwaZulu-Natal,0.0,19.3
2025-11-14,KwaZulu-Natal,0.0,19.2
2025-11-15,KwaZulu-Natal,0.0,20.0
2025-11-16,KwaZulu-Natal,0.0,19.2
2025-11-17,KwaZulu-Natal,0.0,19.3
2025-11-18,KwaZulu-Natal,0.0,19.1
2025-11-19,KwaZulu-Natal,4.0,18.4
2025-11-20,KwaZulu-Natal,0.0,17.2
2025-11-21,KwaZulu-Natal,0.0,21.1
2025-11-22,KwaZulu-Natal,0.0,17.1
2025-11-23,KwaZulu-Natal,0.0,20.8
2025-11-24,KwaZulu-Natal,0.0,18.8
2025-11-25,KwaZulu-Natal,6.1,17.3
2025-11-26,KwaZulu-Natal,0.0,18.9
2025-11-27,KwaZulu-Natal,0.0,19.2
2025-11-28,KwaZulu-Natal,0.0,20.5
2025-11-29,KwaZulu-Natal,0.0,15.9
2025-11-30,KwaZulu-Natal,0.0,17.6
2025-12-01,KwaZulu-Natal,0.0,19.8
2025-12-02,KwaZulu-Natal,0.0,18.8
2025-12-03,KwaZulu-Natal,0.0,18.3
2025-12-04,KwaZulu-Natal,0.0,19.7
2025-12-05,KwaZulu-Natal,0.0,17.2
2025-12-06,KwaZulu-Natal,0.0,13.8
2025-12-07,KwaZulu-Natal,0.0,16.8
2025-12-08,KwaZulu-Natal,0.0,20.3
2025-12-09,KwaZulu-Natal,0.0,17.6
2025-12-10,KwaZulu-Natal,0.0,15.9
2025-12-11,KwaZulu-Natal,0.0,19.1
2025-12-12,KwaZulu-Natal,9.1,18.3
2025-12-13,KwaZulu-Natal,0.0,17.2
2025-12-14,KwaZulu-Natal,0.0,17.8
2025-12-15,KwaZulu-Natal,0.0,15.3
2025-12-16,KwaZulu-Natal,0.0,16.2
2025-12-17,KwaZulu-Natal,0.0,16.6
2025-12-18,KwaZulu-Natal,0.0,18.3
2025-12-19,KwaZulu-Natal,9.1,15.8
2025-12-20,KwaZulu-Natal,0.0,16.6
2025-12-21,KwaZulu-Natal,0.0,18.7
2025-12-22,KwaZulu-Natal,0.0,20.3
2025-12-23,KwaZulu-Natal,0.0,15.2
2025-12-24,KwaZulu-Natal,10.5,16.6
2025-12-25,KwaZulu-Natal,0.0,14.1
2025-12-26,KwaZulu-Natal,0.0,16.3
2025-12-27,KwaZulu-Natal,17.1,15.9
2025-12-28,KwaZulu-Natal,0.0,18.2
2025-12-29,KwaZulu-Natal,0.0,14.5
2025-12-30,KwaZulu-Natal,0.0,14.3
2021-01-01,North West,11.3,15.7
2021-01-02,North West,2.3,13.9
2021-01-03,North West,0.0,16.1
2021-01-04,North West,4.9,15.0
2021-01-05,North West,1.0,16.6
2021-01-06,North West,0.0,15.8
2021-01-07,North West,0.0,15.1
2021-01-08,North West,3.8,13.5
2021-01-09,North West,0.0,14.8
2021-01-10,North West,0.0,14.8
2021-01-11,North West,0.0,14.2
2021-01-12,North West,2.0,15.5
2021-01-13,North West,0.0,14.3
2021-01-14,North West,0.0,15.8
2021-01-15,North West,0.0,16.4
2021-01-16,North West,0.0,14.8
2021-01-17,North West,0.0,16.6
2021-01-18,North West,0.0,14.0
2021-01-19,North West,0.0,14.3
2021-01-20,North West,0.0,15.9
2021-01-21,North West,3.0,17.1
2021-01-22,North West,3.2,17.3
2021-01-23,North West,6.9,18.5
2021-01-24,North West,0.0,15.5
2021-01-25,North West,0.0,15.9
2021-01-26,North West,0.0,14.6
2021-01-27,North West,0.0,14.2
2021-01-28,North West,0.0,16.5
2021-01-29,North West,7.9,15.0
2021-01-30,North West,0.0,18.0
2021-01-31,North West,0.0,14.0
2021-02-01,North West,5.5,17.0
2021-02-02,North West,7.7,14.8
2021-02-03,North West,10.1,15.1
2021-02-04,North West,7.4,17.2
2021-02-05,North West,6.3,15.4
2021-02-06,North West,0.0,15.7
2021-02-07,North West,3.3,15.2
2021-02-08,North West,9.7,19.2
2021-02-09,North West,0.0,15.6
2021-02-10,North West,0.0,16.7
2021-02-11,North West,6.8,16.3
2021-02-12,North West,0.0,17.0
2021-02-13,North West,9.6,15.8
2021-02-14,North West,0.0,16.5
2021-02-15,North West,0.0,17.4
2021-02-16,North West,0.0,15.6
2021-02-17,North West,8.2,18.6
2021-02-18,North West,0.0,18.8
2021-02-19,North West,0.0,18.0
2021-02-20,North West,7.5,17.2
2021-02-21,North West,5.3,12.7
2021-02-22,North West,0.0,17.9
2021-02-23,North West,0.0,16.7
2021-02-24,North West,3.1,17.0
2021-02-25,North West,0.0,14.6
2021-02-26,North West,7.2,18.2
2021-02-27,North West,2.4,15.4
2021-02-28,North West,0.0,17.8
2021-03-01,North West,0.8,19.1
2021-03-02,North West,0.0,17.1
2021-03-03,North West,5.1,19.7
2021-03-04,North West,0.0,16.8
2021-03-05,North West,0.0,18.9
2021-03-06,North West,0.0,16.1
2021-03-07,North West,0.5,19.7
2021-03-08,North West,0.0,19.6
2021-03-09,North West,2.9,19.0
2021-03-10,North West,0.0,17.8
2021-03-11,North West,0.0,16.4
2021-03-12,North West,0.9,18.0
2021-03-13,North West,0.0,20.3
2021-03-14,North West,1.3,18.9
2021-03-15,North West,4.1,16.5
2021-03-16,North West,2.8,17.2
2021-03-17,North West,0.0,20.9
2021-03-18,North West,0.0,19.8
2021-03-19,North West,2.7,17.3
2021-03-20,North West,0.0,16.6
2021-03-21,North West,2.2,18.4
2021-03-22,North West,4.8,16.7
2021-03-23,North West,0.0,19.3
2021-03-24,North West,0.0,23.3
2021-03-25,North West,14.7,17.4
2021-03-26,North West,3.3,19.6
2021-03-27,North West,0.0,21.9
2021-03-28,North West,3.1,21.2
2021-03-29,North West,0.0,19.9
2021-03-30,North West,0.0,20.0
2021-03-31,North West,0.0,18.6
2021-04-01,North West,0.0,20.0
2021-04-02,North West,0.0,20.9
2021-04-03,North West,3.7,22.3
2021-04-04,North West,0.0,19.8
2021-04-05,North West,1.9,20.6
2021-04-06,North West,0.0,19.5
2021-04-07,North West,0.0,21.4
2021-04-08,North West,0.0,22.3
2021-04-09,North West,0.0,22.2
2021-04-10,North West,0.0,19.6
2021-04-11,North West,1.9,21.7
2021-04-12,North West,0.0,20.5
2021-04-13,North West,0.0,23.2
2021-04-14,North West,0.0,21.5
2021-04-15,North West,3.2,19.6
2021-04-16,North West,0.9,21.6
2021-04-17,North West,0.0,22.8
2021-04-18,North West,4.6,22.5
2021-04-19,North West,0.0,21.5
2021-04-20,North West,3.4,21.5
2021-04-21,North West,0.0,21.0
2021-04-22,North West,0.0,22.0
2021-04-23,North West,0.0,21.4
2021-04-24,North West,0.0,24.3
2021-04-25,North West,0.0,21.5
2021-04-26,North West,5.6,23.2
2021-04-27,North West,0.6,23.2
2021-04-28,North West,1.4,24.6
2021-04-29,North West,0.0,24.9
2021-04-30,North West,3.9,24.5
2021-05-01,North West,0.0,24.0
2021-05-02,North West,0.0,22.0
2021-05-03,North West,0.0,22.1
2021-05-04,North West,0.0,22.5
2021-05-05,North West,0.0,25.0
2021-05-06,North West,0.0,24.1
2021-05-07,North West,0.0,25.4
2021-05-08,North West,0.0,25.7
2021-05-09,North West,0.0,23.2
2021-05-10,North West,0.0,24.4
2021-05-11,North West,0.0,24.5
2021-05-12,North West,0.0,24.1
2021-05-13,North West,0.0,23.9
2021-05-14,North West,0.0,26.5
2021-05-15,North West,0.0,24.9
2021-05-16,North West,0.0,25.0
2021-05-17,North West,0.0,23.8
2021-05-18,North West,0.0,26.1
2021-05-19,North West,0.0,23.7
2021-05-20,North West,0.0,26.0
2021-05-21,North West,0.0,26.1
2021-05-22,North West,0.0,24.8
2021-05-23,North West,0.0,26.0
2021-05-24,North West,0.0,25.9
2021-05-25,North West,0.0,25.7
2021-05-26,North West,0.0,25.8
2021-05-27,North West,0.0,26.0
2021-05-28,North West,0.0,26.1
2021-05-29,North West,0.0,26.1
2021-05-30,North West,0.0,24.4
2021-05-31,North West,0.0,25.9
2021-06-01,North West,0.0,26.6
2021-06-02,North West,0.0,26.5
2021-06-03,North West,0.0,27.8
2021-06-04,North West,0.0,27.4
2021-06-05,North West,0.0,25.2
2021-06-06,North West,0.0,26.4
2021-06-07,North West,0.0,26.2
2021-06-08,North West,0.0,26.7
2021-06-09,North West,0.0,26.8
2021-06-10,North West,0.0,27.8
2021-06-11,North West,0.0,27.2
2021-06-12,North West,0.0,28.8
2021-06-13,North West,0.0,27.4
2021-06-14,North West,0.0,25.8
2021-06-15,North West,0.0,26.4
2021-06-16,North West,0.0,28.1
2021-06-17,North West,0.0,24.8
2021-06-18,North West,0.0,25.3
2021-06-19,North West,0.0,27.4
2021-06-20,North West,0.0,28.8
2021-06-21,North West,0.0,29.4
2021-06-22,North West,0.0,27.1
2021-06-23,North West,0.0,29.1
2021-06-24,North West,0.0,27.7
2021-06-25,North West,0.0,25.3
2021-06-26,North West,0.0,27.6
2021-06-27,North West,0.0,26.7
2021-06-28,North West,0.0,29.1
2021-06-29,North West,0.0,27.7
2021-06-30,North West,0.0,25.8
2021-07-01,North West,0.0,25.5
2021-07-02,North West,0.0,27.8
2021-07-03,North West,0.0,24.2
2021-07-04,North West,0.0,27.1
2021-07-05,North West,0.0,28.2
2021-07-06,North West,0.0,26.3
2021-07-07,North West,0.0,29.4
2021-07-08,North West,0.0,29.7
2021-07-09,North West,0.0,26.4
2021-07-10,North West,0.0,27.5
2021-07-11,North West,0.0,29.5
2021-07-12,North West,0.0,28.0
2021-07-13,North West,0.0,25.9
2021-07-14,North West,0.0,27.8
2021-07-15,North West,0.0,26.7
2021-07-16,North West,0.0,29.7
2021-07-17,North West,0.0,28.9
2021-07-18,North West,0.0,27.5
2021-07-19,North West,0.0,28.2
2021-07-20,North West,0.0,26.0
2021-07-21,North West,0.0,26.9
2021-07-22,North West,0.0,30.3
2021-07-23,North West,0.0,28.0
2021-07-24,North West,0.0,29.3
2021-07-25,North West,0.0,28.3
2021-07-26,North West,0.0,29.9
2021-07-27,North West,0.0,24.9
2021-07-28,North West,0.0,27.6
2021-07-29,North West,0.0,30.3
2021-07-30,North West,0.0,29.3
2021-07-31,North West,0.0,29.8
2021-08-01,North West,0.0,27.8
2021-08-02,North West,0.0,27.0
2021-08-03,North West,0.0,26.2
2021-08-04,North West,0.0,26.1
2021-08-05,North West,0.0,28.9
2021-08-06,North West,0.0,28.4
2021-08-07,North West,0.0,27.5
2021-08-08,North West,0.0,28.3
2021-08-09,North West,0.0,27.7
2021-08-10,North West,0.0,28.9
2021-08-11,North West,0.0,28.9
2021-08-12,North West,0.0,25.8
2021-08-13,North West,0.0,27.8
2021-08-14,North West,0.0,24.8
2021-08-15,North West,0.0,27.4
2021-08-16,North West,0.0,28.1
2021-08-17,North West,0.0,25.2
2021-08-18,North West,0.0,26.5
2021-08-19,North West,0.0,27.0
2021-08-20,North West,0.0,27.3
2021-08-21,North West,0.0,26.5
2021-08-22,North West,0.0,25.1
2021-08-23,North West,0.0,26.7
2021-08-24,North West,0.0,24.3
2021-08-25,North West,0.0,26.3
2021-08-26,North West,0.0,25.9
2021-08-27,North West,0.0,26.3
2021-08-28,North West,0.0,25.6
2021-08-29,North West,0.0,24.1
2021-08-30,North West,0.0,25.8
2021-08-31,North West,0.0,27.6
2021-09-01,North West,0.0,28.1
2021-09-02,North West,0.0,29.8
2021-09-03,North West,0.0,28.6
2021-09-04,North West,0.0,24.2
2021-09-05,North West,0.0,25.3
2021-09-06,North West,0.0,25.8
2021-09-07,North West,0.0,25.6
2021-09-08,North West,0.0,25.7
2021-09-09,North West,0.0,29.2
2021-09-10,North West,0.0,23.8
2021-09-11,North West,0.0,24.3
2021-09-12,North West,0.0,27.8
2021-09-13,North West,0.0,24.3
2021-09-14,North West,0.0,25.7
2021-09-15,North West,0.0,26.6
2021-09-16,North West,0.0,25.7
2021-09-17,North West,0.0,25.1
2021-09-18,North West,0.0,26.2
2021-09-19,North West,0.0,23.3
2021-09-20,North West,0.0,23.8
2021-09-21,North West,0.0,25.3
2021-09-22,North West,0.0,21.3
2021-09-23,North West,0.0,26.4
2021-09-24,North West,0.0,24.6
2021-09-25,North West,0.0,24.3
2021-09-26,North West,1.0,21.6
2021-09-27,North West,0.0,22.0
2021-09-28,North West,0.0,23.2
2021-09-29,North West,0.0,24.9
2021-09-30,North West,0.0,20.5
2021-10-01,North West,0.0,24.7
2021-10-02,North West,0.0,22.9
2021-10-03,North West,0.0,23.0
2021-10-04,North West,0.0,23.6
2021-10-05,North West,0.0,23.5
2021-10-06,North West,0.0,21.9
2021-10-07,North West,0.0,23.8
2021-10-08,North West,0.0,19.3
2021-10-09,North West,0.0,22.0
2021-10-10,North West,0.0,22.8
2021-10-11,North West,0.0,22.0
2021-10-12,North West,0.0,19.6
2021-10-13,North West,0.0,23.4
2021-10-14,North West,0.0,20.3
2021-10-15,North West,0.0,22.0
2021-10-16,North West,0.0,22.2
2021-10-17,North West,0.0,21.9
2021-10-18,North West,0.0,23.5
2021-10-19,North West,0.0,21.6
2021-10-20,North West,0.0,22.2
2021-10-21,North West,0.0,21.4
2021-10-22,North West,0.0,22.3
2021-10-23,North West,0.0,23.3
2021-10-24,North West,0.4,21.4
2021-10-25,North West,2.1,22.2
2021-10-26,North West,0.0,23.1
2021-10-27,North West,0.0,22.9
2021-10-28,North West,0.0,20.2
2021-10-29,North West,0.0,22.2
2021-10-30,North West,0.0,20.9
2021-10-31,North West,0.0,22.1
2021-11-01,North West,0.0,21.2
2021-11-02,North West,0.0,20.7
2021-11-03,North West,0.0,20.8
2021-11-04,North West,0.0,20.4
2021-11-05,North West,0.0,20.4
2021-11-06,North West,0.0,19.6
2021-11-07,North West,0.0,19.4
2021-11-08,North West,0.0,22.3
2021-11-09,North West,0.0,20.3
2021-11-10,North West,0.0,18.6
2021-11-11,North West,5.6,19.0
2021-11-12,North West,0.0,20.9
2021-11-13,North West,0.0,18.1
2021-11-14,North West,5.8,16.9
2021-11-15,North West,0.0,16.9
2021-11-16,North West,7.1,16.3
2021-11-17,North West,0.0,16.9
2021-11-18,North West,0.0,17.0
2021-11-19,North West,0.8,20.7
2021-11-20,North West,0.0,18.5
2021-11-21,North West,0.0,17.9
2021-11-22,North West,0.0,16.2
2021-11-23,North West,0.0,18.1
2021-11-24,North West,0.0,15.6
2021-11-25,North West,0.0,17.6
2021-11-26,North West,0.0,21.2
2021-11-27,North West,0.0,19.0
2021-11-28,North West,0.0,17.6
2021-11-29,North West,0.0,18.9
2021-11-30,North West,2.8,17.0
2021-12-01,North West,1.5,16.5
2021-12-02,North West,0.3,20.2
2021-12-03,North West,0.0,15.9
2021-12-04,North West,0.0,17.0
2021-12-05,North West,0.0,17.9
2021-12-06,North West,1.9,16.0
2021-12-07,North West,0.0,18.3
2021-12-08,North West,0.0,16.8
2021-12-09,North West,0.0,18.2
2021-12-10,North West,2.0,18.0
2021-12-11,North West,0.0,16.7
2021-12-12,North West,0.0,19.6
2021-12-13,North West,0.9,15.9
2021-12-14,North West,0.0,18.9
2021-12-15,North West,0.0,18.6
2021-12-16,North West,0.0,19.4
2021-12-17,North West,3.6,17.0
2021-12-18,North West,4.5,15.5
2021-12-19,North West,4.6,19.8
2021-12-20,North West,1.6,16.1
2021-12-21,North West,0.0,15.3
2021-12-22,North West,4.0,16.2
2021-12-23,North West,0.0,15.0
2021-12-24,North West,3.1,17.2
2021-12-25,North West,0.0,15.5
2021-12-26,North West,0.0,15.9
2021-12-27,North West,0.0,17.8
2021-12-28,North West,2.5,17.2
2021-12-29,North West,12.4,16.3
2021-12-30,North West,3.0,16.5
2021-12-31,North West,0.2,16.2
2022-01-01,North West,0.7,15.5
2022-01-02,North West,7.0,16.1
2022-01-03,North West,0.0,16.9
2022-01-04,North West,0.0,15.9
2022-01-05,North West,4.7,16.7
2022-01-06,North West,0.0,14.8
2022-01-07,North West,3.1,15.2
2022-01-08,North West,0.0,14.9
2022-01-09,North West,0.0,15.2
2022-01-10,North West,0.0,18.0
2022-01-11,North West,11.2,17.1
2022-01-12,North West,2.3,14.4
2022-01-13,North West,2.1,16.7
2022-01-14,North West,4.3,15.4
2022-01-15,North West,0.0,15.0
2022-01-16,North West,0.0,13.8
2022-01-17,North West,0.0,17.5
2022-01-18,North West,0.0,14.0
2022-01-19,North West,0.0,15.9
2022-01-20,North West,3.5,14.6
2022-01-21,North West,2.9,17.2
2022-01-22,North West,0.0,15.5
2022-01-23,North West,6.5,15.9
2022-01-24,North West,4.2,15.9
2022-01-25,North West,4.9,16.5
2022-01-26,North West,0.0,16.1
2022-01-27,North West,0.0,16.1
2022-01-28,North West,5.8,15.4
2022-01-29,North West,0.0,13.8
2022-01-30,North West,0.0,14.5
2022-01-31,North West,0.0,17.3
2022-02-01,North West,0.0,15.8
2022-02-02,North West,0.0,15.3
2022-02-03,North West,0.0,14.2
2022-02-04,North West,0.2,13.8
2022-02-05,North West,3.4,15.3
2022-02-06,North West,0.0,17.8
2022-02-07,North West,0.8,15.6
2022-02-08,North West,9.0,17.1
2022-02-09,North West,0.0,15.6
2022-02-10,North West,16.2,17.5
2022-02-11,North West,10.5,16.1
2022-02-12,North West,0.0,14.8
2022-02-13,North West,0.0,16.3
2022-02-14,North West,0.0,19.5
2022-02-15,North West,0.0,19.5
2022-02-16,North West,0.0,17.6
2022-02-17,North West,1.7,16.7
2022-02-18,North West,0.5,17.5
2022-02-19,North West,9.1,17.5
2022-02-20,North West,0.0,17.1
2022-02-21,North West,0.0,17.8
2022-02-22,North West,0.0,17.6
2022-02-23,North West,0.0,16.8
2022-02-24,North West,1.9,15.6
2022-02-25,North West,0.0,16.7
2022-02-26,North West,0.0,18.7
2022-02-27,North West,6.7,17.5
2022-02-28,North West,0.0,18.1
2022-03-01,North West,0.0,17.3
2022-03-02,North West,0.0,16.2
2022-03-03,North West,0.0,17.5
2022-03-04,North West,10.2,16.4
2022-03-05,North West,0.0,16.4
2022-03-06,North West,1.0,19.9
2022-03-07,North West,10.2,17.5
2022-03-08,North West,0.0,17.1
2022-03-09,North West,0.0,20.8
2022-03-10,North West,0.0,19.6
2022-03-11,North West,0.0,17.9
2022-03-12,North West,0.0,19.2
2022-03-13,North West,0.0,18.3
2022-03-14,North West,0.0,17.7
2022-03-15,North West,0.0,19.5
2022-03-16,North West,0.0,18.4
2022-03-17,North West,0.0,19.1
2022-03-18,North West,15.8,20.6
2022-03-19,North West,0.0,20.6
2022-03-20,North West,0.0,18.5
2022-03-21,North West,0.0,20.1
2022-03-22,North West,0.0,17.8
2022-03-23,North West,0.0,20.2
2022-03-24,North West,0.0,19.9
2022-03-25,North West,5.3,20.3
2022-03-26,North West,1.4,19.4
2022-03-27,North West,2.8,23.1
2022-03-28,North West,0.0,18.7
2022-03-29,North West,2.7,21.6
2022-03-30,North West,0.0,18.7
2022-03-31,North West,0.0,21.1
2022-04-01,North West,0.0,21.3
2022-04-02,North West,0.0,20.6
2022-04-03,North West,0.0,19.9
2022-04-04,North West,0.0,21.0
2022-04-05,North West,0.0,21.2
2022-04-06,North West,0.7,23.6
2022-04-07,North West,0.0,19.7
2022-04-08,North West,0.0,20.3
2022-04-09,North West,0.0,21.7
2022-04-10,North West,0.0,21.0
2022-04-11,North West,0.1,21.3
2022-04-12,North West,8.3,23.2
2022-04-13,North West,0.0,17.4
2022-04-14,North West,0.0,20.9
2022-04-15,North West,0.0,19.3
2022-04-16,North West,0.0,20.2
2022-04-17,North West,0.8,25.7
2022-04-18,North West,0.0,23.1
2022-04-19,North West,0.0,23.7
2022-04-20,North West,0.0,22.3
2022-04-21,North West,0.0,23.6
2022-04-22,North West,0.0,19.9
2022-04-23,North West,0.5,24.3
2022-04-24,North West,0.0,21.6
2022-04-25,North West,0.0,22.1
2022-04-26,North West,0.0,23.8
2022-04-27,North West,0.0,23.6
2022-04-28,North West,0.0,23.3
2022-04-29,North West,0.0,21.3
2022-04-30,North West,0.0,23.6
2022-05-01,North West,0.0,24.9
2022-05-02,North West,0.0,22.8
2022-05-03,North West,0.0,25.7
2022-05-04,North West,0.0,22.5
2022-05-05,North West,0.0,23.9
2022-05-06,North West,1.6,26.3
2022-05-07,North West,0.0,23.1
2022-05-08,North West,0.0,25.8
2022-05-09,North West,0.0,27.3
2022-05-10,North West,0.0,24.6
2022-05-11,North West,0.0,23.7
2022-05-12,North West,0.0,23.4
2022-05-13,North West,0.0,26.6
2022-05-14,North West,0.0,26.7
2022-05-15,North West,0.0,27.0
2022-05-16,North West,0.0,24.9
2022-05-17,North West,0.0,26.6
2022-05-18,North West,0.0,25.0
2022-05-19,North West,0.0,23.9
2022-05-20,North West,0.0,27.0
2022-05-21,North West,0.0,27.8
2022-05-22,North West,0.0,23.9
2022-05-23,North West,0.0,24.0
2022-05-24,North West,0.0,25.7
2022-05-25,North West,0.0,27.1
2022-05-26,North West,0.0,24.1
2022-05-27,North West,0.0,26.2
2022-05-28,North West,0.0,25.1
2022-05-29,North West,0.0,27.1
2022-05-30,North West,0.0,24.9
2022-05-31,North West,0.0,27.3
2022-06-01,North West,0.0,26.0
2022-06-02,North West,0.0,24.9
2022-06-03,North West,0.0,26.5
2022-06-04,North West,0.0,23.6
2022-06-05,North West,0.0,25.7
2022-06-06,North West,0.0,27.1
2022-06-07,North West,0.0,24.0
2022-06-08,North West,0.0,22.9
2022-06-09,North West,0.0,23.3
2022-06-10,North West,0.0,28.8
2022-06-11,North West,0.0,26.8
2022-06-12,North West,0.0,26.2
2022-06-13,North West,0.0,28.4
2022-06-14,North West,0.0,26.5
2022-06-15,North West,0.0,27.5
2022-06-16,North West,0.0,27.2
2022-06-17,North West,0.0,26.5
2022-06-18,North West,0.0,27.7
2022-06-19,North West,0.0,28.5
2022-06-20,North West,0.0,27.1
2022-06-21,North West,0.0,26.7
2022-06-22,North West,0.0,27.0
2022-06-23,North West,0.0,24.1
2022-06-24,North West,0.0,28.0
2022-06-25,North West,0.0,25.8
2022-06-26,North West,0.0,28.6
2022-06-27,North West,0.0,27.5
2022-06-28,North West,0.0,27.9
2022-06-29,North West,0.0,28.8
2022-06-30,North West,0.0,26.4
2022-07-01,North West,0.0,28.3
2022-07-02,North West,0.0,28.2
2022-07-03,North West,0.0,27.6
2022-07-04,North West,0.0,26.5
2022-07-05,North West,0.0,28.8
2022-07-06,North West,0.0,29.0
2022-07-07,North West,0.0,28.1
2022-07-08,North West,0.0,26.3
2022-07-09,North West,0.0,27.2
2022-07-10,North West,0.0,27.9
2022-07-11,North West,0.0,29.0
2022-07-12,North West,0.0,25.6
2022-07-13,North West,0.0,27.1
2022-07-14,North West,0.0,27.4
2022-07-15,North West,0.0,27.9
2022-07-16,North West,0.0,26.0
2022-07-17,North West,0.0,27.7
2022-07-18,North West,0.0,27.5
2022-07-19,North West,0.0,26.4
2022-07-20,North West,0.0,27.8
2022-07-21,North West,0.0,27.2
2022-07-22,North West,0.0,28.7
2022-07-23,North West,0.0,26.6
2022-07-24,North West,0.0,28.1
2022-07-25,North West,0.0,26.7
2022-07-26,North West,0.0,27.0
2022-07-27,North West,0.0,28.3
2022-07-28,North West,0.0,28.2
2022-07-29,North West,0.0,27.2
2022-07-30,North West,0.0,27.4
2022-07-31,North West,0.0,25.6
2022-08-01,North West,0.0,29.9
2022-08-02,North West,0.0,28.8
2022-08-03,North West,0.0,28.7
2022-08-04,North West,0.0,25.3
2022-08-05,North West,0.0,26.8
2022-08-06,North West,0.0,27.1
2022-08-07,North West,0.0,24.7
2022-08-08,North West,0.0,28.9
2022-08-09,North West,0.0,29.7
2022-08-10,North West,0.0,30.6
2022-08-11,North West,0.0,25.9
2022-08-12,North West,0.0,27.6
2022-08-13,North West,0.0,29.3
2022-08-14,North West,0.0,26.9
2022-08-15,North West,0.0,26.4
2022-08-16,North West,0.0,24.4
2022-08-17,North West,0.0,28.8
2022-08-18,North West,0.0,27.1
2022-08-19,North West,0.0,25.9
2022-08-20,North West,0.0,27.4
2022-08-21,North West,0.0,27.1
2022-08-22,North West,0.0,27.1
2022-08-23,North West,0.0,26.5
2022-08-24,North West,0.0,29.2
2022-08-25,North West,0.0,26.5
2022-08-26,North West,0.0,29.0
2022-08-27,North West,0.0,27.4
2022-08-28,North West,0.0,27.0
2022-08-29,North West,0.0,26.2
2022-08-30,North West,0.0,27.8
2022-08-31,North West,0.0,26.4
2022-09-01,North West,0.0,24.8
2022-09-02,North West,0.0,24.7
2022-09-03,North West,0.0,26.7
2022-09-04,North West,0.0,24.6
2022-09-05,North West,0.0,25.8
2022-09-06,North West,0.0,27.4
2022-09-07,North West,0.0,26.2
2022-09-08,North West,0.0,24.5
2022-09-09,North West,0.0,27.7
2022-09-10,North West,0.0,26.3
2022-09-11,North West,0.0,26.9
2022-09-12,North West,0.0,21.9
2022-09-13,North West,0.0,25.7
2022-09-14,North West,0.0,26.4
2022-09-15,North West,0.0,27.6
2022-09-16,North West,0.0,22.7
2022-09-17,North West,0.0,26.7
2022-09-18,North West,0.0,27.2
2022-09-19,North West,0.0,21.6
2022-09-20,North West,0.0,25.3
2022-09-21,North West,0.0,25.4
2022-09-22,North West,0.0,23.9
2022-09-23,North West,0.0,23.6
2022-09-24,North West,0.0,25.2
2022-09-25,North West,0.0,23.2
2022-09-26,North West,0.0,23.7
2022-09-27,North West,0.0,25.1
2022-09-28,North West,0.0,26.4
2022-09-29,North West,0.5,24.5
2022-09-30,North West,0.0,23.8
2022-10-01,North West,0.0,22.7
2022-10-02,North West,0.0,21.9
2022-10-03,North West,0.0,25.0
2022-10-04,North West,0.0,23.0
2022-10-05,North West,0.0,24.8
2022-10-06,North West,0.0,22.5
2022-10-07,North West,0.0,21.9
2022-10-08,North West,0.0,23.4
2022-10-09,North West,0.0,22.6
2022-10-10,North West,0.0,20.8
2022-10-11,North West,0.0,25.2
2022-10-12,North West,0.0,21.4
2022-10-13,North West,0.9,23.7
2022-10-14,North West,0.0,23.4
2022-10-15,North West,0.0,20.2
2022-10-16,North West,0.0,20.5
2022-10-17,North West,0.0,21.4
2022-10-18,North West,0.0,20.5
2022-10-19,North West,0.0,24.3
2022-10-20,North West,0.0,21.3
2022-10-21,North West,0.0,22.8
2022-10-22,North West,0.0,22.1
2022-10-23,North West,0.0,21.6
2022-10-24,North West,0.0,21.2
2022-10-25,North West,0.0,22.9
2022-10-26,North West,0.0,19.7
2022-10-27,North West,0.0,23.4
2022-10-28,North West,0.0,18.8
2022-10-29,North West,0.0,21.8
2022-10-30,North West,0.0,18.4
2022-10-31,North West,0.0,20.0
2022-11-01,North West,0.0,20.5
2022-11-02,North West,0.0,19.5
2022-11-03,North West,0.0,19.9
2022-11-04,North West,2.2,18.0
2022-11-05,North West,0.0,18.5
2022-11-06,North West,0.0,20.6
2022-11-07,North West,0.0,19.8
2022-11-08,North West,0.0,18.6
2022-11-09,North West,0.4,21.6
2022-11-10,North West,0.0,17.6
2022-11-11,North West,0.0,18.8
2022-11-12,North West,0.0,18.5
2022-11-13,North West,0.0,20.1
2022-11-14,North West,0.0,19.2
2022-11-15,North West,4.5,18.9
2022-11-16,North West,0.0,16.2
2022-11-17,North West,0.0,20.1
2022-11-18,North West,0.0,18.4
2022-11-19,North West,0.1,18.8
2022-11-20,North West,2.1,17.5
2022-11-21,North West,0.0,17.1
2022-11-22,North West,0.0,20.7
2022-11-23,North West,0.0,15.7
2022-11-24,North West,0.4,16.7
2022-11-25,North West,0.0,20.4
2022-11-26,North West,6.1,19.0
2022-11-27,North West,0.0,17.5
2022-11-28,North West,0.0,19.8
2022-11-29,North West,0.0,18.5
2022-11-30,North West,2.8,18.1
2022-12-01,North West,0.0,18.1
2022-12-02,North West,2.8,18.3
2022-12-03,North West,3.5,18.3
2022-12-04,North West,0.0,20.8
2022-12-05,North West,0.0,17.1
2022-12-06,North West,0.0,17.1
2022-12-07,North West,0.0,15.4
2022-12-08,North West,0.0,17.2
2022-12-09,North West,0.0,20.0
2022-12-10,North West,0.0,18.6
2022-12-11,North West,0.0,16.2
2022-12-12,North West,0.0,17.0
2022-12-13,North West,3.9,15.0
2022-12-14,North West,4.9,15.4
2022-12-15,North West,0.0,17.1
2022-12-16,North West,1.7,16.0
2022-12-17,North West,7.8,15.2
2022-12-18,North West,0.0,17.4
2022-12-19,North West,0.0,16.5
2022-12-20,North West,0.0,14.2
2022-12-21,North West,2.4,13.4
2022-12-22,North West,2.3,15.6
2022-12-23,North West,0.0,14.1
2022-12-24,North West,0.0,13.6
2022-12-25,North West,0.0,18.1
2022-12-26,North West,0.0,16.2
2022-12-27,North West,8.3,15.9
2022-12-28,North West,0.0,16.0
2022-12-29,North West,0.0,14.5
2022-12-30,North West,2.5,16.8
2022-12-31,North West,0.1,16.0
2023-01-01,North West,0.0,15.0
2023-01-02,North West,0.0,15.2
2023-01-03,North West,0.0,14.3
2023-01-04,North West,0.0,15.5
2023-01-05,North West,0.0,15.7
2023-01-06,North West,0.0,15.4
2023-01-07,North West,0.0,16.1
2023-01-08,North West,0.0,15.9
2023-01-09,North West,0.0,16.4
2023-01-10,North West,0.0,17.4
2023-01-11,North West,0.0,16.9
2023-01-12,North West,1.7,17.4
2023-01-13,North West,5.3,14.7
2023-01-14,North West,5.0,15.2
2023-01-15,North West,0.4,17.0
2023-01-16,North West,0.0,17.0
2023-01-17,North West,0.0,15.0
2023-01-18,North West,0.0,16.9
2023-01-19,North West,0.0,14.6
2023-01-20,North West,0.0,16.7
2023-01-21,North West,0.0,16.0
2023-01-22,North West,2.7,14.0
2023-01-23,North West,0.0,15.4
2023-01-24,North West,0.8,19.3
2023-01-25,North West,0.0,16.4
2023-01-26,North West,2.8,19.6
2023-01-27,North West,0.0,14.0
2023-01-28,North West,0.5,17.3
2023-01-29,North West,0.0,12.4
2023-01-30,North West,1.2,16.2
2023-01-31,North West,0.0,17.2
2023-02-01,North West,3.6,17.5
2023-02-02,North West,7.1,15.1
2023-02-03,North West,0.0,17.9
2023-02-04,North West,0.0,15.6
2023-02-05,North West,0.0,16.1
2023-02-06,North West,0.0,15.8
2023-02-07,North West,0.0,14.8
2023-02-08,North West,0.0,18.9
2023-02-09,North West,6.6,16.6
2023-02-10,North West,8.4,18.2
2023-02-11,North West,0.6,18.2
2023-02-12,North West,0.0,15.2
2023-02-13,North West,0.0,18.6
2023-02-14,North West,0.0,17.5
2023-02-15,North West,3.5,15.3
2023-02-16,North West,2.9,17.6
2023-02-17,North West,0.0,15.4
2023-02-18,North West,3.2,19.4
2023-02-19,North West,0.0,18.3
2023-02-20,North West,6.6,17.0
2023-02-21,North West,1.5,19.1
2023-02-22,North West,0.0,14.9
2023-02-23,North West,4.9,16.2
2023-02-24,North West,11.7,17.0
2023-02-25,North West,0.0,20.8
2023-02-26,North West,0.0,15.9
2023-02-27,North West,0.0,15.0
2023-02-28,North West,0.0,15.5
2023-03-01,North West,2.1,19.1
2023-03-02,North West,8.0,16.9
2023-03-03,North West,0.0,17.6
2023-03-04,North West,3.7,19.1
2023-03-05,North West,5.0,17.8
2023-03-06,North West,0.0,18.4
2023-03-07,North West,4.9,19.0
2023-03-08,North West,0.0,17.6
2023-03-09,North West,0.0,18.1
2023-03-10,North West,0.0,18.8
2023-03-11,North West,0.0,19.8
2023-03-12,North West,0.0,17.4
2023-03-13,North West,0.9,14.1
2023-03-14,North West,0.0,19.8
2023-03-15,North West,0.0,20.2
2023-03-16,North West,7.1,19.2
2023-03-17,North West,0.0,19.4
2023-03-18,North West,0.0,18.3
2023-03-19,North West,0.0,19.9
2023-03-20,North West,14.4,20.6
2023-03-21,North West,0.0,19.5
2023-03-22,North West,0.0,23.2
2023-03-23,North West,2.9,17.2
2023-03-24,North West,3.0,19.9
2023-03-25,North West,0.3,18.0
2023-03-26,North West,3.5,21.2
2023-03-27,North West,6.0,17.6
2023-03-28,North West,0.0,18.0
2023-03-29,North West,0.0,19.2
2023-03-30,North West,0.0,20.6
2023-03-31,North West,0.0,19.5
2023-04-01,North West,0.0,19.6
2023-04-02,North West,0.0,20.3
2023-04-03,North West,0.0,20.3
2023-04-04,North West,0.0,23.0
2023-04-05,North West,0.0,21.9
2023-04-06,North West,4.2,20.5
2023-04-07,North West,0.2,24.2
2023-04-08,North West,0.0,21.9
2023-04-09,North West,0.0,19.8
2023-04-10,North West,0.0,21.7
2023-04-11,North West,0.6,22.3
2023-04-12,North West,5.8,20.5
2023-04-13,North West,0.0,20.1
2023-04-14,North West,0.0,21.9
2023-04-15,North West,0.0,21.3
2023-04-16,North West,0.0,24.2
2023-04-17,North West,0.0,23.2
2023-04-18,North West,0.0,21.2
2023-04-19,North West,0.0,22.9
2023-04-20,North West,7.0,24.3
2023-04-21,North West,0.0,20.4
2023-04-22,North West,0.0,21.1
2023-04-23,North West,1.2,22.7
2023-04-24,North West,0.0,22.9
2023-04-25,North West,0.0,22.8
2023-04-26,North West,0.0,22.5
2023-04-27,North West,0.0,22.6
2023-04-28,North West,0.0,23.8
2023-04-29,North West,0.0,25.0
2023-04-30,North West,0.0,22.7
2023-05-01,North West,0.0,27.2
2023-05-02,North West,0.0,26.5
2023-05-03,North West,0.0,25.7
2023-05-04,North West,0.0,24.7
2023-05-05,North West,0.0,26.9
2023-05-06,North West,0.0,23.6
2023-05-07,North West,0.0,22.8
2023-05-08,North West,0.0,23.4
2023-05-09,North West,0.0,22.8
2023-05-10,North West,0.0,24.6
2023-05-11,North West,0.0,24.9
2023-05-12,North West,0.0,24.9
2023-05-13,North West,0.0,24.6
2023-05-14,North West,0.0,25.0
2023-05-15,North West,0.0,27.5
2023-05-16,North West,0.0,25.9
2023-05-17,North West,0.0,26.4
2023-05-18,North West,0.0,25.4
2023-05-19,North West,0.0,22.8
2023-05-20,North West,0.0,22.6
2023-05-21,North West,0.0,28.5
2023-05-22,North West,2.0,24.7
2023-05-23,North West,0.0,24.6
2023-05-24,North West,0.0,26.0
2023-05-25,North West,0.0,26.5
2023-05-26,North West,0.0,26.8
2023-05-27,North West,0.0,28.5
2023-05-28,North West,0.0,28.2
2023-05-29,North West,0.0,24.8
2023-05-30,North West,0.0,27.6
2023-05-31,North West,0.0,25.6
2023-06-01,North West,0.0,26.0
2023-06-02,North West,0.0,24.7
2023-06-03,North West,0.0,23.9
2023-06-04,North West,0.0,26.4
2023-06-05,North West,0.0,25.1
2023-06-06,North West,0.0,28.0
2023-06-07,North West,0.0,26.2
2023-06-08,North West,0.0,27.2
2023-06-09,North West,0.0,28.8
2023-06-10,North West,0.0,24.6
2023-06-11,North West,0.0,25.8
2023-06-12,North West,0.0,27.2
2023-06-13,North West,0.0,27.5
2023-06-14,North West,0.0,28.7
2023-06-15,North West,0.0,28.4
2023-06-16,North West,0.0,27.3
2023-06-17,North West,0.0,27.7
2023-06-18,North West,0.0,27.8
2023-06-19,North West,0.0,25.1
2023-06-20,North West,0.0,27.2
2023-06-21,North West,0.0,27.8
2023-06-22,North West,0.0,28.2
2023-06-23,North West,0.0,26.1
2023-06-24,North West,0.0,25.7
2023-06-25,North West,0.0,27.2
2023-06-26,North West,0.0,30.6
2023-06-27,North West,0.0,26.4
2023-06-28,North West,0.0,29.5
2023-06-29,North West,0.0,30.1
2023-06-30,North West,0.0,27.8
2023-07-01,North West,0.0,26.8
2023-07-02,North West,0.0,28.6
2023-07-03,North West,0.0,28.1
2023-07-04,North West,0.0,26.6
2023-07-05,North West,0.0,26.9
2023-07-06,North West,0.0,28.6
2023-07-07,North West,0.0,29.3
2023-07-08,North West,0.0,27.5
2023-07-09,North West,0.0,27.8
2023-07-10,North West,0.0,29.0
2023-07-11,North West,0.0,27.7
2023-07-12,North West,0.0,27.5
2023-07-13,North West,0.0,26.9
2023-07-14,North West,0.0,26.8
2023-07-15,North West,0.0,32.0
2023-07-16,North West,0.0,27.7
2023-07-17,North West,0.0,30.0
2023-07-18,North West,0.0,30.5
2023-07-19,North West,0.0,27.7
2023-07-20,North West,0.0,28.5
2023-07-21,North West,0.0,28.1
2023-07-22,North West,0.0,25.6
2023-07-23,North West,0.0,25.6
2023-07-24,North West,0.0,28.0
2023-07-25,North West,0.0,27.3
2023-07-26,North West,0.0,30.8
2023-07-27,North West,0.0,27.5
2023-07-28,North West,0.0,30.8
2023-07-29,North West,0.0,27.1
2023-07-30,North West,0.0,30.7
2023-07-31,North West,0.0,28.6
2023-08-01,North West,0.0,28.6
2023-08-02,North West,0.0,27.0
2023-08-03,North West,0.0,28.6
2023-08-04,North West,0.0,30.2
2023-08-05,North West,0.0,27.4
2023-08-06,North West,0.0,27.1
2023-08-07,North West,0.0,27.2
2023-08-08,North West,0.0,30.0
2023-08-09,North West,0.0,28.8
2023-08-10,North West,0.0,29.6
2023-08-11,North West,0.0,27.9
2023-08-12,North West,0.0,27.4
2023-08-13,North West,0.0,28.0
2023-08-14,North West,0.0,28.9
2023-08-15,North West,0.0,26.9
2023-08-16,North West,0.0,29.2
2023-08-17,North West,0.0,27.7
2023-08-18,North West,0.0,23.5
2023-08-19,North West,0.0,28.4
2023-08-20,North West,0.0,25.1
2023-08-21,North West,0.0,28.2
2023-08-22,North West,0.0,28.2
2023-08-23,North West,0.0,27.3
2023-08-24,North West,0.0,27.5
2023-08-25,North West,0.0,28.3
2023-08-26,North West,0.0,25.9
2023-08-27,North West,0.0,27.7
2023-08-28,North West,0.0,28.2
2023-08-29,North West,0.0,29.0
2023-08-30,North West,0.0,24.7
2023-08-31,North West,0.0,26.9
2023-09-01,North West,0.0,24.7
2023-09-02,North West,0.0,24.6
2023-09-03,North West,0.0,26.6
2023-09-04,North West,0.0,26.1
2023-09-05,North West,0.0,27.6
2023-09-06,North West,0.0,25.3
2023-09-07,North West,0.0,25.5
2023-09-08,North West,0.0,25.9
2023-09-09,North West,0.0,24.3
2023-09-10,North West,0.0,24.4
2023-09-11,North West,0.0,27.1
2023-09-12,North West,0.0,24.5
2023-09-13,North West,0.0,27.0
2023-09-14,North West,0.0,26.0
2023-09-15,North West,0.0,22.7
2023-09-16,North West,0.0,25.7
2023-09-17,North West,0.0,25.6
2023-09-18,North West,0.0,25.4
2023-09-19,North West,0.0,24.5
2023-09-20,North West,0.0,23.2
2023-09-21,North West,0.0,26.5
2023-09-22,North West,0.0,24.2
2023-09-23,North West,0.0,23.0
2023-09-24,North West,0.0,24.9
2023-09-25,North West,0.0,23.0
2023-09-26,North West,0.0,22.6
2023-09-27,North West,0.0,23.3
2023-09-28,North West,0.0,22.8
2023-09-29,North West,0.0,22.3
2023-09-30,North West,0.0,24.8
2023-10-01,North West,0.0,23.3
2023-10-02,North West,0.0,25.3
2023-10-03,North West,0.0,22.0
2023-10-04,North West,0.0,20.6
2023-10-05,North West,0.0,23.3
2023-10-06,North West,0.0,25.8
2023-10-07,North West,0.0,23.7
2023-10-08,North West,0.0,27.6
2023-10-09,North West,0.0,23.2
2023-10-10,North West,0.0,22.9
2023-10-11,North West,0.0,19.3
2023-10-12,North West,0.0,23.0
2023-10-13,North West,0.0,22.5
2023-10-14,North West,0.0,21.6
2023-10-15,North West,0.0,21.9
2023-10-16,North West,0.0,21.9
2023-10-17,North West,0.0,21.6
2023-10-18,North West,0.0,24.9
2023-10-19,North West,0.0,21.1
2023-10-20,North West,0.0,21.8
2023-10-21,North West,0.0,20.9
2023-10-22,North West,0.0,22.5
2023-10-23,North West,0.0,21.5
2023-10-24,North West,0.0,20.7
2023-10-25,North West,0.0,18.2
2023-10-26,North West,0.0,21.3
2023-10-27,North West,0.0,20.4
2023-10-28,North West,0.0,20.7
2023-10-29,North West,0.0,18.9
2023-10-30,North West,0.0,22.7
2023-10-31,North West,0.0,21.7
2023-11-01,North West,0.0,22.5
2023-11-02,North West,0.0,22.0
2023-11-03,North West,0.0,21.0
2023-11-04,North West,0.0,18.3
2023-11-05,North West,0.0,22.7
2023-11-06,North West,0.0,18.5
2023-11-07,North West,0.0,19.4
2023-11-08,North West,0.0,20.7
2023-11-09,North West,0.0,20.7
2023-11-10,North West,0.0,20.3
2023-11-11,North West,0.0,18.8
2023-11-12,North West,0.0,18.4
2023-11-13,North West,0.0,23.0
2023-11-14,North West,0.0,19.0
2023-11-15,North West,0.0,18.8
2023-11-16,North West,0.0,17.9
2023-11-17,North West,0.0,19.2
2023-11-18,North West,0.0,19.0
2023-11-19,North West,0.0,18.6
2023-11-20,North West,0.0,19.2
2023-11-21,North West,0.0,21.1
2023-11-22,North West,0.0,17.5
2023-11-23,North West,0.0,18.4
2023-11-24,North West,2.6,17.3
2023-11-25,North West,0.0,18.6
2023-11-26,North West,1.0,17.2
2023-11-27,North West,2.3,17.2
2023-11-28,North West,0.0,15.7
2023-11-29,North West,0.0,18.0
2023-11-30,North West,0.0,18.4
2023-12-01,North West,0.0,20.5
2023-12-02,North West,0.0,18.3
2023-12-03,North West,0.0,16.9
2023-12-04,North West,0.0,15.5
2023-12-05,North West,1.0,15.6
2023-12-06,North West,0.0,15.4
2023-12-07,North West,0.0,20.1
2023-12-08,North West,0.0,17.7
2023-12-09,North West,0.0,16.3
2023-12-10,North West,7.2,15.7
2023-12-11,North West,0.0,15.8
2023-12-12,North West,0.0,16.1
2023-12-13,North West,0.0,18.9
2023-12-14,North West,0.0,16.8
2023-12-15,North West,0.0,14.7
2023-12-16,North West,0.0,20.2
2023-12-17,North West,5.5,15.0
2023-12-18,North West,0.0,15.8
2023-12-19,North West,0.0,18.6
2023-12-20,North West,0.0,17.2
2023-12-21,North West,0.0,15.8
2023-12-22,North West,0.0,14.7
2023-12-23,North West,4.3,15.0
2023-12-24,North West,0.0,15.1
2023-12-25,North West,0.0,16.4
2023-12-26,North West,0.0,16.6
2023-12-27,North West,0.0,16.1
2023-12-28,North West,5.1,16.2
2023-12-29,North West,0.0,14.7
2023-12-30,North West,10.7,16.7
2023-12-31,North West,5.7,18.1
2024-01-01,North West,0.0,15.9
2024-01-02,North West,0.0,15.9
2024-01-03,North West,0.3,16.3
2024-01-04,North West,0.0,17.8
2024-01-05,North West,0.0,14.7
2024-01-06,North West,0.0,18.2
2024-01-07,North West,0.0,16.7
2024-01-08,North West,0.9,16.1
2024-01-09,North West,0.0,17.9
2024-01-10,North West,0.0,14.2
2024-01-11,North West,0.0,16.8
2024-01-12,North West,4.5,16.7
2024-01-13,North West,0.0,14.6
2024-01-14,North West,0.0,16.7
2024-01-15,North West,0.0,16.4
2024-01-16,North West,0.3,15.7
2024-01-17,North West,0.0,17.3
2024-01-18,North West,0.0,15.2
2024-01-19,North West,0.0,16.4
2024-01-20,North West,1.5,15.8
2024-01-21,North West,7.9,15.1
2024-01-22,North West,0.0,16.8
2024-01-23,North West,0.0,15.7
2024-01-24,North West,4.0,13.9
2024-01-25,North West,0.0,13.4
2024-01-26,North West,5.7,17.3
2024-01-27,North West,0.0,14.3
2024-01-28,North West,0.0,16.6
2024-01-29,North West,0.0,16.3
2024-01-30,North West,0.0,15.6
2024-01-31,North West,0.0,19.2
2024-02-01,North West,5.8,16.5
2024-02-02,North West,0.0,17.4
2024-02-03,North West,0.0,16.7
2024-02-04,North West,0.0,16.0
2024-02-05,North West,0.0,16.4
2024-02-06,North West,0.0,18.6
2024-02-07,North West,4.0,18.1
2024-02-08,North West,10.5,19.4
2024-02-09,North West,9.9,16.9
2024-02-10,North West,0.0,15.3
2024-02-11,North West,0.0,16.0
2024-02-12,North West,0.0,14.9
2024-02-13,North West,3.6,17.9
2024-02-14,North West,0.0,15.9
2024-02-15,North West,0.0,12.3
2024-02-16,North West,0.3,20.6
2024-02-17,North West,0.0,16.1
2024-02-18,North West,0.0,16.1
2024-02-19,North West,0.4,19.6
2024-02-20,North West,0.4,15.3
2024-02-21,North West,3.0,18.9
2024-02-22,North West,0.8,16.4
2024-02-23,North West,0.0,15.3
2024-02-24,North West,0.0,19.9
2024-02-25,North West,0.0,18.8
2024-02-26,North West,0.0,18.9
2024-02-27,North West,2.8,18.1
2024-02-28,North West,1.2,18.5
2024-02-29,North West,0.0,15.9
2024-03-01,North West,0.0,18.0
2024-03-02,North West,0.0,16.5
2024-03-03,North West,0.0,15.9
2024-03-04,North West,0.0,18.6
2024-03-05,North West,5.8,19.8
2024-03-06,North West,0.6,17.6
2024-03-07,North West,0.0,17.9
2024-03-08,North West,0.0,16.6
2024-03-09,North West,0.9,18.4
2024-03-10,North West,0.0,19.6
2024-03-11,North West,0.0,19.8
2024-03-12,North West,0.0,19.5
2024-03-13,North West,0.0,17.8
2024-03-14,North West,3.7,17.9
2024-03-15,North West,2.4,20.1
2024-03-16,North West,0.0,20.2
2024-03-17,North West,0.0,18.8
2024-03-18,North West,7.6,18.6
2024-03-19,North West,0.3,21.0
2024-03-20,North West,1.6,18.8
2024-03-21,North West,0.0,20.6
2024-03-22,North West,2.3,19.4
2024-03-23,North West,0.0,18.1
2024-03-24,North West,0.9,22.2
2024-03-25,North West,0.0,20.0
2024-03-26,North West,0.0,18.9
2024-03-27,North West,0.0,18.0
2024-03-28,North West,0.0,18.2
2024-03-29,North West,0.0,19.7
2024-03-30,North West,0.3,23.2
2024-03-31,North West,0.0,19.6
2024-04-01,North West,0.0,22.7
2024-04-02,North West,0.0,20.4
2024-04-03,North West,0.0,19.0
2024-04-04,North West,0.0,20.1
2024-04-05,North West,0.0,19.0
2024-04-06,North West,0.0,19.8
2024-04-07,North West,0.0,19.8
2024-04-08,North West,0.0,18.4
2024-04-09,North West,0.0,23.6
2024-04-10,North West,0.0,21.8
2024-04-11,North West,0.0,20.5
2024-04-12,North West,0.0,22.0
2024-04-13,North West,0.0,20.5
2024-04-14,North West,0.0,17.9
2024-04-15,North West,1.2,26.4
2024-04-16,North West,0.0,22.4
2024-04-17,North West,0.0,21.3
2024-04-18,North West,0.0,19.4
2024-04-19,North West,0.0,20.1
2024-04-20,North West,0.0,25.0
2024-04-21,North West,0.0,24.8
2024-04-22,North West,0.0,23.8
2024-04-23,North West,0.0,21.1
2024-04-24,North West,0.0,25.2
2024-04-25,North West,0.0,23.7
2024-04-26,North West,0.0,24.1
2024-04-27,North West,0.0,23.9
2024-04-28,North West,0.0,21.0
2024-04-29,North West,0.0,21.6
2024-04-30,North West,0.0,22.7
2024-05-01,North West,0.0,24.6
2024-05-02,North West,0.5,21.6
2024-05-03,North West,0.0,23.5
2024-05-04,North West,0.0,23.6
2024-05-05,North West,0.0,25.2
2024-05-06,North West,0.0,25.1
2024-05-07,North West,0.0,22.7
2024-05-08,North West,0.0,26.5
2024-05-09,North West,0.0,22.6
2024-05-10,North West,0.0,26.1
2024-05-11,North West,0.0,23.7
2024-05-12,North West,0.0,24.9
2024-05-13,North West,0.0,25.1
2024-05-14,North West,0.0,25.1
2024-05-15,North West,0.0,26.0
2024-05-16,North West,0.0,25.6
2024-05-17,North West,0.0,26.3
2024-05-18,North West,0.0,25.9
2024-05-19,North West,0.0,23.4
2024-05-20,North West,0.0,25.8
2024-05-21,North West,0.0,24.6
2024-05-22,North West,0.0,23.9
2024-05-23,North West,0.0,25.2
2024-05-24,North West,0.0,26.0
2024-05-25,North West,0.0,26.2
2024-05-26,North West,0.0,27.5
2024-05-27,North West,0.0,27.9
2024-05-28,North West,0.0,26.5
2024-05-29,North West,0.0,26.9
2024-05-30,North West,0.0,26.3
2024-05-31,North West,0.0,27.4
2024-06-01,North West,0.0,27.1
2024-06-02,North West,0.0,26.3
2024-06-03,North West,0.0,29.7
2024-06-04,North West,0.0,25.7
2024-06-05,North West,0.0,28.8
2024-06-06,North West,0.0,24.6
2024-06-07,North West,0.0,28.0
2024-06-08,North West,0.0,28.9
2024-06-09,North West,0.0,24.0
2024-06-10,North West,0.0,27.1
2024-06-11,North West,0.0,28.0
2024-06-12,North West,0.0,27.4
2024-06-13,North West,0.0,27.7
2024-06-14,North West,0.0,27.3
2024-06-15,North West,0.0,25.6
2024-06-16,North West,0.0,30.8
2024-06-17,North West,0.0,26.5
2024-06-18,North West,0.0,28.0
2024-06-19,North West,0.0,26.4
2024-06-20,North West,0.0,24.0
2024-06-21,North West,0.0,26.1
2024-06-22,North West,0.0,25.3
2024-06-23,North West,0.0,29.2
2024-06-24,North West,0.0,26.7
2024-06-25,North West,0.0,26.9
2024-06-26,North West,0.0,26.1
2024-06-27,North West,0.0,27.8
2024-06-28,North West,0.0,26.7
2024-06-29,North West,0.0,29.2
2024-06-30,North West,0.0,28.2
2024-07-01,North West,0.0,27.0
2024-07-02,North West,0.0,29.1
2024-07-03,North West,0.0,27.9
2024-07-04,North West,0.0,27.9
2024-07-05,North West,0.0,25.7
2024-07-06,North West,0.0,27.8
2024-07-07,North West,0.0,28.4
2024-07-08,North West,0.0,30.0
2024-07-09,North West,0.0,26.8
2024-07-10,North West,0.0,31.4
2024-07-11,North West,0.0,28.8
2024-07-12,North West,0.0,25.7
2024-07-13,North West,0.0,26.7
2024-07-14,North West,0.0,30.1
2024-07-15,North West,0.0,29.9
2024-07-16,North West,0.0,28.0
2024-07-17,North West,0.0,28.2
2024-07-18,North West,0.0,26.2
2024-07-19,North West,0.0,30.0
2024-07-20,North West,0.0,26.5
2024-07-21,North West,0.0,29.2
2024-07-22,North West,0.0,30.0
2024-07-23,North West,0.0,28.0
2024-07-24,North West,0.0,29.4
2024-07-25,North West,0.0,30.7
2024-07-26,North West,0.0,28.3
2024-07-27,North West,0.0,27.6
2024-07-28,North West,0.0,27.8
2024-07-29,North West,0.0,26.7
2024-07-30,North West,0.0,26.7
2024-07-31,North West,0.0,28.5
2024-08-01,North West,0.0,27.5
2024-08-02,North West,0.0,28.2
2024-08-03,North West,0.0,25.5
2024-08-04,North West,0.0,27.5
2024-08-05,North West,0.0,29.2
2024-08-06,North West,0.0,25.9
2024-08-07,North West,0.0,27.6
2024-08-08,North West,0.0,24.7
2024-08-09,North West,0.0,25.5
2024-08-10,North West,0.0,28.6
2024-08-11,North West,0.0,26.9
2024-08-12,North West,0.0,30.1
2024-08-13,North West,0.0,27.9
2024-08-14,North West,0.0,28.0
2024-08-15,North West,0.0,25.6
2024-08-16,North West,0.0,26.6
2024-08-17,North West,0.0,26.0
2024-08-18,North West,0.0,25.4
2024-08-19,North West,0.0,28.0
2024-08-20,North West,0.0,28.2
2024-08-21,North West,0.0,27.5
2024-08-22,North West,0.0,25.6
2024-08-23,North West,0.0,27.2
2024-08-24,North West,0.0,23.8
2024-08-25,North West,0.0,28.6
2024-08-26,North West,0.0,24.6
2024-08-27,North West,0.0,24.8
2024-08-28,North West,0.0,26.6
2024-08-29,North West,0.0,26.6
2024-08-30,North West,0.0,26.1
2024-08-31,North West,0.0,24.5
2024-09-01,North West,0.0,27.8
2024-09-02,North West,0.0,23.5
2024-09-03,North West,0.0,23.7
2024-09-04,North West,0.0,25.7
2024-09-05,North West,0.0,23.9
2024-09-06,North West,0.0,27.5
2024-09-07,North West,0.0,23.9
2024-09-08,North West,0.0,27.9
2024-09-09,North West,0.0,27.0
2024-09-10,North West,0.0,27.2
2024-09-11,North West,0.0,28.1
2024-09-12,North West,0.0,25.3
2024-09-13,North West,0.0,23.6
2024-09-14,North West,0.0,24.9
2024-09-15,North West,0.0,24.1
2024-09-16,North West,0.0,23.8
2024-09-17,North West,0.0,25.0
2024-09-18,North West,0.0,24.2
2024-09-19,North West,0.0,23.4
2024-09-20,North West,0.0,24.1
2024-09-21,North West,0.0,25.2
2024-09-22,North West,0.0,25.7
2024-09-23,North West,0.0,21.8
2024-09-24,North West,0.0,23.6
2024-09-25,North West,0.0,23.8
2024-09-26,North West,0.0,22.1
2024-09-27,North West,0.0,23.6
2024-09-28,North West,0.0,23.9
2024-09-29,North West,0.0,24.4
2024-09-30,North West,0.0,23.6
2024-10-01,North West,0.0,22.1
2024-10-02,North West,0.0,26.3
2024-10-03,North West,0.0,24.4
2024-10-04,North West,0.0,23.9
2024-10-05,North West,0.0,24.5
2024-10-06,North West,0.0,23.3
2024-10-07,North West,0.0,24.7
2024-10-08,North West,0.0,22.8
2024-10-09,North West,0.0,22.6
2024-10-10,North West,0.0,23.4
2024-10-11,North West,0.0,24.8
2024-10-12,North West,0.0,24.6
2024-10-13,North West,0.0,23.1
2024-10-14,North West,0.0,22.9
2024-10-15,North West,0.0,23.0
2024-10-16,North West,0.0,23.3
2024-10-17,North West,0.0,23.7
2024-10-18,North West,0.0,21.3
2024-10-19,North West,0.0,23.5
2024-10-20,North West,0.0,22.0
2024-10-21,North West,0.0,22.3
2024-10-22,North West,0.0,23.3
2024-10-23,North West,0.0,22.3
2024-10-24,North West,0.0,22.4
2024-10-25,North West,0.0,20.4
2024-10-26,North West,0.0,23.1
2024-10-27,North West,0.0,21.8
2024-10-28,North West,0.0,20.8
2024-10-29,North West,0.0,22.2
2024-10-30,North West,0.0,24.3
2024-10-31,North West,0.0,18.6
2024-11-01,North West,0.0,19.0
2024-11-02,North West,0.0,24.2
2024-11-03,North West,0.0,20.7
2024-11-04,North West,2.5,20.2
2024-11-05,North West,0.0,19.7
2024-11-06,North West,0.0,21.6
2024-11-07,North West,0.0,23.6
2024-11-08,North West,0.0,18.6
2024-11-09,North West,0.0,19.3
2024-11-10,North West,0.0,18.9
2024-11-11,North West,0.0,20.4
2024-11-12,North West,0.0,21.0
2024-11-13,North West,0.0,21.5
2024-11-14,North West,0.0,20.2
2024-11-15,North West,0.0,22.7
2024-11-16,North West,0.0,18.0
2024-11-17,North West,0.0,17.5
2024-11-18,North West,2.9,20.9
2024-11-19,North West,5.9,18.8
2024-11-20,North West,0.0,16.4
2024-11-21,North West,0.0,17.9
2024-11-22,North West,0.0,18.7
2024-11-23,North West,0.0,17.3
2024-11-24,North West,0.0,16.6
2024-11-25,North West,0.0,17.8
2024-11-26,North West,0.0,16.4
2024-11-27,North West,1.7,18.9
2024-11-28,North West,0.0,14.9
2024-11-29,North West,0.0,17.9
2024-11-30,North West,0.0,18.5
2024-12-01,North West,0.0,17.5
2024-12-02,North West,0.0,19.2
2024-12-03,North West,0.0,15.4
2024-12-04,North West,0.0,16.4
2024-12-05,North West,3.3,16.9
2024-12-06,North West,0.0,18.4
2024-12-07,North West,0.0,17.6
2024-12-08,North West,4.2,20.4
2024-12-09,North West,0.0,15.9
2024-12-10,North West,0.0,15.0
2024-12-11,North West,0.0,19.7
2024-12-12,North West,1.7,14.8
2024-12-13,North West,0.0,17.9
2024-12-14,North West,0.0,15.4
2024-12-15,North West,0.0,13.7
2024-12-16,North West,0.0,16.2
2024-12-17,North West,0.0,18.0
2024-12-18,North West,0.0,14.8
2024-12-19,North West,1.3,17.5
2024-12-20,North West,0.0,17.7
2024-12-21,North West,2.3,14.6
2024-12-22,North West,0.0,16.1
2024-12-23,North West,0.0,18.8
2024-12-24,North West,0.0,17.4
2024-12-25,North West,0.0,16.0
2024-12-26,North West,0.0,16.9
2024-12-27,North West,0.0,15.3
2024-12-28,North West,0.0,17.9
2024-12-29,North West,3.7,17.9
2024-12-30,North West,0.0,16.4
2024-12-31,North West,0.0,16.5
2025-01-01,North West,0.0,14.7
2025-01-02,North West,0.0,14.1
2025-01-03,North West,0.0,15.6
2025-01-04,North West,10.5,16.0
2025-01-05,North West,0.0,17.7
2025-01-06,North West,0.0,17.5
2025-01-07,North West,0.0,16.3
2025-01-08,North West,0.0,17.8
2025-01-09,North West,2.9,14.6
2025-01-10,North West,0.0,17.6
2025-01-11,North West,4.4,14.8
2025-01-12,North West,0.0,17.9
2025-01-13,North West,0.0,16.0
2025-01-14,North West,0.0,13.0
2025-01-15,North West,0.0,17.1
2025-01-16,North West,0.0,17.2
2025-01-17,North West,0.0,15.3
2025-01-18,North West,0.0,15.5
2025-01-19,North West,0.0,15.8
2025-01-20,North West,7.4,13.1
2025-01-21,North West,0.0,12.5
2025-01-22,North West,5.5,18.0
2025-01-23,North West,2.0,14.8
2025-01-24,North West,0.0,18.9
2025-01-25,North West,2.6,18.1
2025-01-26,North West,0.0,18.5
2025-01-27,North West,1.3,15.2
2025-01-28,North West,0.0,13.7
2025-01-29,North West,2.3,14.5
2025-01-30,North West,1.2,15.5
2025-01-31,North West,0.0,12.7
2025-02-01,North West,1.5,15.5
2025-02-02,North West,2.6,16.0
2025-02-03,North West,4.1,14.4
2025-02-04,North West,0.0,14.8
2025-02-05,North West,2.3,16.1
2025-02-06,North West,0.0,17.0
2025-02-07,North West,0.0,15.1
2025-02-08,North West,0.0,16.9
2025-02-09,North West,0.0,16.8
2025-02-10,North West,0.0,16.7
2025-02-11,North West,0.0,15.7
2025-02-12,North West,0.0,14.7
2025-02-13,North West,0.0,19.3
2025-02-14,North West,3.5,17.7
2025-02-15,North West,0.0,18.3
2025-02-16,North West,0.0,16.8
2025-02-17,North West,0.0,16.7
2025-02-18,North West,0.0,17.7
2025-02-19,North West,0.0,14.3
2025-02-20,North West,0.0,15.4
2025-02-21,North West,0.0,16.0
2025-02-22,North West,0.0,16.6
2025-02-23,North West,0.0,16.0
2025-02-24,North West,0.0,17.9
2025-02-25,North West,0.0,17.6
2025-02-26,North West,0.0,19.6
2025-02-27,North West,0.0,21.3
2025-02-28,North West,0.0,15.7
2025-03-01,North West,0.0,17.9
2025-03-02,North West,0.0,18.0
2025-03-03,North West,0.0,17.8
2025-03-04,North West,0.0,16.3
2025-03-05,North West,0.0,16.6
2025-03-06,North West,0.0,18.4
2025-03-07,North West,0.0,16.7
2025-03-08,North West,0.0,18.5
2025-03-09,North West,0.0,18.0
2025-03-10,North West,0.0,18.6
2025-03-11,North West,1.4,17.1
2025-03-12,North West,0.0,18.8
2025-03-13,North West,0.0,17.3
2025-03-14,North West,0.0,19.0
2025-03-15,North West,0.0,20.8
2025-03-16,North West,0.0,19.3
2025-03-17,North West,0.0,19.5
2025-03-18,North West,0.0,20.3
2025-03-19,North West,1.0,17.1
2025-03-20,North West,0.0,21.9
2025-03-21,North West,0.0,17.8
2025-03-22,North West,0.0,20.8
2025-03-23,North West,2.1,20.7
2025-03-24,North West,0.0,18.3
2025-03-25,North West,0.0,21.3
2025-03-26,North West,0.0,20.6
2025-03-27,North West,0.0,22.8
2025-03-28,North West,0.0,20.3
2025-03-29,North West,0.0,20.0
2025-03-30,North West,0.0,19.5
2025-03-31,North West,0.0,17.7
2025-04-01,North West,0.0,20.0
2025-04-02,North West,0.0,20.1
2025-04-03,North West,0.0,21.0
2025-04-04,North West,0.0,18.6
2025-04-05,North West,0.0,20.5
2025-04-06,North West,0.0,21.8
2025-04-07,North West,0.0,22.1
2025-04-08,North West,0.0,18.4
2025-04-09,North West,0.0,22.3
2025-04-10,North West,0.0,21.0
2025-04-11,North West,0.0,21.2
2025-04-12,North West,0.0,18.0
2025-04-13,North West,0.0,23.9
2025-04-14,North West,0.0,22.0
2025-04-15,North West,0.0,19.6
2025-04-16,North West,0.0,22.5
2025-04-17,North West,0.0,22.6
2025-04-18,North West,0.0,24.0
2025-04-19,North West,0.0,21.8
2025-04-20,North West,0.0,22.4
2025-04-21,North West,0.0,21.5
2025-04-22,North West,0.0,23.5
2025-04-23,North West,0.0,21.5
2025-04-24,North West,0.0,21.5
2025-04-25,North West,0.0,22.8
2025-04-26,North West,0.0,21.2
2025-04-27,North West,1.9,25.5
2025-04-28,North West,0.0,26.1
2025-04-29,North West,0.0,22.6
2025-04-30,North West,0.0,21.3
2025-05-01,North West,0.0,24.0
2025-05-02,North West,0.0,22.9
2025-05-03,North West,0.0,25.5
2025-05-04,North West,0.0,22.6
2025-05-05,North West,0.0,24.7
2025-05-06,North West,1.4,24.2
2025-05-07,North West,0.0,23.1
2025-05-08,North West,0.0,24.6
2025-05-09,North West,0.0,25.6
2025-05-10,North West,0.0,24.5
2025-05-11,North West,0.0,24.6
2025-05-12,North West,0.0,23.3
2025-05-13,North West,0.0,26.4
2025-05-14,North West,0.0,26.3
2025-05-15,North West,0.0,24.2
2025-05-16,North West,0.0,24.8
2025-05-17,North West,0.0,27.2
2025-05-18,North West,0.0,23.4
2025-05-19,North West,0.0,26.1
2025-05-20,North West,0.0,24.5
2025-05-21,North West,0.0,28.0
2025-05-22,North West,0.0,25.6
2025-05-23,North West,0.0,27.4
2025-05-24,North West,0.0,24.5
2025-05-25,North West,0.0,23.8
2025-05-26,North West,0.0,25.4
2025-05-27,North West,0.0,26.3
2025-05-28,North West,0.0,25.2
2025-05-29,North West,0.0,27.2
2025-05-30,North West,0.0,25.8
2025-05-31,North West,0.0,23.1
2025-06-01,North West,0.0,27.1
2025-06-02,North West,0.0,25.0
2025-06-03,North West,0.0,25.9
2025-06-04,North West,0.0,28.8
2025-06-05,North West,0.0,29.2
2025-06-06,North West,0.0,25.7
2025-06-07,North West,0.0,27.5
2025-06-08,North West,0.0,25.9
2025-06-09,North West,0.0,26.4
2025-06-10,North West,0.0,25.9
2025-06-11,North West,0.0,24.3
2025-06-12,North West,0.0,27.1
2025-06-13,North West,0.0,27.5
2025-06-14,North West,0.0,26.1
2025-06-15,North West,0.0,28.8
2025-06-16,North West,0.0,26.5
2025-06-17,North West,0.0,26.3
2025-06-18,North West,0.0,28.1
2025-06-19,North West,0.0,25.0
2025-06-20,North West,0.0,28.7
2025-06-21,North West,0.0,26.8
2025-06-22,North West,0.0,29.0
2025-06-23,North West,0.0,29.4
2025-06-24,North West,0.0,28.5
2025-06-25,North West,0.0,26.4
2025-06-26,North West,0.0,25.8
2025-06-27,North West,0.0,25.5
2025-06-28,North West,0.0,29.4
2025-06-29,North West,0.0,27.5
2025-06-30,North West,0.0,26.9
2025-07-01,North West,0.0,27.6
2025-07-02,North West,0.0,29.4
2025-07-03,North West,0.0,29.0
2025-07-04,North West,0.0,28.5
2025-07-05,North West,0.0,28.8
2025-07-06,North West,0.0,28.2
2025-07-07,North West,0.0,28.4
2025-07-08,North West,0.0,28.3
2025-07-09,North West,0.0,27.9
2025-07-10,North West,0.0,29.1
2025-07-11,North West,0.0,28.5
2025-07-12,North West,0.0,26.7
2025-07-13,North West,0.0,28.8
2025-07-14,North West,0.0,28.4
2025-07-15,North West,0.0,28.9
2025-07-16,North West,0.0,27.8
2025-07-17,North West,0.0,29.2
2025-07-18,North West,0.0,27.9
2025-07-19,North West,0.0,29.1
2025-07-20,North West,0.0,27.3
2025-07-21,North West,0.0,27.4
2025-07-22,North West,0.0,28.9
2025-07-23,North West,0.0,27.5
2025-07-24,North West,0.0,31.3
2025-07-25,North West,0.0,28.8
2025-07-26,North West,0.0,28.0
2025-07-27,North West,0.0,29.1
2025-07-28,North West,0.0,27.2
2025-07-29,North West,0.0,29.2
2025-07-30,North West,0.0,29.2
2025-07-31,North West,0.0,29.7
2025-08-01,North West,0.0,27.1
2025-08-02,North West,0.0,25.9
2025-08-03,North West,0.0,26.8
2025-08-04,North West,0.0,27.3
2025-08-05,North West,0.0,30.2
2025-08-06,North West,0.0,30.9
2025-08-07,North West,0.0,28.1
2025-08-08,North West,0.0,27.6
2025-08-09,North West,0.0,27.0
2025-08-10,North West,0.0,28.7
2025-08-11,North West,0.0,30.7
2025-08-12,North West,0.0,30.1
2025-08-13,North West,0.0,29.0
2025-08-14,North West,0.0,29.0
2025-08-15,North West,0.0,28.5
2025-08-16,North West,0.0,27.1
2025-08-17,North West,0.0,26.0
2025-08-18,North West,0.0,27.1
2025-08-19,North West,0.0,27.7
2025-08-20,North West,0.0,24.8
2025-08-21,North West,0.0,26.7
2025-08-22,North West,0.0,25.6
2025-08-23,North West,0.0,28.3
2025-08-24,North West,0.0,25.9
2025-08-25,North West,0.0,27.2
2025-08-26,North West,0.0,25.5
2025-08-27,North West,0.0,28.9
2025-08-28,North West,0.0,23.9
2025-08-29,North West,0.0,27.1
2025-08-30,North West,0.0,24.4
2025-08-31,North West,0.0,25.5
2025-09-01,North West,0.0,26.5
2025-09-02,North West,0.0,26.5
2025-09-03,North West,0.0,26.4
2025-09-04,North West,0.0,26.2
2025-09-05,North West,0.0,24.9
2025-09-06,North West,0.0,25.5
2025-09-07,North West,0.0,25.8
2025-09-08,North West,0.0,25.9
2025-09-09,North West,0.0,25.4
2025-09-10,North West,0.0,26.6
2025-09-11,North West,0.0,25.5
2025-09-12,North West,0.0,25.6
2025-09-13,North West,0.0,24.6
2025-09-14,North West,0.0,23.5
2025-09-15,North West,0.0,25.3
2025-09-16,North West,0.0,26.8
2025-09-17,North West,0.0,25.5
2025-09-18,North West,0.0,23.5
2025-09-19,North West,0.0,25.9
2025-09-20,North West,0.0,24.1
2025-09-21,North West,0.0,25.6
2025-09-22,North West,0.0,23.8
2025-09-23,North West,0.0,24.8
2025-09-24,North West,0.0,23.4
2025-09-25,North West,0.0,23.4
2025-09-26,North West,0.0,21.7
2025-09-27,North West,0.0,24.7
2025-09-28,North West,0.0,24.4
2025-09-29,North West,0.0,24.3
2025-09-30,North West,0.0,24.0
2025-10-01,North West,0.0,22.4
2025-10-02,North West,0.0,24.9
2025-10-03,North West,0.0,24.8
2025-10-04,North West,0.0,22.0
2025-10-05,North West,0.0,23.9
2025-10-06,North West,0.0,24.3
2025-10-07,North West,0.0,22.2
2025-10-08,North West,0.0,22.4
2025-10-09,North West,0.0,23.5
2025-10-10,North West,0.0,20.3
2025-10-11,North West,0.0,20.9
2025-10-12,North West,0.0,20.9
2025-10-13,North West,0.0,19.6
2025-10-14,North West,0.0,23.8
2025-10-15,North West,0.0,19.1
2025-10-16,North West,0.0,22.5
2025-10-17,North West,0.0,23.1
2025-10-18,North West,0.0,21.3
2025-10-19,North West,0.0,20.7
2025-10-20,North West,0.0,21.9
2025-10-21,North West,0.0,21.5
2025-10-22,North West,0.0,22.9
2025-10-23,North West,0.0,17.3
2025-10-24,North West,0.0,19.8
2025-10-25,North West,0.0,21.9
2025-10-26,North West,0.0,21.0
2025-10-27,North West,0.0,22.0
2025-10-28,North West,0.0,21.1
2025-10-29,North West,0.0,20.4
2025-10-30,North West,0.0,20.1
2025-10-31,North West,0.0,23.9
2025-11-01,North West,0.0,22.6
2025-11-02,North West,0.0,21.0
2025-11-03,North West,0.0,20.3
2025-11-04,North West,0.0,20.9
2025-11-05,North West,0.0,21.2
2025-11-06,North West,0.0,20.5
2025-11-07,North West,0.0,18.6
2025-11-08,North West,0.0,22.3
2025-11-09,North West,0.0,19.9
2025-11-10,North West,0.0,22.5
2025-11-11,North West,0.0,19.7
2025-11-12,North West,1.8,18.9
2025-11-13,North West,0.0,21.3
2025-11-14,North West,0.0,19.6
2025-11-15,North West,0.0,19.2
2025-11-16,North West,6.0,17.1
2025-11-17,North West,0.0,19.8
2025-11-18,North West,0.0,18.0
2025-11-19,North West,0.0,18.0
2025-11-20,North West,0.0,17.8
2025-11-21,North West,0.0,19.2
2025-11-22,North West,0.0,16.1
2025-11-23,North West,0.0,18.0
2025-11-24,North West,0.0,19.7
2025-11-25,North West,0.0,16.3
2025-11-26,North West,0.0,18.3
2025-11-27,North West,0.0,17.1
2025-11-28,North West,0.0,17.3
2025-11-29,North West,0.0,20.3
2025-11-30,North West,0.0,15.3
2025-12-01,North West,0.0,18.9
2025-12-02,North West,0.0,16.9
2025-12-03,North West,0.0,16.8
2025-12-04,North West,0.0,15.8
2025-12-05,North West,0.0,18.6
2025-12-06,North West,0.0,17.1
2025-12-07,North West,0.0,16.8
2025-12-08,North West,0.0,17.4
2025-12-09,North West,0.0,16.9
2025-12-10,North West,0.0,14.1
2025-12-11,North West,0.0,16.3
2025-12-12,North West,0.0,18.3
2025-12-13,North West,2.1,14.7
2025-12-14,North West,0.0,15.3
2025-12-15,North West,0.0,16.2
2025-12-16,North West,0.0,15.7
2025-12-17,North West,0.0,16.7
2025-12-18,North West,0.0,15.0
2025-12-19,North West,0.0,16.1
2025-12-20,North West,0.0,16.5
2025-12-21,North West,0.0,17.5
2025-12-22,North West,0.0,18.4
2025-12-23,North West,0.0,16.1
2025-12-24,North West,0.0,19.3
2025-12-25,North West,0.0,16.1
2025-12-26,North West,0.0,17.6
2025-12-27,North West,1.2,19.2
2025-12-28,North West,0.0,16.5
2025-12-29,North West,0.9,14.2
2025-12-30,North West,0.0,16.4
2021-01-01,Limpopo,5.4,16.4
2021-01-02,Limpopo,17.5,13.6
2021-01-03,Limpopo,0.0,16.2
2021-01-04,Limpopo,0.0,16.8
2021-01-05,Limpopo,4.1,14.0
2021-01-06,Limpopo,0.0,13.8
2021-01-07,Limpopo,0.0,14.5
2021-01-08,Limpopo,4.5,17.2
2021-01-09,Limpopo,7.1,13.0
2021-01-10,Limpopo,0.0,17.3
2021-01-11,Limpopo,0.0,16.6
2021-01-12,Limpopo,1.7,15.6
2021-01-13,Limpopo,4.6,13.8
2021-01-14,Limpopo,0.0,14.8
2021-01-15,Limpopo,0.0,17.2
2021-01-16,Limpopo,0.0,17.9
2021-01-17,Limpopo,0.0,14.5
2021-01-18,Limpopo,0.0,17.7
2021-01-19,Limpopo,1.3,17.0
2021-01-20,Limpopo,0.0,16.0
2021-01-21,Limpopo,0.0,14.9
2021-01-22,Limpopo,4.6,15.2
2021-01-23,Limpopo,0.0,18.8
2021-01-24,Limpopo,6.8,16.3
2021-01-25,Limpopo,20.0,18.1
2021-01-26,Limpopo,0.0,16.5
2021-01-27,Limpopo,2.7,15.4
2021-01-28,Limpopo,2.9,17.0
2021-01-29,Limpopo,0.0,19.4
2021-01-30,Limpopo,5.9,15.2
2021-01-31,Limpopo,0.0,17.6
2021-02-01,Limpopo,2.2,16.5
2021-02-02,Limpopo,2.9,14.1
2021-02-03,Limpopo,1.0,14.1
2021-02-04,Limpopo,0.0,15.7
2021-02-05,Limpopo,0.0,16.9
2021-02-06,Limpopo,0.0,17.7
2021-02-07,Limpopo,0.0,14.1
2021-02-08,Limpopo,10.7,17.5
2021-02-09,Limpopo,0.0,16.4
2021-02-10,Limpopo,12.6,16.6
2021-02-11,Limpopo,8.5,17.5
2021-02-12,Limpopo,0.0,19.3
2021-02-13,Limpopo,7.9,17.2
2021-02-14,Limpopo,0.0,14.7
2021-02-15,Limpopo,6.1,16.6
2021-02-16,Limpopo,0.0,18.2
2021-02-17,Limpopo,4.6,18.3
2021-02-18,Limpopo,0.0,18.0
2021-02-19,Limpopo,1.7,16.3
2021-02-20,Limpopo,0.0,15.1
2021-02-21,Limpopo,0.0,18.1
2021-02-22,Limpopo,0.0,15.4
2021-02-23,Limpopo,0.0,18.3
2021-02-24,Limpopo,0.0,18.4
2021-02-25,Limpopo,0.0,16.7
2021-02-26,Limpopo,0.0,17.3
2021-02-27,Limpopo,28.9,17.9
2021-02-28,Limpopo,0.0,16.7
2021-03-01,Limpopo,0.0,15.6
2021-03-02,Limpopo,0.0,17.7
2021-03-03,Limpopo,5.9,18.0
2021-03-04,Limpopo,0.0,20.0
2021-03-05,Limpopo,4.9,16.8
2021-03-06,Limpopo,0.0,19.7
2021-03-07,Limpopo,0.0,16.4
2021-03-08,Limpopo,0.0,16.2
2021-03-09,Limpopo,0.0,17.9
2021-03-10,Limpopo,4.8,17.0
2021-03-11,Limpopo,0.0,16.5
2021-03-12,Limpopo,6.8,21.5
2021-03-13,Limpopo,0.0,18.0
2021-03-14,Limpopo,0.0,22.2
2021-03-15,Limpopo,2.1,17.3
2021-03-16,Limpopo,0.0,16.4
2021-03-17,Limpopo,0.0,21.0
2021-03-18,Limpopo,12.2,18.0
2021-03-19,Limpopo,0.0,19.4
2021-03-20,Limpopo,0.0,17.3
2021-03-21,Limpopo,2.6,19.3
2021-03-22,Limpopo,9.4,17.4
2021-03-23,Limpopo,0.0,19.5
2021-03-24,Limpopo,0.0,19.0
2021-03-25,Limpopo,1.0,20.1
2021-03-26,Limpopo,14.2,20.8
2021-03-27,Limpopo,0.0,20.3
2021-03-28,Limpopo,0.0,20.7
2021-03-29,Limpopo,8.6,20.0
2021-03-30,Limpopo,0.0,19.6
2021-03-31,Limpopo,0.0,21.0
2021-04-01,Limpopo,0.0,20.3
2021-04-02,Limpopo,0.0,20.4
2021-04-03,Limpopo,0.0,21.2
2021-04-04,Limpopo,5.8,19.2
2021-04-05,Limpopo,2.9,23.0
2021-04-06,Limpopo,0.0,20.6
2021-04-07,Limpopo,0.0,21.2
2021-04-08,Limpopo,0.0,21.1
2021-04-09,Limpopo,8.4,22.2
2021-04-10,Limpopo,0.0,21.9
2021-04-11,Limpopo,0.0,21.4
2021-04-12,Limpopo,0.0,23.7
2021-04-13,Limpopo,0.0,16.9
2021-04-14,Limpopo,3.4,23.6
2021-04-15,Limpopo,0.0,23.3
2021-04-16,Limpopo,0.0,19.2
2021-04-17,Limpopo,0.0,23.5
2021-04-18,Limpopo,2.5,23.8
2021-04-19,Limpopo,0.0,23.1
2021-04-20,Limpopo,0.0,20.0
2021-04-21,Limpopo,1.1,23.5
2021-04-22,Limpopo,0.0,24.1
2021-04-23,Limpopo,4.3,21.8
2021-04-24,Limpopo,0.0,23.5
2021-04-25,Limpopo,0.0,22.4
2021-04-26,Limpopo,0.0,24.3
2021-04-27,Limpopo,0.9,22.6
2021-04-28,Limpopo,2.5,22.3
2021-04-29,Limpopo,0.0,23.2
2021-04-30,Limpopo,5.1,21.4
2021-05-01,Limpopo,5.3,23.3
2021-05-02,Limpopo,0.0,24.2
2021-05-03,Limpopo,0.0,25.0
2021-05-04,Limpopo,0.0,24.2
2021-05-05,Limpopo,0.0,21.8
2021-05-06,Limpopo,0.0,26.0
2021-05-07,Limpopo,0.0,26.3
2021-05-08,Limpopo,0.0,24.4
2021-05-09,Limpopo,3.6,23.2
2021-05-10,Limpopo,0.0,23.6
2021-05-11,Limpopo,0.0,24.2
2021-05-12,Limpopo,0.0,25.0
2021-05-13,Limpopo,0.0,24.2
2021-05-14,Limpopo,0.0,23.5
2021-05-15,Limpopo,0.0,26.4
2021-05-16,Limpopo,0.0,25.3
2021-05-17,Limpopo,0.0,23.5
2021-05-18,Limpopo,0.0,25.6
2021-05-19,Limpopo,0.0,25.4
2021-05-20,Limpopo,0.0,24.2
2021-05-21,Limpopo,0.0,27.2
2021-05-22,Limpopo,0.0,25.7
2021-05-23,Limpopo,0.0,25.2
2021-05-24,Limpopo,0.0,25.5
2021-05-25,Limpopo,0.0,26.4
2021-05-26,Limpopo,0.0,25.7
2021-05-27,Limpopo,0.0,25.8
2021-05-28,Limpopo,0.0,27.5
2021-05-29,Limpopo,0.0,23.9
2021-05-30,Limpopo,0.0,24.2
2021-05-31,Limpopo,0.0,27.3
2021-06-01,Limpopo,0.0,29.9
2021-06-02,Limpopo,0.0,27.6
2021-06-03,Limpopo,0.0,29.2
2021-06-04,Limpopo,0.0,25.8
2021-06-05,Limpopo,0.0,25.6
2021-06-06,Limpopo,0.0,27.3
2021-06-07,Limpopo,0.0,28.1
2021-06-08,Limpopo,0.0,24.8
2021-06-09,Limpopo,0.0,26.5
2021-06-10,Limpopo,0.0,26.8
2021-06-11,Limpopo,0.0,25.9
2021-06-12,Limpopo,0.0,26.1
2021-06-13,Limpopo,0.0,28.3
2021-06-14,Limpopo,0.0,27.8
2021-06-15,Limpopo,0.0,28.3
2021-06-16,Limpopo,0.0,27.7
2021-06-17,Limpopo,0.0,25.9
2021-06-18,Limpopo,0.0,27.9
2021-06-19,Limpopo,0.0,25.9
2021-06-20,Limpopo,0.0,26.9
2021-06-21,Limpopo,0.0,25.9
2021-06-22,Limpopo,0.0,26.6
2021-06-23,Limpopo,0.0,27.7
2021-06-24,Limpopo,0.0,26.9
2021-06-25,Limpopo,0.0,26.3
2021-06-26,Limpopo,0.0,29.3
2021-06-27,Limpopo,0.0,27.5
2021-06-28,Limpopo,0.0,26.9
2021-06-29,Limpopo,0.0,26.1
2021-06-30,Limpopo,0.0,25.0
2021-07-01,Limpopo,0.0,27.5
2021-07-02,Limpopo,0.0,25.7
2021-07-03,Limpopo,0.0,28.9
2021-07-04,Limpopo,0.0,27.9
2021-07-05,Limpopo,0.0,30.2
2021-07-06,Limpopo,0.0,28.2
2021-07-07,Limpopo,0.0,26.8
2021-07-08,Limpopo,0.0,25.1
2021-07-09,Limpopo,0.0,29.2
2021-07-10,Limpopo,0.0,26.0
2021-07-11,Limpopo,0.0,27.4
2021-07-12,Limpopo,0.0,30.5
2021-07-13,Limpopo,0.0,28.9
2021-07-14,Limpopo,0.0,28.6
2021-07-15,Limpopo,0.0,29.4
2021-07-16,Limpopo,0.0,29.4
2021-07-17,Limpopo,0.0,30.4
2021-07-18,Limpopo,0.0,27.1
2021-07-19,Limpopo,0.0,27.4
2021-07-20,Limpopo,0.0,26.6
2021-07-21,Limpopo,0.0,27.9
2021-07-22,Limpopo,0.0,27.8
2021-07-23,Limpopo,0.0,25.3
2021-07-24,Limpopo,0.0,27.0
2021-07-25,Limpopo,0.0,30.1
2021-07-26,Limpopo,0.0,28.3
2021-07-27,Limpopo,0.0,29.0
2021-07-28,Limpopo,0.0,27.7
2021-07-29,Limpopo,0.0,25.0
2021-07-30,Limpopo,0.0,27.6
2021-07-31,Limpopo,0.0,29.4
2021-08-01,Limpopo,0.0,26.0
2021-08-02,Limpopo,0.0,28.9
2021-08-03,Limpopo,0.0,25.2
2021-08-04,Limpopo,0.0,27.7
2021-08-05,Limpopo,0.0,28.5
2021-08-06,Limpopo,0.0,27.2
2021-08-07,Limpopo,0.0,31.3
2021-08-08,Limpopo,0.0,26.8
2021-08-09,Limpopo,0.0,26.6
2021-08-10,Limpopo,0.0,27.8
2021-08-11,Limpopo,0.0,26.3
2021-08-12,Limpopo,0.0,25.2
2021-08-13,Limpopo,0.0,25.7
2021-08-14,Limpopo,0.0,28.4
2021-08-15,Limpopo,0.0,26.8
2021-08-16,Limpopo,0.0,29.7
2021-08-17,Limpopo,0.0,26.5
2021-08-18,Limpopo,0.0,28.2
2021-08-19,Limpopo,0.0,27.8
2021-08-20,Limpopo,0.0,26.3
2021-08-21,Limpopo,0.0,25.6
2021-08-22,Limpopo,0.0,24.3
2021-08-23,Limpopo,0.0,27.6
2021-08-24,Limpopo,0.0,28.5
2021-08-25,Limpopo,0.0,24.3
2021-08-26,Limpopo,0.0,26.0
2021-08-27,Limpopo,0.0,25.5
2021-08-28,Limpopo,0.0,27.3
2021-08-29,Limpopo,0.0,25.9
2021-08-30,Limpopo,0.0,28.3
2021-08-31,Limpopo,0.0,25.7
2021-09-01,Limpopo,0.0,24.3
2021-09-02,Limpopo,0.0,25.4
2021-09-03,Limpopo,0.0,25.5
2021-09-04,Limpopo,0.0,26.7
2021-09-05,Limpopo,0.0,25.3
2021-09-06,Limpopo,0.0,26.5
2021-09-07,Limpopo,0.0,24.5
2021-09-08,Limpopo,0.0,25.2
2021-09-09,Limpopo,0.0,24.4
2021-09-10,Limpopo,0.0,24.2
2021-09-11,Limpopo,0.0,27.3
2021-09-12,Limpopo,0.0,24.2
2021-09-13,Limpopo,0.0,24.7
2021-09-14,Limpopo,0.0,26.7
2021-09-15,Limpopo,0.0,26.2
2021-09-16,Limpopo,0.0,27.4
2021-09-17,Limpopo,0.0,25.6
2021-09-18,Limpopo,0.0,23.9
2021-09-19,Limpopo,0.0,27.8
2021-09-20,Limpopo,0.0,25.4
2021-09-21,Limpopo,0.0,24.2
2021-09-22,Limpopo,0.0,24.5
2021-09-23,Limpopo,0.0,24.6
2021-09-24,Limpopo,0.0,23.8
2021-09-25,Limpopo,0.0,22.0
2021-09-26,Limpopo,0.0,26.4
2021-09-27,Limpopo,0.0,23.9
2021-09-28,Limpopo,0.0,24.1
2021-09-29,Limpopo,0.0,26.8
2021-09-30,Limpopo,0.0,22.6
2021-10-01,Limpopo,0.0,24.5
2021-10-02,Limpopo,0.0,22.2
2021-10-03,Limpopo,0.0,23.8
2021-10-04,Limpopo,0.0,23.5
2021-10-05,Limpopo,0.0,24.3
2021-10-06,Limpopo,0.0,24.8
2021-10-07,Limpopo,0.0,22.0
2021-10-08,Limpopo,0.0,24.9
2021-10-09,Limpopo,0.0,24.9
2021-10-10,Limpopo,0.0,22.2
2021-10-11,Limpopo,0.0,22.5
2021-10-12,Limpopo,0.8,21.6
2021-10-13,Limpopo,0.0,21.8
2021-10-14,Limpopo,0.0,20.4
2021-10-15,Limpopo,0.0,23.2
2021-10-16,Limpopo,0.0,18.9
2021-10-17,Limpopo,0.0,20.8
2021-10-18,Limpopo,0.0,21.7
2021-10-19,Limpopo,0.0,23.6
2021-10-20,Limpopo,0.0,20.7
2021-10-21,Limpopo,0.0,22.1
2021-10-22,Limpopo,0.0,21.2
2021-10-23,Limpopo,0.0,22.7
2021-10-24,Limpopo,0.0,21.7
2021-10-25,Limpopo,0.0,22.3
2021-10-26,Limpopo,0.0,20.1
2021-10-27,Limpopo,0.0,19.3
2021-10-28,Limpopo,0.0,21.3
2021-10-29,Limpopo,0.0,19.9
2021-10-30,Limpopo,0.0,20.6
2021-10-31,Limpopo,0.0,20.9
2021-11-01,Limpopo,0.0,22.2
2021-11-02,Limpopo,0.0,21.4
2021-11-03,Limpopo,1.5,19.1
2021-11-04,Limpopo,0.0,18.3
2021-11-05,Limpopo,0.0,22.5
2021-11-06,Limpopo,0.0,17.5
2021-11-07,Limpopo,0.0,19.1
2021-11-08,Limpopo,0.0,20.6
2021-11-09,Limpopo,0.0,22.0
2021-11-10,Limpopo,0.0,19.2
2021-11-11,Limpopo,2.5,19.4
2021-11-12,Limpopo,3.2,18.0
2021-11-13,Limpopo,0.0,19.4
2021-11-14,Limpopo,0.0,17.4
2021-11-15,Limpopo,0.0,17.9
2021-11-16,Limpopo,6.6,20.1
2021-11-17,Limpopo,0.0,18.2
2021-11-18,Limpopo,0.0,20.1
2021-11-19,Limpopo,0.0,18.4
2021-11-20,Limpopo,0.0,16.5
2021-11-21,Limpopo,0.0,20.2
2021-11-22,Limpopo,3.2,16.4
2021-11-23,Limpopo,0.0,17.4
2021-11-24,Limpopo,0.0,17.9
2021-11-25,Limpopo,0.0,19.7
2021-11-26,Limpopo,0.0,17.3
2021-11-27,Limpopo,0.0,16.6
2021-11-28,Limpopo,0.4,18.2
2021-11-29,Limpopo,0.0,17.5
2021-11-30,Limpopo,0.0,17.1
2021-12-01,Limpopo,4.1,18.0
2021-12-02,Limpopo,0.0,15.8
2021-12-03,Limpopo,2.9,15.0
2021-12-04,Limpopo,2.6,20.7
2021-12-05,Limpopo,0.0,17.6
2021-12-06,Limpopo,0.0,17.6
2021-12-07,Limpopo,0.0,16.1
2021-12-08,Limpopo,0.0,18.6
2021-12-09,Limpopo,0.0,16.4
2021-12-10,Limpopo,0.0,12.9
2021-12-11,Limpopo,3.7,16.2
2021-12-12,Limpopo,5.5,16.6
2021-12-13,Limpopo,0.0,16.7
2021-12-14,Limpopo,0.0,16.6
2021-12-15,Limpopo,2.6,15.9
2021-12-16,Limpopo,0.0,15.7
2021-12-17,Limpopo,1.6,16.3
2021-12-18,Limpopo,0.0,14.2
2021-12-19,Limpopo,4.0,13.7
2021-12-20,Limpopo,0.0,16.7
2021-12-21,Limpopo,1.8,16.7
2021-12-22,Limpopo,0.0,17.8
2021-12-23,Limpopo,6.1,16.1
2021-12-24,Limpopo,0.0,14.6
2021-12-25,Limpopo,0.0,13.5
2021-12-26,Limpopo,1.6,15.0
2021-12-27,Limpopo,3.0,17.0
2021-12-28,Limpopo,2.0,18.4
2021-12-29,Limpopo,0.0,16.3
2021-12-30,Limpopo,0.0,14.4
2021-12-31,Limpopo,4.3,14.9
2022-01-01,Limpopo,0.0,14.9
2022-01-02,Limpopo,0.0,15.5
2022-01-03,Limpopo,4.7,17.8
2022-01-04,Limpopo,6.4,17.9
2022-01-05,Limpopo,0.0,15.8
2022-01-06,Limpopo,0.0,16.3
2022-01-07,Limpopo,7.1,14.9
2022-01-08,Limpopo,0.0,13.5
2022-01-09,Limpopo,4.0,18.7
2022-01-10,Limpopo,0.0,12.5
2022-01-11,Limpopo,0.0,13.3
2022-01-12,Limpopo,4.4,18.7
2022-01-13,Limpopo,5.8,16.0
2022-01-14,Limpopo,5.3,14.3
2022-01-15,Limpopo,0.0,17.0
2022-01-16,Limpopo,18.6,17.2
2022-01-17,Limpopo,0.0,14.0
2022-01-18,Limpopo,0.0,15.2
2022-01-19,Limpopo,0.0,17.3
2022-01-20,Limpopo,0.0,14.8
2022-01-21,Limpopo,5.5,16.5
2022-01-22,Limpopo,0.0,18.2
2022-01-23,Limpopo,0.0,12.5
2022-01-24,Limpopo,0.0,15.6
2022-01-25,Limpopo,4.1,16.5
2022-01-26,Limpopo,3.1,13.4
2022-01-27,Limpopo,0.0,15.3
2022-01-28,Limpopo,0.0,17.7
2022-01-29,Limpopo,0.0,15.1
2022-01-30,Limpopo,0.0,14.0
2022-01-31,Limpopo,0.0,17.9
2022-02-01,Limpopo,5.2,16.9
2022-02-02,Limpopo,0.0,16.2
2022-02-03,Limpopo,0.0,16.2
2022-02-04,Limpopo,0.0,17.9
2022-02-05,Limpopo,0.0,16.8
2022-02-06,Limpopo,4.1,17.4
2022-02-07,Limpopo,8.1,15.4
2022-02-08,Limpopo,0.0,13.6
2022-02-09,Limpopo,5.6,17.5
2022-02-10,Limpopo,0.0,18.2
2022-02-11,Limpopo,0.0,16.3
2022-02-12,Limpopo,6.6,18.0
2022-02-13,Limpopo,0.0,16.2
2022-02-14,Limpopo,7.5,16.6
2022-02-15,Limpopo,0.0,19.5
2022-02-16,Limpopo,1.5,16.5
2022-02-17,Limpopo,0.0,16.4
2022-02-18,Limpopo,0.0,14.2
2022-02-19,Limpopo,0.0,18.1
2022-02-20,Limpopo,0.0,16.1
2022-02-21,Limpopo,0.0,17.4
2022-02-22,Limpopo,0.0,16.8
2022-02-23,Limpopo,0.0,16.6
2022-02-24,Limpopo,0.0,17.2
2022-02-25,Limpopo,0.0,17.4
2022-02-26,Limpopo,7.3,19.3
2022-02-27,Limpopo,0.0,19.9
2022-02-28,Limpopo,8.2,18.6
2022-03-01,Limpopo,1.6,19.6
2022-03-02,Limpopo,5.9,19.1
2022-03-03,Limpopo,3.0,18.6
2022-03-04,Limpopo,0.0,20.1
2022-03-05,Limpopo,4.1,16.0
2022-03-06,Limpopo,0.0,17.1
2022-03-07,Limpopo,0.0,16.9
2022-03-08,Limpopo,0.0,17.8
2022-03-09,Limpopo,0.0,19.4
2022-03-10,Limpopo,8.7,16.7
2022-03-11,Limpopo,0.0,19.2
2022-03-12,Limpopo,0.0,17.7
2022-03-13,Limpopo,0.7,18.1
2022-03-14,Limpopo,2.7,19.1
2022-03-15,Limpopo,0.1,21.4
2022-03-16,Limpopo,3.4,17.9
2022-03-17,Limpopo,0.0,18.9
2022-03-18,Limpopo,0.0,17.5
2022-03-19,Limpopo,0.0,18.1
2022-03-20,Limpopo,0.0,17.7
2022-03-21,Limpopo,0.0,19.7
2022-03-22,Limpopo,0.0,20.1
2022-03-23,Limpopo,0.0,20.6
2022-03-24,Limpopo,0.0,18.5
2022-03-25,Limpopo,0.0,20.5
2022-03-26,Limpopo,3.3,20.0
2022-03-27,Limpopo,0.0,19.9
2022-03-28,Limpopo,0.0,18.2
2022-03-29,Limpopo,0.0,20.4
2022-03-30,Limpopo,0.0,20.5
2022-03-31,Limpopo,0.0,20.5
2022-04-01,Limpopo,0.0,21.0
2022-04-02,Limpopo,9.5,21.6
2022-04-03,Limpopo,4.4,19.0
2022-04-04,Limpopo,0.0,20.4
2022-04-05,Limpopo,0.0,21.6
2022-04-06,Limpopo,0.0,20.5
2022-04-07,Limpopo,5.2,22.5
2022-04-08,Limpopo,3.0,21.3
2022-04-09,Limpopo,3.4,18.3
2022-04-10,Limpopo,0.0,22.6
2022-04-11,Limpopo,0.0,21.3
2022-04-12,Limpopo,2.2,18.9
2022-04-13,Limpopo,0.0,21.3
2022-04-14,Limpopo,2.7,19.9
2022-04-15,Limpopo,0.0,23.0
2022-04-16,Limpopo,0.0,21.9
2022-04-17,Limpopo,0.0,20.7
2022-04-18,Limpopo,0.0,23.4
2022-04-19,Limpopo,0.0,23.0
2022-04-20,Limpopo,0.0,22.0
2022-04-21,Limpopo,0.0,20.6
2022-04-22,Limpopo,0.0,21.3
2022-04-23,Limpopo,0.0,21.4
2022-04-24,Limpopo,0.0,23.9
2022-04-25,Limpopo,0.0,20.4
2022-04-26,Limpopo,0.0,22.9
2022-04-27,Limpopo,0.0,22.7
2022-04-28,Limpopo,0.0,24.8
2022-04-29,Limpopo,0.0,23.7
2022-04-30,Limpopo,0.0,24.2
2022-05-01,Limpopo,0.0,22.7
2022-05-02,Limpopo,0.0,21.8
2022-05-03,Limpopo,0.0,23.2
2022-05-04,Limpopo,0.0,25.0
2022-05-05,Limpopo,0.0,25.1
2022-05-06,Limpopo,0.0,23.4
2022-05-07,Limpopo,0.0,22.8
2022-05-08,Limpopo,0.0,22.6
2022-05-09,Limpopo,0.0,24.1
2022-05-10,Limpopo,0.0,24.6
2022-05-11,Limpopo,0.0,26.7
2022-05-12,Limpopo,0.0,24.8
2022-05-13,Limpopo,0.0,25.6
2022-05-14,Limpopo,0.0,23.6
2022-05-15,Limpopo,0.0,24.9
2022-05-16,Limpopo,0.0,25.2
2022-05-17,Limpopo,0.0,24.8
2022-05-18,Limpopo,0.0,25.1
2022-05-19,Limpopo,0.9,25.4
2022-05-20,Limpopo,0.0,26.0
2022-05-21,Limpopo,0.0,27.1
2022-05-22,Limpopo,0.0,22.1
2022-05-23,Limpopo,0.0,27.2
2022-05-24,Limpopo,0.0,23.1
2022-05-25,Limpopo,0.0,26.2
2022-05-26,Limpopo,0.0,29.3
2022-05-27,Limpopo,0.0,25.8
2022-05-28,Limpopo,0.0,26.2
2022-05-29,Limpopo,0.0,25.6
2022-05-30,Limpopo,0.0,27.1
2022-05-31,Limpopo,0.0,26.7
2022-06-01,Limpopo,0.0,25.2
2022-06-02,Limpopo,0.0,26.2
2022-06-03,Limpopo,0.0,24.7
2022-06-04,Limpopo,0.0,26.3
2022-06-05,Limpopo,0.0,25.9
2022-06-06,Limpopo,0.0,26.8
2022-06-07,Limpopo,0.0,25.6
2022-06-08,Limpopo,0.2,26.4
2022-06-09,Limpopo,0.0,26.8
2022-06-10,Limpopo,0.0,27.0
2022-06-11,Limpopo,0.0,27.3
2022-06-12,Limpopo,0.0,26.7
2022-06-13,Limpopo,0.0,25.8
2022-06-14,Limpopo,0.0,27.2
2022-06-15,Limpopo,0.0,26.9
2022-06-16,Limpopo,0.0,28.7
2022-06-17,Limpopo,0.0,29.0
2022-06-18,Limpopo,0.0,25.2
2022-06-19,Limpopo,0.0,28.3
2022-06-20,Limpopo,0.0,28.6
2022-06-21,Limpopo,0.0,25.4
2022-06-22,Limpopo,0.0,28.3
2022-06-23,Limpopo,0.0,28.9
2022-06-24,Limpopo,0.0,26.1
2022-06-25,Limpopo,0.0,27.2
2022-06-26,Limpopo,0.0,27.9
2022-06-27,Limpopo,0.0,28.5
2022-06-28,Limpopo,0.0,26.2
2022-06-29,Limpopo,0.0,29.5
2022-06-30,Limpopo,0.0,24.7
2022-07-01,Limpopo,0.0,29.8
2022-07-02,Limpopo,0.0,28.6
2022-07-03,Limpopo,0.0,26.9
2022-07-04,Limpopo,0.0,29.2
2022-07-05,Limpopo,0.0,26.3
2022-07-06,Limpopo,0.0,28.1
2022-07-07,Limpopo,0.0,28.3
2022-07-08,Limpopo,0.0,28.3
2022-07-09,Limpopo,0.0,26.7
2022-07-10,Limpopo,0.0,27.2
2022-07-11,Limpopo,0.0,28.2
2022-07-12,Limpopo,0.0,26.9
2022-07-13,Limpopo,0.0,28.4
2022-07-14,Limpopo,0.0,27.1
2022-07-15,Limpopo,0.0,29.5
2022-07-16,Limpopo,0.0,30.3
2022-07-17,Limpopo,0.0,27.6
2022-07-18,Limpopo,0.0,29.4
2022-07-19,Limpopo,0.0,27.7
2022-07-20,Limpopo,0.0,26.6
2022-07-21,Limpopo,0.0,27.3
2022-07-22,Limpopo,0.0,28.1
2022-07-23,Limpopo,0.0,25.3
2022-07-24,Limpopo,0.0,28.9
2022-07-25,Limpopo,0.0,28.1
2022-07-26,Limpopo,0.0,29.4
2022-07-27,Limpopo,0.0,28.8
2022-07-28,Limpopo,0.0,28.1
2022-07-29,Limpopo,0.0,27.3
2022-07-30,Limpopo,0.0,30.1
2022-07-31,Limpopo,0.0,31.1
2022-08-01,Limpopo,0.0,27.3
2022-08-02,Limpopo,0.0,29.3
2022-08-03,Limpopo,0.0,26.7
2022-08-04,Limpopo,0.0,26.8
2022-08-05,Limpopo,0.0,27.1
2022-08-06,Limpopo,0.0,28.7
2022-08-07,Limpopo,0.0,26.0
2022-08-08,Limpopo,0.0,29.9
2022-08-09,Limpopo,0.0,28.9
2022-08-10,Limpopo,0.0,28.5
2022-08-11,Limpopo,0.0,27.0
2022-08-12,Limpopo,0.0,28.6
2022-08-13,Limpopo,0.0,23.0
2022-08-14,Limpopo,0.0,28.0
2022-08-15,Limpopo,0.0,27.5
2022-08-16,Limpopo,0.0,24.4
2022-08-17,Limpopo,0.0,27.7
2022-08-18,Limpopo,0.0,28.0
2022-08-19,Limpopo,0.0,24.2
2022-08-20,Limpopo,0.0,25.2
2022-08-21,Limpopo,0.0,30.0
2022-08-22,Limpopo,0.0,26.6
2022-08-23,Limpopo,0.0,28.3
2022-08-24,Limpopo,0.0,28.4
2022-08-25,Limpopo,0.0,27.3
2022-08-26,Limpopo,0.0,28.1
2022-08-27,Limpopo,0.0,23.4
2022-08-28,Limpopo,0.0,26.1
2022-08-29,Limpopo,0.0,21.8
2022-08-30,Limpopo,0.0,23.7
2022-08-31,Limpopo,0.0,25.4
2022-09-01,Limpopo,0.0,25.2
2022-09-02,Limpopo,0.0,26.2
2022-09-03,Limpopo,0.0,26.0
2022-09-04,Limpopo,0.0,26.2
2022-09-05,Limpopo,0.0,26.1
2022-09-06,Limpopo,0.0,26.3
2022-09-07,Limpopo,0.0,24.3
2022-09-08,Limpopo,0.0,24.5
2022-09-09,Limpopo,0.0,25.5
2022-09-10,Limpopo,0.0,25.4
2022-09-11,Limpopo,0.0,23.8
2022-09-12,Limpopo,0.0,26.9
2022-09-13,Limpopo,0.0,26.3
2022-09-14,Limpopo,0.0,23.8
2022-09-15,Limpopo,0.0,24.7
2022-09-16,Limpopo,0.0,28.0
2022-09-17,Limpopo,0.0,25.1
2022-09-18,Limpopo,0.0,25.4
2022-09-19,Limpopo,0.0,23.8
2022-09-20,Limpopo,0.0,24.1
2022-09-21,Limpopo,0.0,26.7
2022-09-22,Limpopo,0.0,24.6
2022-09-23,Limpopo,0.0,24.2
2022-09-24,Limpopo,0.0,24.2
2022-09-25,Limpopo,0.0,27.9
2022-09-26,Limpopo,0.0,24.1
2022-09-27,Limpopo,0.0,22.7
2022-09-28,Limpopo,0.0,22.8
2022-09-29,Limpopo,0.0,24.9
2022-09-30,Limpopo,0.0,21.5
2022-10-01,Limpopo,0.0,24.2
2022-10-02,Limpopo,0.0,22.3
2022-10-03,Limpopo,0.0,20.5
2022-10-04,Limpopo,0.0,21.7
2022-10-05,Limpopo,0.0,23.1
2022-10-06,Limpopo,0.0,25.1
2022-10-07,Limpopo,0.0,24.3
2022-10-08,Limpopo,0.0,22.4
2022-10-09,Limpopo,0.0,24.2
2022-10-10,Limpopo,0.0,22.1
2022-10-11,Limpopo,0.0,20.3
2022-10-12,Limpopo,0.0,22.4
2022-10-13,Limpopo,0.0,20.0
2022-10-14,Limpopo,0.0,23.4
2022-10-15,Limpopo,0.0,23.3
2022-10-16,Limpopo,0.0,20.7
2022-10-17,Limpopo,0.0,22.1
2022-10-18,Limpopo,0.0,22.0
2022-10-19,Limpopo,0.0,23.0
2022-10-20,Limpopo,0.0,19.7
2022-10-21,Limpopo,0.0,22.4
2022-10-22,Limpopo,0.0,19.4
2022-10-23,Limpopo,0.0,22.4
2022-10-24,Limpopo,0.0,22.7
2022-10-25,Limpopo,0.0,20.0
2022-10-26,Limpopo,0.0,22.8
2022-10-27,Limpopo,0.0,18.5
2022-10-28,Limpopo,0.0,22.4
2022-10-29,Limpopo,0.0,22.8
2022-10-30,Limpopo,0.0,21.1
2022-10-31,Limpopo,0.7,20.1
2022-11-01,Limpopo,0.0,20.8
2022-11-02,Limpopo,2.7,19.3
2022-11-03,Limpopo,0.0,24.1
2022-11-04,Limpopo,0.0,19.2
2022-11-05,Limpopo,0.0,21.9
2022-11-06,Limpopo,0.0,18.7
2022-11-07,Limpopo,0.0,22.2
2022-11-08,Limpopo,0.0,22.7
2022-11-09,Limpopo,0.0,20.1
2022-11-10,Limpopo,0.0,19.9
2022-11-11,Limpopo,0.0,17.9
2022-11-12,Limpopo,0.0,17.7
2022-11-13,Limpopo,0.0,19.6
2022-11-14,Limpopo,1.2,21.3
2022-11-15,Limpopo,0.0,18.2
2022-11-16,Limpopo,1.2,22.2
2022-11-17,Limpopo,0.0,17.9
2022-11-18,Limpopo,0.0,19.1
2022-11-19,Limpopo,0.0,19.0
2022-11-20,Limpopo,0.0,18.4
2022-11-21,Limpopo,2.8,15.4
2022-11-22,Limpopo,0.0,17.5
2022-11-23,Limpopo,0.0,18.6
2022-11-24,Limpopo,0.0,18.1
2022-11-25,Limpopo,0.0,19.1
2022-11-26,Limpopo,0.0,19.2
2022-11-27,Limpopo,0.6,17.7
2022-11-28,Limpopo,0.0,16.5
2022-11-29,Limpopo,0.0,20.2
2022-11-30,Limpopo,0.0,15.8
2022-12-01,Limpopo,5.2,16.8
2022-12-02,Limpopo,0.0,16.4
2022-12-03,Limpopo,0.9,18.7
2022-12-04,Limpopo,0.0,19.5
2022-12-05,Limpopo,0.0,17.2
2022-12-06,Limpopo,0.0,17.7
2022-12-07,Limpopo,0.0,17.9
2022-12-08,Limpopo,0.0,19.9
2022-12-09,Limpopo,3.3,14.5
2022-12-10,Limpopo,0.0,18.2
2022-12-11,Limpopo,0.0,17.6
2022-12-12,Limpopo,0.0,16.4
2022-12-13,Limpopo,0.0,17.4
2022-12-14,Limpopo,0.0,18.0
2022-12-15,Limpopo,12.4,17.7
2022-12-16,Limpopo,0.0,20.0
2022-12-17,Limpopo,0.0,16.9
2022-12-18,Limpopo,0.0,16.7
2022-12-19,Limpopo,0.0,16.4
2022-12-20,Limpopo,0.0,17.4
2022-12-21,Limpopo,2.6,16.5
2022-12-22,Limpopo,0.0,16.5
2022-12-23,Limpopo,0.0,16.5
2022-12-24,Limpopo,0.0,16.2
2022-12-25,Limpopo,0.0,15.5
2022-12-26,Limpopo,0.0,17.0
2022-12-27,Limpopo,0.2,15.9
2022-12-28,Limpopo,0.0,17.2
2022-12-29,Limpopo,8.0,16.4
2022-12-30,Limpopo,9.3,15.6
2022-12-31,Limpopo,0.0,18.5
2023-01-01,Limpopo,7.4,16.0
2023-01-02,Limpopo,0.0,17.1
2023-01-03,Limpopo,1.3,15.1
2023-01-04,Limpopo,0.0,13.1
2023-01-05,Limpopo,0.0,15.2
2023-01-06,Limpopo,8.6,12.9
2023-01-07,Limpopo,0.0,15.7
2023-01-08,Limpopo,0.1,18.2
2023-01-09,Limpopo,0.0,14.7
2023-01-10,Limpopo,0.0,12.9
2023-01-11,Limpopo,0.0,18.3
2023-01-12,Limpopo,0.0,15.3
2023-01-13,Limpopo,7.7,16.0
2023-01-14,Limpopo,3.7,17.2
2023-01-15,Limpopo,3.4,16.8
2023-01-16,Limpopo,0.4,17.1
2023-01-17,Limpopo,1.4,17.4
2023-01-18,Limpopo,3.2,13.4
2023-01-19,Limpopo,3.7,13.9
2023-01-20,Limpopo,0.0,17.8
2023-01-21,Limpopo,7.2,14.9
2023-01-22,Limpopo,4.6,15.0
2023-01-23,Limpopo,0.0,14.2
2023-01-24,Limpopo,2.9,15.5
2023-01-25,Limpopo,2.8,15.6
2023-01-26,Limpopo,6.6,14.7
2023-01-27,Limpopo,0.0,14.5
2023-01-28,Limpopo,22.7,16.6
2023-01-29,Limpopo,0.0,15.0
2023-01-30,Limpopo,0.1,15.3
2023-01-31,Limpopo,7.6,12.9
2023-02-01,Limpopo,5.0,19.2
2023-02-02,Limpopo,0.0,17.7
2023-02-03,Limpopo,0.0,15.6
2023-02-04,Limpopo,0.0,15.0
2023-02-05,Limpopo,12.0,16.4
2023-02-06,Limpopo,0.0,16.4
2023-02-07,Limpopo,0.6,14.6
2023-02-08,Limpopo,0.0,12.7
2023-02-09,Limpopo,0.0,15.8
2023-02-10,Limpopo,1.2,14.2
2023-02-11,Limpopo,1.4,16.9
2023-02-12,Limpopo,0.0,17.0
2023-02-13,Limpopo,0.0,15.3
2023-02-14,Limpopo,0.0,16.0
2023-02-15,Limpopo,4.3,19.5
2023-02-16,Limpopo,0.0,18.1
2023-02-17,Limpopo,3.4,16.3
2023-02-18,Limpopo,0.0,20.4
2023-02-19,Limpopo,0.0,15.3
2023-02-20,Limpopo,0.0,15.9
2023-02-21,Limpopo,3.5,17.0
2023-02-22,Limpopo,0.0,14.9
2023-02-23,Limpopo,0.0,20.0
2023-02-24,Limpopo,2.3,17.6
2023-02-25,Limpopo,0.0,16.2
2023-02-26,Limpopo,0.0,18.2
2023-02-27,Limpopo,0.0,17.8
2023-02-28,Limpopo,0.0,17.2
2023-03-01,Limpopo,0.0,15.9
2023-03-02,Limpopo,0.0,15.6
2023-03-03,Limpopo,2.0,21.1
2023-03-04,Limpopo,0.9,15.9
2023-03-05,Limpopo,0.0,20.6
2023-03-06,Limpopo,0.0,16.8
2023-03-07,Limpopo,0.7,19.4
2023-03-08,Limpopo,4.2,18.9
2023-03-09,Limpopo,0.0,19.3
2023-03-10,Limpopo,6.6,19.5
2023-03-11,Limpopo,0.0,16.1
2023-03-12,Limpopo,0.0,17.6
2023-03-13,Limpopo,0.0,16.6
2023-03-14,Limpopo,0.0,19.0
2023-03-15,Limpopo,0.0,16.9
2023-03-16,Limpopo,0.0,16.0
2023-03-17,Limpopo,0.0,18.7
2023-03-18,Limpopo,0.1,15.8
2023-03-19,Limpopo,0.6,19.6
2023-03-20,Limpopo,4.5,17.4
2023-03-21,Limpopo,0.0,18.1
2023-03-22,Limpopo,0.0,16.1
2023-03-23,Limpopo,4.0,22.0
2023-03-24,Limpopo,0.0,17.5
2023-03-25,Limpopo,0.0,19.2
2023-03-26,Limpopo,0.0,17.2
2023-03-27,Limpopo,0.0,18.7
2023-03-28,Limpopo,0.0,22.7
2023-03-29,Limpopo,0.0,20.6
2023-03-30,Limpopo,0.0,19.2
2023-03-31,Limpopo,0.0,20.3
2023-04-01,Limpopo,0.0,19.6
2023-04-02,Limpopo,5.7,20.4
2023-04-03,Limpopo,0.0,21.8
2023-04-04,Limpopo,0.0,20.2
2023-04-05,Limpopo,0.0,21.2
2023-04-06,Limpopo,0.0,21.3
2023-04-07,Limpopo,4.7,20.6
2023-04-08,Limpopo,0.0,20.0
2023-04-09,Limpopo,0.0,20.5
2023-04-10,Limpopo,0.0,22.4
2023-04-11,Limpopo,5.0,22.6
2023-04-12,Limpopo,0.0,19.9
2023-04-13,Limpopo,0.0,21.3
2023-04-14,Limpopo,0.0,20.6
2023-04-15,Limpopo,0.0,23.1
2023-04-16,Limpopo,0.0,21.3
2023-04-17,Limpopo,0.0,25.4
2023-04-18,Limpopo,0.0,22.5
2023-04-19,Limpopo,0.0,24.1
2023-04-20,Limpopo,0.0,20.9
2023-04-21,Limpopo,0.0,22.5
2023-04-22,Limpopo,0.0,23.5
2023-04-23,Limpopo,0.0,21.1
2023-04-24,Limpopo,1.3,22.8
2023-04-25,Limpopo,0.0,24.5
2023-04-26,Limpopo,0.0,22.5
2023-04-27,Limpopo,0.0,21.8
2023-04-28,Limpopo,0.0,25.9
2023-04-29,Limpopo,0.0,21.5
2023-04-30,Limpopo,0.0,23.6
2023-05-01,Limpopo,0.3,22.4
2023-05-02,Limpopo,0.0,22.2
2023-05-03,Limpopo,2.4,24.8
2023-05-04,Limpopo,0.0,23.5
2023-05-05,Limpopo,0.0,24.5
2023-05-06,Limpopo,0.0,20.6
2023-05-07,Limpopo,0.0,24.9
2023-05-08,Limpopo,0.0,23.1
2023-05-09,Limpopo,0.0,21.5
2023-05-10,Limpopo,0.0,27.2
2023-05-11,Limpopo,0.0,25.4
2023-05-12,Limpopo,0.0,24.9
2023-05-13,Limpopo,0.0,26.5
2023-05-14,Limpopo,0.0,25.1
2023-05-15,Limpopo,3.2,23.7
2023-05-16,Limpopo,0.0,24.7
2023-05-17,Limpopo,0.0,24.0
2023-05-18,Limpopo,0.3,24.4
2023-05-19,Limpopo,0.0,23.3
2023-05-20,Limpopo,0.0,23.8
2023-05-21,Limpopo,0.0,26.7
2023-05-22,Limpopo,0.0,26.0
2023-05-23,Limpopo,0.0,24.8
2023-05-24,Limpopo,0.0,24.1
2023-05-25,Limpopo,0.0,25.1
2023-05-26,Limpopo,0.0,23.3
2023-05-27,Limpopo,0.0,26.1
2023-05-28,Limpopo,0.0,27.4
2023-05-29,Limpopo,0.0,29.6
2023-05-30,Limpopo,0.0,24.4
2023-05-31,Limpopo,0.0,27.5
2023-06-01,Limpopo,0.0,25.2
2023-06-02,Limpopo,0.0,24.6
2023-06-03,Limpopo,0.0,24.7
2023-06-04,Limpopo,0.0,26.7
2023-06-05,Limpopo,0.0,25.1
2023-06-06,Limpopo,0.0,25.7
2023-06-07,Limpopo,0.0,26.0
2023-06-08,Limpopo,0.0,25.6
2023-06-09,Limpopo,0.0,25.6
2023-06-10,Limpopo,0.0,23.2
2023-06-11,Limpopo,0.0,27.0
2023-06-12,Limpopo,0.0,27.1
2023-06-13,Limpopo,0.0,25.8
2023-06-14,Limpopo,0.0,27.6
2023-06-15,Limpopo,0.0,29.2
2023-06-16,Limpopo,0.0,27.2
2023-06-17,Limpopo,0.0,29.2
2023-06-18,Limpopo,0.0,30.6
2023-06-19,Limpopo,0.0,31.1
2023-06-20,Limpopo,0.0,25.6
2023-06-21,Limpopo,0.0,25.7
2023-06-22,Limpopo,0.0,26.8
2023-06-23,Limpopo,0.0,27.7
2023-06-24,Limpopo,0.0,29.9
2023-06-25,Limpopo,0.0,28.5
2023-06-26,Limpopo,0.0,25.8
2023-06-27,Limpopo,0.0,26.7
2023-06-28,Limpopo,0.0,27.6
2023-06-29,Limpopo,0.0,25.5
2023-06-30,Limpopo,0.0,27.8
2023-07-01,Limpopo,0.0,26.0
2023-07-02,Limpopo,0.0,25.3
2023-07-03,Limpopo,0.0,26.4
2023-07-04,Limpopo,0.0,28.5
2023-07-05,Limpopo,0.0,28.5
2023-07-06,Limpopo,0.0,28.0
2023-07-07,Limpopo,0.0,29.4
2023-07-08,Limpopo,0.0,29.3
2023-07-09,Limpopo,0.0,28.3
2023-07-10,Limpopo,0.0,28.1
2023-07-11,Limpopo,0.0,28.2
2023-07-12,Limpopo,0.0,27.8
2023-07-13,Limpopo,0.0,24.7
2023-07-14,Limpopo,0.0,29.7
2023-07-15,Limpopo,0.0,28.6
2023-07-16,Limpopo,0.0,26.2
2023-07-17,Limpopo,0.0,30.1
2023-07-18,Limpopo,0.0,27.1
2023-07-19,Limpopo,0.0,27.8
2023-07-20,Limpopo,0.0,29.5
2023-07-21,Limpopo,0.0,28.3
2023-07-22,Limpopo,0.0,30.0
2023-07-23,Limpopo,0.0,27.4
2023-07-24,Limpopo,0.0,30.5
2023-07-25,Limpopo,0.0,26.8
2023-07-26,Limpopo,0.0,29.9
2023-07-27,Limpopo,0.0,24.5
2023-07-28,Limpopo,0.0,26.2
2023-07-29,Limpopo,0.0,28.3
2023-07-30,Limpopo,0.0,27.2
2023-07-31,Limpopo,0.0,27.7
2023-08-01,Limpopo,0.0,27.9
2023-08-02,Limpopo,0.0,26.0
2023-08-03,Limpopo,0.0,26.1
2023-08-04,Limpopo,0.0,28.0
2023-08-05,Limpopo,0.0,26.7
2023-08-06,Limpopo,0.0,29.6
2023-08-07,Limpopo,0.0,27.3
2023-08-08,Limpopo,0.0,28.6
2023-08-09,Limpopo,0.0,28.2
2023-08-10,Limpopo,0.0,26.6
2023-08-11,Limpopo,0.0,24.5
2023-08-12,Limpopo,0.0,29.2
2023-08-13,Limpopo,0.0,25.9
2023-08-14,Limpopo,0.0,26.7
2023-08-15,Limpopo,0.0,27.0
2023-08-16,Limpopo,0.0,27.1
2023-08-17,Limpopo,0.0,28.6
2023-08-18,Limpopo,0.0,27.1
2023-08-19,Limpopo,0.0,26.8
2023-08-20,Limpopo,0.0,28.5
2023-08-21,Limpopo,0.0,27.8
2023-08-22,Limpopo,0.0,25.8
2023-08-23,Limpopo,0.0,25.1
2023-08-24,Limpopo,0.0,25.5
2023-08-25,Limpopo,0.0,26.6
2023-08-26,Limpopo,0.0,24.7
2023-08-27,Limpopo,0.0,26.7
2023-08-28,Limpopo,0.0,26.3
2023-08-29,Limpopo,0.0,22.6
2023-08-30,Limpopo,0.0,24.2
2023-08-31,Limpopo,0.0,21.9
2023-09-01,Limpopo,0.0,25.7
2023-09-02,Limpopo,0.0,27.7
2023-09-03,Limpopo,0.0,23.2
2023-09-04,Limpopo,0.0,24.0
2023-09-05,Limpopo,0.0,25.6
2023-09-06,Limpopo,0.0,24.2
2023-09-07,Limpopo,0.0,24.1
2023-09-08,Limpopo,0.0,26.4
2023-09-09,Limpopo,0.0,24.8
2023-09-10,Limpopo,0.0,23.2
2023-09-11,Limpopo,0.0,22.2
2023-09-12,Limpopo,0.0,28.6
2023-09-13,Limpopo,0.0,26.9
2023-09-14,Limpopo,0.0,24.4
2023-09-15,Limpopo,0.0,25.2
2023-09-16,Limpopo,0.0,24.2
2023-09-17,Limpopo,0.0,25.6
2023-09-18,Limpopo,0.0,23.5
2023-09-19,Limpopo,0.0,23.9
2023-09-20,Limpopo,0.0,25.3
2023-09-21,Limpopo,0.0,26.7
2023-09-22,Limpopo,0.0,25.5
2023-09-23,Limpopo,0.0,26.1
2023-09-24,Limpopo,0.0,23.7
2023-09-25,Limpopo,0.0,23.2
2023-09-26,Limpopo,0.0,21.1
2023-09-27,Limpopo,0.0,24.0
2023-09-28,Limpopo,0.0,24.4
2023-09-29,Limpopo,0.0,23.3
2023-09-30,Limpopo,0.0,22.4
2023-10-01,Limpopo,0.0,25.4
2023-10-02,Limpopo,0.0,24.4
2023-10-03,Limpopo,0.0,25.3
2023-10-04,Limpopo,0.0,21.8
2023-10-05,Limpopo,0.0,22.0
2023-10-06,Limpopo,0.0,24.8
2023-10-07,Limpopo,0.0,22.8
2023-10-08,Limpopo,0.0,21.9
2023-10-09,Limpopo,0.0,21.9
2023-10-10,Limpopo,0.0,22.6
2023-10-11,Limpopo,0.0,24.0
2023-10-12,Limpopo,0.0,22.1
2023-10-13,Limpopo,0.0,23.5
2023-10-14,Limpopo,0.0,22.9
2023-10-15,Limpopo,0.0,20.8
2023-10-16,Limpopo,0.0,20.7
2023-10-17,Limpopo,0.0,21.2
2023-10-18,Limpopo,0.0,19.8
2023-10-19,Limpopo,0.0,20.9
2023-10-20,Limpopo,0.0,23.8
2023-10-21,Limpopo,0.0,21.4
2023-10-22,Limpopo,0.0,20.2
2023-10-23,Limpopo,0.0,24.1
2023-10-24,Limpopo,0.0,19.8
2023-10-25,Limpopo,0.0,19.6
2023-10-26,Limpopo,0.0,22.8
2023-10-27,Limpopo,0.0,21.8
2023-10-28,Limpopo,0.0,20.5
2023-10-29,Limpopo,0.0,21.9
2023-10-30,Limpopo,0.0,21.0
2023-10-31,Limpopo,0.0,18.7
2023-11-01,Limpopo,0.0,16.7
2023-11-02,Limpopo,0.0,19.4
2023-11-03,Limpopo,0.0,21.8
2023-11-04,Limpopo,0.0,19.4
2023-11-05,Limpopo,0.0,20.6
2023-11-06,Limpopo,0.0,20.1
2023-11-07,Limpopo,0.0,17.2
2023-11-08,Limpopo,0.0,19.1
2023-11-09,Limpopo,0.0,20.1
2023-11-10,Limpopo,0.0,18.3
2023-11-11,Limpopo,0.0,18.8
2023-11-12,Limpopo,0.7,19.9
2023-11-13,Limpopo,0.0,19.3
2023-11-14,Limpopo,0.0,20.7
2023-11-15,Limpopo,0.0,19.6
2023-11-16,Limpopo,0.0,17.5
2023-11-17,Limpopo,0.0,18.1
2023-11-18,Limpopo,0.0,18.8
2023-11-19,Limpopo,0.0,20.7
2023-11-20,Limpopo,0.0,17.9
2023-11-21,Limpopo,0.0,15.9
2023-11-22,Limpopo,0.0,19.1
2023-11-23,Limpopo,0.0,17.2
2023-11-24,Limpopo,0.0,16.3
2023-11-25,Limpopo,0.0,18.2
2023-11-26,Limpopo,0.0,19.5
2023-11-27,Limpopo,0.0,17.2
2023-11-28,Limpopo,7.9,18.7
2023-11-29,Limpopo,0.0,18.9
2023-11-30,Limpopo,0.0,19.0
2023-12-01,Limpopo,0.0,16.6
2023-12-02,Limpopo,0.0,16.0
2023-12-03,Limpopo,0.0,16.1
2023-12-04,Limpopo,0.0,18.7
2023-12-05,Limpopo,1.3,18.4
2023-12-06,Limpopo,0.0,15.9
2023-12-07,Limpopo,0.0,20.5
2023-12-08,Limpopo,0.0,15.6
2023-12-09,Limpopo,0.0,18.7
2023-12-10,Limpopo,0.0,19.4
2023-12-11,Limpopo,0.0,17.2
2023-12-12,Limpopo,0.0,15.8
2023-12-13,Limpopo,0.0,15.8
2023-12-14,Limpopo,0.0,16.5
2023-12-15,Limpopo,0.0,18.5
2023-12-16,Limpopo,8.4,15.0
2023-12-17,Limpopo,3.7,14.0
2023-12-18,Limpopo,0.0,17.2
2023-12-19,Limpopo,0.0,17.5
2023-12-20,Limpopo,0.0,19.5
2023-12-21,Limpopo,0.0,14.5
2023-12-22,Limpopo,0.0,16.3
2023-12-23,Limpopo,0.0,18.2
2023-12-24,Limpopo,0.0,16.6
2023-12-25,Limpopo,8.8,16.1
2023-12-26,Limpopo,0.0,17.5
2023-12-27,Limpopo,0.0,15.4
2023-12-28,Limpopo,0.0,17.6
2023-12-29,Limpopo,3.8,14.4
2023-12-30,Limpopo,0.0,13.9
2023-12-31,Limpopo,2.9,15.8
2024-01-01,Limpopo,6.2,12.3
2024-01-02,Limpopo,0.0,16.3
2024-01-03,Limpopo,0.0,13.5
2024-01-04,Limpopo,0.0,16.5
2024-01-05,Limpopo,0.0,16.4
2024-01-06,Limpopo,0.0,16.0
2024-01-07,Limpopo,1.1,16.7
2024-01-08,Limpopo,0.0,16.3
2024-01-09,Limpopo,3.0,15.6
2024-01-10,Limpopo,0.0,18.8
2024-01-11,Limpopo,13.3,16.6
2024-01-12,Limpopo,0.0,17.2
2024-01-13,Limpopo,6.9,17.6
2024-01-14,Limpopo,0.0,17.0
2024-01-15,Limpopo,0.0,19.1
2024-01-16,Limpopo,0.2,16.2
2024-01-17,Limpopo,0.0,16.0
2024-01-18,Limpopo,0.0,15.0
2024-01-19,Limpopo,0.0,15.6
2024-01-20,Limpopo,0.0,14.9
2024-01-21,Limpopo,1.9,17.0
2024-01-22,Limpopo,3.5,14.7
2024-01-23,Limpopo,0.0,16.2
2024-01-24,Limpopo,15.4,16.9
2024-01-25,Limpopo,1.9,16.3
2024-01-26,Limpopo,4.6,14.8
2024-01-27,Limpopo,0.0,17.2
2024-01-28,Limpopo,0.0,16.0
2024-01-29,Limpopo,0.0,11.9
2024-01-30,Limpopo,0.0,14.7
2024-01-31,Limpopo,0.0,18.3
2024-02-01,Limpopo,13.2,18.5
2024-02-02,Limpopo,0.0,17.1
2024-02-03,Limpopo,0.0,17.5
2024-02-04,Limpopo,0.0,15.2
2024-02-05,Limpopo,0.0,16.0
2024-02-06,Limpopo,0.0,18.3
2024-02-07,Limpopo,0.0,17.1
2024-02-08,Limpopo,0.0,16.6
2024-02-09,Limpopo,0.0,16.3
2024-02-10,Limpopo,0.0,18.4
2024-02-11,Limpopo,0.0,18.3
2024-02-12,Limpopo,0.1,17.7
2024-02-13,Limpopo,0.0,16.8
2024-02-14,Limpopo,3.9,16.2
2024-02-15,Limpopo,0.0,17.9
2024-02-16,Limpopo,0.0,15.2
2024-02-17,Limpopo,0.0,15.6
2024-02-18,Limpopo,8.5,14.8
2024-02-19,Limpopo,0.0,18.9
2024-02-20,Limpopo,0.0,16.0
2024-02-21,Limpopo,0.0,17.8
2024-02-22,Limpopo,0.0,17.1
2024-02-23,Limpopo,0.0,21.6
2024-02-24,Limpopo,0.0,18.0
2024-02-25,Limpopo,0.0,14.6
2024-02-26,Limpopo,5.2,19.3
2024-02-27,Limpopo,7.9,17.0
2024-02-28,Limpopo,10.0,17.3
2024-02-29,Limpopo,0.0,16.7
2024-03-01,Limpopo,0.0,18.1
2024-03-02,Limpopo,0.0,18.1
2024-03-03,Limpopo,0.0,17.0
2024-03-04,Limpopo,0.0,17.2
2024-03-05,Limpopo,0.0,18.2
2024-03-06,Limpopo,8.8,14.7
2024-03-07,Limpopo,4.5,16.1
2024-03-08,Limpopo,0.0,20.8
2024-03-09,Limpopo,7.5,18.9
2024-03-10,Limpopo,0.0,17.7
2024-03-11,Limpopo,0.0,16.0
2024-03-12,Limpopo,0.0,18.6
2024-03-13,Limpopo,4.9,20.2
2024-03-14,Limpopo,3.3,22.8
2024-03-15,Limpopo,0.0,21.8
2024-03-16,Limpopo,0.0,17.7
2024-03-17,Limpopo,0.0,18.4
2024-03-18,Limpopo,0.0,17.0
2024-03-19,Limpopo,0.0,18.0
2024-03-20,Limpopo,0.0,19.1
2024-03-21,Limpopo,4.3,18.9
2024-03-22,Limpopo,3.1,22.6
2024-03-23,Limpopo,4.7,17.7
2024-03-24,Limpopo,0.0,19.7
2024-03-25,Limpopo,4.3,16.8
2024-03-26,Limpopo,0.0,20.4
2024-03-27,Limpopo,0.1,18.0
2024-03-28,Limpopo,2.6,21.8
2024-03-29,Limpopo,0.0,19.8
2024-03-30,Limpopo,0.0,18.2
2024-03-31,Limpopo,0.0,17.3
2024-04-01,Limpopo,0.4,19.1
2024-04-02,Limpopo,0.0,21.0
2024-04-03,Limpopo,0.0,21.4
2024-04-04,Limpopo,0.0,20.1
2024-04-05,Limpopo,0.0,22.3
2024-04-06,Limpopo,0.0,19.3
2024-04-07,Limpopo,0.0,16.8
2024-04-08,Limpopo,0.0,21.7
2024-04-09,Limpopo,0.0,23.3
2024-04-10,Limpopo,0.0,23.4
2024-04-11,Limpopo,0.0,19.6
2024-04-12,Limpopo,0.0,20.8
2024-04-13,Limpopo,0.0,22.9
2024-04-14,Limpopo,3.0,20.9
2024-04-15,Limpopo,0.0,22.1
2024-04-16,Limpopo,0.0,21.0
2024-04-17,Limpopo,0.0,20.5
2024-04-18,Limpopo,0.0,20.9
2024-04-19,Limpopo,1.5,23.8
2024-04-20,Limpopo,0.0,22.5
2024-04-21,Limpopo,0.0,24.5
2024-04-22,Limpopo,0.0,23.5
2024-04-23,Limpopo,0.0,25.2
2024-04-24,Limpopo,0.0,24.1
2024-04-25,Limpopo,0.0,24.1
2024-04-26,Limpopo,0.0,22.9
2024-04-27,Limpopo,0.0,27.7
2024-04-28,Limpopo,0.0,23.5
2024-04-29,Limpopo,0.0,20.4
2024-04-30,Limpopo,0.0,23.9
2024-05-01,Limpopo,0.0,22.1
2024-05-02,Limpopo,0.0,25.2
2024-05-03,Limpopo,0.0,24.9
2024-05-04,Limpopo,0.0,23.6
2024-05-05,Limpopo,0.0,22.7
2024-05-06,Limpopo,0.0,24.3
2024-05-07,Limpopo,0.0,23.2
2024-05-08,Limpopo,0.0,25.5
2024-05-09,Limpopo,0.0,25.2
2024-05-10,Limpopo,0.0,28.9
2024-05-11,Limpopo,0.0,23.9
2024-05-12,Limpopo,0.0,24.2
2024-05-13,Limpopo,0.0,24.5
2024-05-14,Limpopo,0.0,24.7
2024-05-15,Limpopo,0.0,26.5
2024-05-16,Limpopo,0.0,24.6
2024-05-17,Limpopo,0.0,28.1
2024-05-18,Limpopo,0.0,26.1
2024-05-19,Limpopo,0.0,24.6
2024-05-20,Limpopo,0.0,24.3
2024-05-21,Limpopo,0.0,27.0
2024-05-22,Limpopo,0.0,25.6
2024-05-23,Limpopo,0.0,25.6
2024-05-24,Limpopo,0.0,24.8
2024-05-25,Limpopo,0.0,25.7
2024-05-26,Limpopo,0.0,24.9
2024-05-27,Limpopo,0.0,28.0
2024-05-28,Limpopo,0.0,27.1
2024-05-29,Limpopo,0.0,25.8
2024-05-30,Limpopo,0.0,25.9
2024-05-31,Limpopo,0.0,26.4
2024-06-01,Limpopo,0.0,26.3
2024-06-02,Limpopo,0.0,25.0
2024-06-03,Limpopo,0.0,23.6
2024-06-04,Limpopo,0.0,25.3
2024-06-05,Limpopo,0.0,26.4
2024-06-06,Limpopo,0.0,25.6
2024-06-07,Limpopo,0.0,28.0
2024-06-08,Limpopo,0.0,26.4
2024-06-09,Limpopo,0.0,29.7
2024-06-10,Limpopo,0.0,26.1
2024-06-11,Limpopo,0.0,27.2
2024-06-12,Limpopo,0.0,26.6
2024-06-13,Limpopo,0.0,27.7
2024-06-14,Limpopo,0.0,28.7
2024-06-15,Limpopo,0.0,28.1
2024-06-16,Limpopo,0.0,24.2
2024-06-17,Limpopo,0.0,28.0
2024-06-18,Limpopo,0.0,25.8
2024-06-19,Limpopo,0.0,26.9
2024-06-20,Limpopo,0.0,28.5
2024-06-21,Limpopo,0.0,25.8
2024-06-22,Limpopo,0.0,29.2
2024-06-23,Limpopo,0.0,27.0
2024-06-24,Limpopo,0.0,30.9
2024-06-25,Limpopo,0.0,27.7
2024-06-26,Limpopo,0.0,30.2
2024-06-27,Limpopo,0.0,29.5
2024-06-28,Limpopo,0.0,26.8
2024-06-29,Limpopo,0.0,25.8
2024-06-30,Limpopo,0.0,28.0
2024-07-01,Limpopo,0.0,26.9
2024-07-02,Limpopo,0.0,30.2
2024-07-03,Limpopo,0.0,27.5
2024-07-04,Limpopo,0.0,27.4
2024-07-05,Limpopo,0.0,25.8
2024-07-06,Limpopo,0.0,28.5
2024-07-07,Limpopo,0.0,26.2
2024-07-08,Limpopo,0.0,28.6
2024-07-09,Limpopo,0.0,28.8
2024-07-10,Limpopo,0.0,26.8
2024-07-11,Limpopo,0.0,29.4
2024-07-12,Limpopo,0.0,27.6
2024-07-13,Limpopo,0.0,25.8
2024-07-14,Limpopo,0.0,30.3
2024-07-15,Limpopo,0.0,26.6
2024-07-16,Limpopo,0.0,28.8
2024-07-17,Limpopo,0.0,28.6
2024-07-18,Limpopo,0.0,28.6
2024-07-19,Limpopo,0.0,28.5
2024-07-20,Limpopo,0.0,26.5
2024-07-21,Limpopo,0.0,30.5
2024-07-22,Limpopo,0.0,29.4
2024-07-23,Limpopo,0.0,28.7
2024-07-24,Limpopo,0.0,25.9
2024-07-25,Limpopo,0.0,26.5
2024-07-26,Limpopo,0.0,28.9
2024-07-27,Limpopo,0.0,24.9
2024-07-28,Limpopo,0.0,28.4
2024-07-29,Limpopo,0.0,25.8
2024-07-30,Limpopo,0.0,26.5
2024-07-31,Limpopo,0.0,25.7
2024-08-01,Limpopo,0.0,28.1
2024-08-02,Limpopo,0.0,29.4
2024-08-03,Limpopo,0.0,28.2
2024-08-04,Limpopo,0.0,28.4
2024-08-05,Limpopo,0.0,27.9
2024-08-06,Limpopo,0.0,28.6
2024-08-07,Limpopo,0.0,28.3
2024-08-08,Limpopo,0.0,23.4
2024-08-09,Limpopo,0.0,28.8
2024-08-10,Limpopo,0.0,28.6
2024-08-11,Limpopo,0.0,26.8
2024-08-12,Limpopo,0.0,24.4
2024-08-13,Limpopo,0.0,27.7
2024-08-14,Limpopo,0.0,27.7
2024-08-15,Limpopo,0.0,26.5
2024-08-16,Limpopo,0.0,27.4
2024-08-17,Limpopo,0.0,28.7
2024-08-18,Limpopo,0.0,30.6
2024-08-19,Limpopo,0.0,27.2
2024-08-20,Limpopo,0.0,27.4
2024-08-21,Limpopo,0.0,25.6
2024-08-22,Limpopo,0.0,26.0
2024-08-23,Limpopo,0.0,26.5
2024-08-24,Limpopo,0.0,28.4
2024-08-25,Limpopo,0.0,27.8
2024-08-26,Limpopo,0.0,29.4
2024-08-27,Limpopo,0.0,24.2
2024-08-28,Limpopo,0.0,24.4
2024-08-29,Limpopo,0.0,28.0
2024-08-30,Limpopo,0.0,28.4
2024-08-31,Limpopo,0.0,26.2
2024-09-01,Limpopo,0.0,19.4
2024-09-02,Limpopo,0.0,24.9
2024-09-03,Limpopo,0.0,26.5
2024-09-04,Limpopo,0.0,24.5
2024-09-05,Limpopo,0.0,26.1
2024-09-06,Limpopo,0.0,28.6
2024-09-07,Limpopo,0.0,27.8
2024-09-08,Limpopo,0.0,26.8
2024-09-09,Limpopo,0.0,25.4
2024-09-10,Limpopo,0.0,24.6
2024-09-11,Limpopo,0.0,26.4
2024-09-12,Limpopo,0.0,25.2
2024-09-13,Limpopo,0.0,25.2
2024-09-14,Limpopo,0.0,22.7
2024-09-15,Limpopo,0.0,23.9
2024-09-16,Limpopo,0.0,26.0
2024-09-17,Limpopo,0.0,23.1
2024-09-18,Limpopo,0.0,25.1
2024-09-19,Limpopo,0.0,25.2
2024-09-20,Limpopo,0.0,25.2
2024-09-21,Limpopo,0.0,25.2
2024-09-22,Limpopo,0.0,25.2
2024-09-23,Limpopo,0.0,23.3
2024-09-24,Limpopo,0.0,21.9
2024-09-25,Limpopo,0.0,22.7
2024-09-26,Limpopo,0.0,25.0
2024-09-27,Limpopo,0.0,22.0
2024-09-28,Limpopo,0.0,22.1
2024-09-29,Limpopo,0.0,22.0
2024-09-30,Limpopo,0.0,20.7
2024-10-01,Limpopo,0.0,21.7
2024-10-02,Limpopo,0.0,24.8
2024-10-03,Limpopo,0.0,22.1
2024-10-04,Limpopo,0.0,20.5
2024-10-05,Limpopo,0.0,22.2
2024-10-06,Limpopo,0.0,23.7
2024-10-07,Limpopo,0.0,20.1
2024-10-08,Limpopo,0.0,24.1
2024-10-09,Limpopo,0.0,20.4
2024-10-10,Limpopo,0.0,21.9
2024-10-11,Limpopo,0.0,21.8
2024-10-12,Limpopo,0.0,21.4
2024-10-13,Limpopo,0.0,22.1
2024-10-14,Limpopo,0.0,23.2
2024-10-15,Limpopo,0.0,21.9
2024-10-16,Limpopo,0.0,21.0
2024-10-17,Limpopo,0.0,22.5
2024-10-18,Limpopo,0.0,22.0
2024-10-19,Limpopo,0.0,20.6
2024-10-20,Limpopo,0.0,21.5
2024-10-21,Limpopo,0.0,20.2
2024-10-22,Limpopo,0.0,20.0
2024-10-23,Limpopo,0.0,22.4
2024-10-24,Limpopo,0.0,21.7
2024-10-25,Limpopo,0.0,22.1
2024-10-26,Limpopo,0.0,21.8
2024-10-27,Limpopo,0.0,19.4
2024-10-28,Limpopo,0.0,22.1
2024-10-29,Limpopo,0.0,20.1
2024-10-30,Limpopo,0.0,21.8
2024-10-31,Limpopo,0.0,20.2
2024-11-01,Limpopo,0.0,20.7
2024-11-02,Limpopo,0.0,20.7
2024-11-03,Limpopo,0.0,21.3
2024-11-04,Limpopo,0.0,17.5
2024-11-05,Limpopo,0.0,17.5
2024-11-06,Limpopo,0.0,20.8
2024-11-07,Limpopo,0.0,20.2
2024-11-08,Limpopo,0.0,18.4
2024-11-09,Limpopo,0.0,20.0
2024-11-10,Limpopo,0.0,17.3
2024-11-11,Limpopo,0.0,24.2
2024-11-12,Limpopo,0.0,21.2
2024-11-13,Limpopo,0.0,20.0
2024-11-14,Limpopo,0.5,19.1
2024-11-15,Limpopo,0.0,18.0
2024-11-16,Limpopo,0.0,16.9
2024-11-17,Limpopo,0.0,18.6
2024-11-18,Limpopo,0.0,17.4
2024-11-19,Limpopo,0.0,17.4
2024-11-20,Limpopo,0.0,16.4
2024-11-21,Limpopo,0.0,18.8
2024-11-22,Limpopo,0.0,17.8
2024-11-23,Limpopo,0.0,19.1
2024-11-24,Limpopo,0.0,18.9
2024-11-25,Limpopo,0.0,18.4
2024-11-26,Limpopo,0.0,22.0
2024-11-27,Limpopo,0.0,19.2
2024-11-28,Limpopo,0.0,16.0
2024-11-29,Limpopo,0.0,18.5
2024-11-30,Limpopo,0.0,17.6
2024-12-01,Limpopo,0.0,15.6
2024-12-02,Limpopo,0.0,15.4
2024-12-03,Limpopo,0.0,18.2
2024-12-04,Limpopo,0.0,18.5
2024-12-05,Limpopo,0.0,15.8
2024-12-06,Limpopo,0.0,18.8
2024-12-07,Limpopo,0.0,17.7
2024-12-08,Limpopo,0.0,19.0
2024-12-09,Limpopo,0.0,18.8
2024-12-10,Limpopo,0.0,16.8
2024-12-11,Limpopo,5.5,19.5
2024-12-12,Limpopo,3.4,15.3
2024-12-13,Limpopo,0.0,20.5
2024-12-14,Limpopo,0.0,15.5
2024-12-15,Limpopo,0.0,16.7
2024-12-16,Limpopo,0.0,15.9
2024-12-17,Limpopo,0.0,16.1
2024-12-18,Limpopo,0.3,21.0
2024-12-19,Limpopo,0.0,15.9
2024-12-20,Limpopo,0.0,17.8
2024-12-21,Limpopo,0.5,16.2
2024-12-22,Limpopo,0.0,17.9
2024-12-23,Limpopo,0.0,15.6
2024-12-24,Limpopo,0.0,16.8
2024-12-25,Limpopo,0.0,17.3
2024-12-26,Limpopo,0.0,15.2
2024-12-27,Limpopo,0.0,20.4
2024-12-28,Limpopo,0.0,17.3
2024-12-29,Limpopo,0.0,15.9
2024-12-30,Limpopo,0.0,15.2
2024-12-31,Limpopo,0.0,16.3
2025-01-01,Limpopo,0.0,14.3
2025-01-02,Limpopo,0.0,18.8
2025-01-03,Limpopo,0.0,16.8
2025-01-04,Limpopo,0.0,16.0
2025-01-05,Limpopo,0.0,17.7
2025-01-06,Limpopo,0.0,15.0
2025-01-07,Limpopo,0.0,14.3
2025-01-08,Limpopo,0.0,15.8
2025-01-09,Limpopo,0.0,16.2
2025-01-10,Limpopo,3.2,16.8
2025-01-11,Limpopo,12.3,13.8
2025-01-12,Limpopo,0.0,15.3
2025-01-13,Limpopo,1.2,11.4
2025-01-14,Limpopo,0.0,14.2
2025-01-15,Limpopo,0.0,17.1
2025-01-16,Limpopo,0.0,17.4
2025-01-17,Limpopo,0.0,14.3
2025-01-18,Limpopo,0.0,15.5
2025-01-19,Limpopo,0.0,16.1
2025-01-20,Limpopo,0.0,17.6
2025-01-21,Limpopo,0.0,18.3
2025-01-22,Limpopo,0.0,16.3
2025-01-23,Limpopo,1.9,15.7
2025-01-24,Limpopo,5.4,13.9
2025-01-25,Limpopo,6.8,16.3
2025-01-26,Limpopo,0.0,19.2
2025-01-27,Limpopo,0.0,18.1
2025-01-28,Limpopo,0.0,16.4
2025-01-29,Limpopo,0.0,16.6
2025-01-30,Limpopo,0.0,15.2
2025-01-31,Limpopo,1.2,15.7
2025-02-01,Limpopo,0.0,16.5
2025-02-02,Limpopo,3.2,16.5
2025-02-03,Limpopo,0.0,17.8
2025-02-04,Limpopo,7.9,17.8
2025-02-05,Limpopo,0.0,17.2
2025-02-06,Limpopo,0.0,14.9
2025-02-07,Limpopo,0.0,15.0
2025-02-08,Limpopo,0.0,15.2
2025-02-09,Limpopo,0.0,16.9
2025-02-10,Limpopo,13.9,13.6
2025-02-11,Limpopo,0.0,16.6
2025-02-12,Limpopo,0.0,18.8
2025-02-13,Limpopo,3.9,17.7
2025-02-14,Limpopo,0.0,16.3
2025-02-15,Limpopo,3.9,15.8
2025-02-16,Limpopo,0.0,18.1
2025-02-17,Limpopo,0.0,17.4
2025-02-18,Limpopo,0.0,16.6
2025-02-19,Limpopo,0.0,16.2
2025-02-20,Limpopo,0.0,17.2
2025-02-21,Limpopo,3.7,16.7
2025-02-22,Limpopo,0.0,18.4
2025-02-23,Limpopo,9.0,19.2
2025-02-24,Limpopo,0.0,15.3
2025-02-25,Limpopo,2.0,15.6
2025-02-26,Limpopo,0.0,19.5
2025-02-27,Limpopo,0.0,17.8
2025-02-28,Limpopo,0.0,15.9
2025-03-01,Limpopo,0.0,19.2
2025-03-02,Limpopo,0.0,18.3
2025-03-03,Limpopo,0.0,21.2
2025-03-04,Limpopo,0.0,17.6
2025-03-05,Limpopo,0.0,19.7
2025-03-06,Limpopo,0.0,15.9
2025-03-07,Limpopo,0.9,20.3
2025-03-08,Limpopo,0.0,19.7
2025-03-09,Limpopo,1.1,20.7
2025-03-10,Limpopo,0.0,20.1
2025-03-11,Limpopo,0.0,18.3
2025-03-12,Limpopo,0.0,16.8
2025-03-13,Limpopo,0.0,17.8
2025-03-14,Limpopo,0.0,16.1
2025-03-15,Limpopo,1.0,17.5
2025-03-16,Limpopo,0.0,19.6
2025-03-17,Limpopo,0.0,18.9
2025-03-18,Limpopo,0.0,18.8
2025-03-19,Limpopo,0.0,18.0
2025-03-20,Limpopo,0.0,16.6
2025-03-21,Limpopo,0.0,19.7
2025-03-22,Limpopo,0.0,20.0
2025-03-23,Limpopo,0.0,18.1
2025-03-24,Limpopo,2.6,18.9
2025-03-25,Limpopo,0.4,22.1
2025-03-26,Limpopo,0.0,21.6
2025-03-27,Limpopo,10.8,17.7
2025-03-28,Limpopo,0.0,19.9
2025-03-29,Limpopo,0.0,22.3
2025-03-30,Limpopo,0.0,19.9
2025-03-31,Limpopo,0.0,19.9
2025-04-01,Limpopo,0.0,22.1
2025-04-02,Limpopo,0.0,22.0
2025-04-03,Limpopo,0.0,22.0
2025-04-04,Limpopo,0.0,20.4
2025-04-05,Limpopo,0.0,21.8
2025-04-06,Limpopo,0.0,23.2
2025-04-07,Limpopo,0.0,21.0
2025-04-08,Limpopo,0.0,20.5
2025-04-09,Limpopo,0.0,23.1
2025-04-10,Limpopo,0.0,24.4
2025-04-11,Limpopo,0.0,24.6
2025-04-12,Limpopo,0.0,21.0
2025-04-13,Limpopo,0.0,21.3
2025-04-14,Limpopo,0.0,20.2
2025-04-15,Limpopo,0.0,22.0
2025-04-16,Limpopo,0.0,20.4
2025-04-17,Limpopo,0.0,21.3
2025-04-18,Limpopo,0.0,23.2
2025-04-19,Limpopo,0.0,22.9
2025-04-20,Limpopo,0.0,19.7
2025-04-21,Limpopo,0.0,24.8
2025-04-22,Limpopo,0.0,21.0
2025-04-23,Limpopo,0.0,21.3
2025-04-24,Limpopo,0.0,20.9
2025-04-25,Limpopo,0.0,21.9
2025-04-26,Limpopo,0.0,21.7
2025-04-27,Limpopo,0.0,21.8
2025-04-28,Limpopo,0.0,19.5
2025-04-29,Limpopo,0.0,23.5
2025-04-30,Limpopo,0.0,23.8
2025-05-01,Limpopo,0.0,26.9
2025-05-02,Limpopo,0.0,24.3
2025-05-03,Limpopo,0.0,23.0
2025-05-04,Limpopo,0.0,22.0
2025-05-05,Limpopo,0.0,23.8
2025-05-06,Limpopo,0.0,24.7
2025-05-07,Limpopo,0.0,23.3
2025-05-08,Limpopo,0.0,24.3
2025-05-09,Limpopo,0.0,27.1
2025-05-10,Limpopo,0.0,23.8
2025-05-11,Limpopo,0.0,21.6
2025-05-12,Limpopo,0.0,25.9
2025-05-13,Limpopo,0.0,25.1
2025-05-14,Limpopo,0.0,22.2
2025-05-15,Limpopo,0.0,25.5
2025-05-16,Limpopo,0.0,23.4
2025-05-17,Limpopo,0.0,25.7
2025-05-18,Limpopo,0.0,28.0
2025-05-19,Limpopo,0.0,24.9
2025-05-20,Limpopo,0.0,26.9
2025-05-21,Limpopo,0.0,23.5
2025-05-22,Limpopo,0.0,23.2
2025-05-23,Limpopo,0.0,28.6
2025-05-24,Limpopo,0.0,26.1
2025-05-25,Limpopo,0.0,26.7
2025-05-26,Limpopo,0.0,27.5
2025-05-27,Limpopo,0.0,25.1
2025-05-28,Limpopo,0.0,27.2
2025-05-29,Limpopo,0.0,27.0
2025-05-30,Limpopo,0.0,24.2
2025-05-31,Limpopo,0.0,28.4
2025-06-01,Limpopo,0.0,28.2
2025-06-02,Limpopo,0.0,24.4
2025-06-03,Limpopo,0.0,26.7
2025-06-04,Limpopo,0.0,26.1
2025-06-05,Limpopo,0.0,28.7
2025-06-06,Limpopo,0.0,24.5
2025-06-07,Limpopo,0.0,32.1
2025-06-08,Limpopo,0.0,26.5
2025-06-09,Limpopo,0.0,27.9
2025-06-10,Limpopo,0.0,28.9
2025-06-11,Limpopo,0.0,26.6
2025-06-12,Limpopo,0.0,26.8
2025-06-13,Limpopo,0.0,26.3
2025-06-14,Limpopo,0.0,25.8
2025-06-15,Limpopo,0.0,27.5
2025-06-16,Limpopo,0.0,27.0
2025-06-17,Limpopo,0.0,26.5
2025-06-18,Limpopo,0.0,26.6
2025-06-19,Limpopo,0.0,28.2
2025-06-20,Limpopo,0.0,26.2
2025-06-21,Limpopo,0.0,27.1
2025-06-22,Limpopo,0.0,28.8
2025-06-23,Limpopo,0.0,27.9
2025-06-24,Limpopo,0.0,26.0
2025-06-25,Limpopo,0.0,27.6
2025-06-26,Limpopo,0.0,28.3
2025-06-27,Limpopo,0.0,29.1
2025-06-28,Limpopo,0.0,26.6
2025-06-29,Limpopo,0.0,26.9
2025-06-30,Limpopo,0.0,26.7
2025-07-01,Limpopo,0.0,26.8
2025-07-02,Limpopo,0.0,28.4
2025-07-03,Limpopo,0.0,28.7
2025-07-04,Limpopo,0.0,29.4
2025-07-05,Limpopo,0.0,27.7
2025-07-06,Limpopo,0.0,25.8
2025-07-07,Limpopo,0.0,28.9
2025-07-08,Limpopo,0.0,28.2
2025-07-09,Limpopo,0.0,28.0
2025-07-10,Limpopo,0.0,26.0
2025-07-11,Limpopo,0.0,27.7
2025-07-12,Limpopo,0.0,26.2
2025-07-13,Limpopo,0.0,28.7
2025-07-14,Limpopo,0.0,27.3
2025-07-15,Limpopo,0.0,27.2
2025-07-16,Limpopo,0.0,25.7
2025-07-17,Limpopo,0.0,29.5
2025-07-18,Limpopo,0.0,27.6
2025-07-19,Limpopo,0.0,28.1
2025-07-20,Limpopo,0.0,26.9
2025-07-21,Limpopo,0.0,25.5
2025-07-22,Limpopo,0.0,27.2
2025-07-23,Limpopo,0.0,27.4
2025-07-24,Limpopo,0.0,28.4
2025-07-25,Limpopo,0.0,27.4
2025-07-26,Limpopo,0.0,26.8
2025-07-27,Limpopo,0.0,25.6
2025-07-28,Limpopo,0.0,28.0
2025-07-29,Limpopo,0.0,26.7
2025-07-30,Limpopo,0.0,29.8
2025-07-31,Limpopo,0.0,28.0
2025-08-01,Limpopo,0.0,28.6
2025-08-02,Limpopo,0.0,27.4
2025-08-03,Limpopo,0.0,28.0
2025-08-04,Limpopo,0.0,26.4
2025-08-05,Limpopo,0.0,25.9
2025-08-06,Limpopo,0.0,27.7
2025-08-07,Limpopo,0.0,28.4
2025-08-08,Limpopo,0.0,24.6
2025-08-09,Limpopo,0.0,26.8
2025-08-10,Limpopo,0.0,30.2
2025-08-11,Limpopo,0.0,28.2
2025-08-12,Limpopo,0.0,29.7
2025-08-13,Limpopo,0.0,26.4
2025-08-14,Limpopo,0.0,26.6
2025-08-15,Limpopo,0.0,28.7
2025-08-16,Limpopo,0.0,28.1
2025-08-17,Limpopo,0.0,27.0
2025-08-18,Limpopo,0.0,25.2
2025-08-19,Limpopo,0.0,28.8
2025-08-20,Limpopo,0.0,30.7
2025-08-21,Limpopo,0.0,24.6
2025-08-22,Limpopo,0.0,29.0
2025-08-23,Limpopo,0.0,26.1
2025-08-24,Limpopo,0.0,26.2
2025-08-25,Limpopo,0.0,27.1
2025-08-26,Limpopo,0.0,24.8
2025-08-27,Limpopo,0.0,26.5
2025-08-28,Limpopo,0.0,24.0
2025-08-29,Limpopo,0.0,27.1
2025-08-30,Limpopo,0.0,29.7
2025-08-31,Limpopo,0.0,25.3
2025-09-01,Limpopo,0.0,25.9
2025-09-02,Limpopo,0.0,25.9
2025-09-03,Limpopo,0.0,27.5
2025-09-04,Limpopo,0.0,26.6
2025-09-05,Limpopo,0.0,27.3
2025-09-06,Limpopo,0.0,25.0
2025-09-07,Limpopo,0.0,26.4
2025-09-08,Limpopo,0.0,20.6
2025-09-09,Limpopo,0.0,26.5
2025-09-10,Limpopo,0.0,23.6
2025-09-11,Limpopo,0.0,24.9
2025-09-12,Limpopo,0.0,26.4
2025-09-13,Limpopo,0.0,22.9
2025-09-14,Limpopo,0.0,26.8
2025-09-15,Limpopo,0.0,24.8
2025-09-16,Limpopo,0.0,27.1
2025-09-17,Limpopo,0.0,23.5
2025-09-18,Limpopo,0.0,22.0
2025-09-19,Limpopo,0.0,24.6
2025-09-20,Limpopo,0.0,25.5
2025-09-21,Limpopo,0.0,25.5
2025-09-22,Limpopo,0.0,22.7
2025-09-23,Limpopo,0.0,21.9
2025-09-24,Limpopo,0.0,23.7
2025-09-25,Limpopo,0.0,24.9
2025-09-26,Limpopo,0.0,24.7
2025-09-27,Limpopo,0.0,26.3
2025-09-28,Limpopo,0.0,23.2
2025-09-29,Limpopo,0.0,20.9
2025-09-30,Limpopo,0.0,25.4
2025-10-01,Limpopo,0.0,23.8
2025-10-02,Limpopo,0.0,23.8
2025-10-03,Limpopo,0.0,24.5
2025-10-04,Limpopo,0.0,25.1
2025-10-05,Limpopo,0.0,23.1
2025-10-06,Limpopo,0.0,24.8
2025-10-07,Limpopo,0.0,23.7
2025-10-08,Limpopo,0.0,21.8
2025-10-09,Limpopo,0.0,22.3
2025-10-10,Limpopo,0.0,23.5
2025-10-11,Limpopo,0.0,21.4
2025-10-12,Limpopo,0.0,23.7
2025-10-13,Limpopo,0.0,22.5
2025-10-14,Limpopo,0.0,22.8
2025-10-15,Limpopo,0.0,24.2
2025-10-16,Limpopo,0.0,22.5
2025-10-17,Limpopo,0.0,22.0
2025-10-18,Limpopo,0.0,21.6
2025-10-19,Limpopo,0.0,21.5
2025-10-20,Limpopo,0.0,22.0
2025-10-21,Limpopo,0.0,23.5
2025-10-22,Limpopo,0.0,20.4
2025-10-23,Limpopo,0.0,20.2
2025-10-24,Limpopo,0.0,23.1
2025-10-25,Limpopo,0.0,20.2
2025-10-26,Limpopo,0.0,21.3
2025-10-27,Limpopo,0.0,20.0
2025-10-28,Limpopo,0.0,18.2
2025-10-29,Limpopo,0.0,20.9
2025-10-30,Limpopo,0.0,22.2
2025-10-31,Limpopo,1.8,20.3
2025-11-01,Limpopo,0.0,18.1
2025-11-02,Limpopo,0.0,20.4
2025-11-03,Limpopo,0.0,19.0
2025-11-04,Limpopo,0.0,16.1
2025-11-05,Limpopo,0.0,19.8
2025-11-06,Limpopo,0.0,20.6
2025-11-07,Limpopo,0.0,21.5
2025-11-08,Limpopo,0.0,22.3
2025-11-09,Limpopo,0.0,20.5
2025-11-10,Limpopo,0.0,20.9
2025-11-11,Limpopo,0.0,17.5
2025-11-12,Limpopo,0.0,21.7
2025-11-13,Limpopo,0.0,21.1
2025-11-14,Limpopo,0.0,18.6
2025-11-15,Limpopo,0.0,20.0
2025-11-16,Limpopo,2.0,19.8
2025-11-17,Limpopo,0.0,21.0
2025-11-18,Limpopo,0.0,18.5
2025-11-19,Limpopo,5.5,17.5
2025-11-20,Limpopo,0.0,17.8
2025-11-21,Limpopo,0.0,19.8
2025-11-22,Limpopo,0.0,15.5
2025-11-23,Limpopo,0.0,13.8
2025-11-24,Limpopo,0.0,19.6
2025-11-25,Limpopo,0.0,18.6
2025-11-26,Limpopo,0.0,18.1
2025-11-27,Limpopo,0.0,16.1
2025-11-28,Limpopo,0.0,15.4
2025-11-29,Limpopo,0.0,16.9
2025-11-30,Limpopo,0.0,18.3
2025-12-01,Limpopo,0.0,16.8
2025-12-02,Limpopo,0.0,19.0
2025-12-03,Limpopo,0.0,16.1
2025-12-04,Limpopo,0.0,16.7
2025-12-05,Limpopo,0.0,18.5
2025-12-06,Limpopo,0.0,16.8
2025-12-07,Limpopo,2.7,16.8
2025-12-08,Limpopo,0.0,16.3
2025-12-09,Limpopo,0.9,15.9
2025-12-10,Limpopo,0.0,17.6
2025-12-11,Limpopo,0.0,17.8
2025-12-12,Limpopo,0.0,17.3
2025-12-13,Limpopo,3.5,16.0
2025-12-14,Limpopo,0.0,16.6
2025-12-15,Limpopo,0.0,19.2
2025-12-16,Limpopo,9.6,14.7
2025-12-17,Limpopo,2.0,19.6
2025-12-18,Limpopo,0.0,16.8
2025-12-19,Limpopo,0.0,16.4
2025-12-20,Limpopo,2.7,18.0
2025-12-21,Limpopo,0.0,13.4
2025-12-22,Limpopo,2.0,18.6
2025-12-23,Limpopo,0.0,19.3
2025-12-24,Limpopo,0.0,18.1
2025-12-25,Limpopo,0.0,13.2
2025-12-26,Limpopo,0.0,17.5
2025-12-27,Limpopo,0.0,18.8
2025-12-28,Limpopo,2.2,18.6
2025-12-29,Limpopo,0.0,14.1
2025-12-30,Limpopo,0.0,17.8
